-- phpMyAdmin SQL Dump
-- version 5.1.0
-- https://www.phpmyadmin.net/
--
-- Host: 127.0.0.1
-- Czas generowania: 27 Maj 2021, 12:41
-- Wersja serwera: 10.4.18-MariaDB
-- Wersja PHP: 8.0.3

SET SQL_MODE = "NO_AUTO_VALUE_ON_ZERO";
START TRANSACTION;
SET time_zone = "+00:00";


/*!40101 SET @OLD_CHARACTER_SET_CLIENT=@@CHARACTER_SET_CLIENT */;
/*!40101 SET @OLD_CHARACTER_SET_RESULTS=@@CHARACTER_SET_RESULTS */;
/*!40101 SET @OLD_COLLATION_CONNECTION=@@COLLATION_CONNECTION */;
/*!40101 SET NAMES utf8mb4 */;

--
-- Baza danych: `baza`
--
CREATE DATABASE IF NOT EXISTS `baza` DEFAULT CHARACTER SET utf8 COLLATE utf8_polish_ci;
USE `baza`;

-- --------------------------------------------------------

--
-- Struktura tabeli dla tabeli `dania`
--

CREATE TABLE `dania` (
  `id` int(10) UNSIGNED NOT NULL,
  `typ` int(10) UNSIGNED DEFAULT NULL,
  `nazwa` text DEFAULT NULL,
  `cena` int(10) UNSIGNED DEFAULT NULL
) ENGINE=InnoDB DEFAULT CHARSET=latin1;

--
-- Zrzut danych tabeli `dania`
--

INSERT INTO `dania` (`id`, `typ`, `nazwa`, `cena`) VALUES
(1, 1, 'Gazpacho', 20),
(2, 1, 'Krem z warzyw', 25),
(3, 1, 'Gulaszowa ostra', 30),
(4, 2, 'Kaczka i owoc', 30),
(5, 2, 'Kurczak pieczony', 40),
(6, 2, 'wieprzowy przysmak', 35),
(7, 2, 'Mintaj w panierce', 30),
(8, 2, 'Alle kotlet', 30),
(9, 3, 'Owoce morza', 20),
(10, 3, 'Grzybki, warzywka, sos', 15),
(11, 3, 'Orzechy i chipsy', 10),
(12, 3, 'Tatar i jajo', 15),
(13, 3, 'Bukiet warzyw', 10),
(14, 4, 'Sok porzeczkowy', 3),
(15, 4, 'Cola', 3),
(16, 4, 'Woda', 2);

-- --------------------------------------------------------

--
-- Struktura tabeli dla tabeli `gromady`
--

CREATE TABLE `gromady` (
  `id` int(10) UNSIGNED NOT NULL,
  `nazwa` text DEFAULT NULL,
  `opis` text NOT NULL
) ENGINE=InnoDB DEFAULT CHARSET=latin1;

--
-- Zrzut danych tabeli `gromady`
--

INSERT INTO `gromady` (`id`, `nazwa`, `opis`) VALUES
(1, 'ryby', ''),
(2, 'plazy', ''),
(3, 'gady', ''),
(4, 'ptaki', ''),
(5, 'ssaki', '');

-- --------------------------------------------------------

--
-- Struktura tabeli dla tabeli `odzywianie`
--

CREATE TABLE `odzywianie` (
  `id` int(10) UNSIGNED NOT NULL,
  `rodzaj` text DEFAULT NULL,
  `informacja` text NOT NULL
) ENGINE=InnoDB DEFAULT CHARSET=latin1;

--
-- Zrzut danych tabeli `odzywianie`
--

INSERT INTO `odzywianie` (`id`, `rodzaj`, `informacja`) VALUES
(1, 'drapieznik', ''),
(2, 'roslinozerny', ''),
(3, 'padlinozerny', ''),
(4, 'wszystkozerny', '');

-- --------------------------------------------------------

--
-- Struktura tabeli dla tabeli `ogloszenie`
--

CREATE TABLE `ogloszenie` (
  `id` int(10) UNSIGNED NOT NULL,
  `uzytkownik_id` int(10) UNSIGNED NOT NULL,
  `kategoria` int(10) UNSIGNED DEFAULT NULL,
  `podkategoria` int(10) UNSIGNED DEFAULT NULL,
  `tytul` text DEFAULT NULL,
  `tresc` text DEFAULT NULL
) ENGINE=InnoDB DEFAULT CHARSET=latin1;

--
-- Zrzut danych tabeli `ogloszenie`
--

INSERT INTO `ogloszenie` (`id`, `uzytkownik_id`, `kategoria`, `podkategoria`, `tytul`, `tresc`) VALUES
(1, 1, 1, 12, 'Daniel Craig. Biografia', 'Biografia Daniela Craiga, niedrogo sprzedam'),
(2, 1, 1, 13, 'Selekcja', 'Sprzedam: \"Selekcja\" J. Kellermana, niezniszczona'),
(3, 2, 1, 13, 'Buick', 'Sprzedam horror Stephena Kinga w dobrym stanie'),
(4, 2, 1, 14, 'Tytus, Romek i Atomek', 'Ks. IV do sprzedania, stan dobry'),
(5, 2, 2, 0, 'Imagine Dragons', 'Sprzedam dwa CD Imagine Dragons');

-- --------------------------------------------------------

--
-- Struktura tabeli dla tabeli `podzespoly`
--

CREATE TABLE `podzespoly` (
  `id` int(10) UNSIGNED NOT NULL,
  `typy_id` int(10) UNSIGNED NOT NULL,
  `producenci_id` int(10) UNSIGNED NOT NULL,
  `nazwa` text DEFAULT NULL,
  `opis` text DEFAULT NULL,
  `dostepnosc` tinyint(1) DEFAULT NULL,
  `cena` float NOT NULL
) ENGINE=InnoDB DEFAULT CHARSET=latin1;

--
-- Zrzut danych tabeli `podzespoly`
--

INSERT INTO `podzespoly` (`id`, `typy_id`, `producenci_id`, `nazwa`, `opis`, `dostepnosc`, `cena`) VALUES
(1, 1, 1, 'Core i5-7640X', 'Procesor Intel Core i5-7640X 4,2 GHz LGA 2066 Box', 1, 1000),
(2, 1, 1, 'Core i3-6300', 'Procesor Intel Core i3-6300 3,8 GHz 4MB cache s. 1151 Box', 1, 575),
(3, 1, 1, 'Core i7-6700K', 'Procesor Intel Core i7-6700K 4,0 GHz 8MB cache s. 1151 Box', 0, 1400),
(4, 1, 2, 'X6 FX-6350', 'Procesor AMD X6 FX-6350 s.AM3+ BOX', 1, 380),
(5, 2, 7, 'Savage', 'RAM HyperX 16GB (2x8GB) DDR3-1866 Dual Chanel Kit Non-ECC CL9 XMP Savage Series HX318C9SRK2/16', 1, 535),
(6, 2, 7, 'Savage', 'HyperX 4GB DDR3-1600 Non-ECC CL9 XMP Savage Series HX316C9SR/4', 0, 150),
(7, 2, 8, 'Signature', 'RAM Patriot Signature DDR3 8GB (2x4GB) 1600 CL9 PSD38G1600KH', 0, 250),
(8, 5, 9, 'GTX 1060', 'Karta graficzna Asus DUAL NVIDIA GeForce GTX 1060 3072MB GDDR5 192b PCI-E x16 v. 3.0 (1594MHz/8008MHz) OC Edition', 1, 1189),
(9, 5, 9, 'GeForce 210', 'Karta graficzna ASUS GeForce 210 1024MB 64bit PCI-E', 0, 145),
(10, 6, 6, 'WD Black', 'Dysk WD Black WD1003FZEX 1TB sATA III 64MB', 0, 315),
(11, 6, 6, 'WD Blue', 'Dysk WD Blue WD10EZEX 1TB sATA III 64MB', 1, 195),
(12, 6, 5, 'AHD650-1TU3-CBK', 'Dysk USB ADATA AHD650-1TU3-CBK 1TB 2.5\' HD650 USB 3.0 Czarny', 1, 210);

-- --------------------------------------------------------

--
-- Struktura tabeli dla tabeli `pracownicy`
--

CREATE TABLE `pracownicy` (
  `id` int(10) UNSIGNED NOT NULL,
  `imie` text DEFAULT NULL,
  `nazwisko` text DEFAULT NULL,
  `stanowisko` int(11) NOT NULL
) ENGINE=InnoDB DEFAULT CHARSET=latin1;

--
-- Zrzut danych tabeli `pracownicy`
--

INSERT INTO `pracownicy` (`id`, `imie`, `nazwisko`, `stanowisko`) VALUES
(1, 'Anna', 'Kowalska', 1),
(2, 'Monika', 'Nowak', 2),
(3, 'Ewelina', 'Nowakowska', 2),
(4, 'Anna', 'Przybylska', 3),
(5, 'Maria', 'Kowal', 3),
(6, 'Ewa', 'Nowacka', 4);

-- --------------------------------------------------------

--
-- Struktura tabeli dla tabeli `typy`
--

CREATE TABLE `typy` (
  `id` int(10) UNSIGNED NOT NULL,
  `kategoria` text DEFAULT NULL,
  `opis` text DEFAULT NULL
) ENGINE=InnoDB DEFAULT CHARSET=latin1;

--
-- Zrzut danych tabeli `typy`
--

INSERT INTO `typy` (`id`, `kategoria`, `opis`) VALUES
(1, 'Procesor', NULL),
(2, 'RAM', NULL),
(5, 'karta graficzna', NULL),
(6, 'HDD', NULL);

-- --------------------------------------------------------

--
-- Struktura tabeli dla tabeli `uczniowie`
--

CREATE TABLE `uczniowie` (
  `imie` text DEFAULT NULL,
  `nazwisko` text DEFAULT NULL,
  `wiek` int(11) DEFAULT NULL
) ENGINE=InnoDB DEFAULT CHARSET=latin1;

--
-- Zrzut danych tabeli `uczniowie`
--

INSERT INTO `uczniowie` (`imie`, `nazwisko`, `wiek`) VALUES
('Kamil', 'Ryba', 11),
('Karolina', 'Witecka', 8),
('Karol', 'Rybacki', 9),
('Marina', 'Damiencka', 9);

-- --------------------------------------------------------

--
-- Struktura tabeli dla tabeli `uzytkownik`
--

CREATE TABLE `uzytkownik` (
  `id` int(10) UNSIGNED NOT NULL,
  `imie` text DEFAULT NULL,
  `nazwisko` text DEFAULT NULL,
  `telefon` text DEFAULT NULL,
  `email` text DEFAULT NULL
) ENGINE=InnoDB DEFAULT CHARSET=latin1;

--
-- Zrzut danych tabeli `uzytkownik`
--

INSERT INTO `uzytkownik` (`id`, `imie`, `nazwisko`, `telefon`, `email`) VALUES
(1, 'Anna', 'Kowalska', '601601601', 'anna@poczta.pl'),
(2, 'Jan', 'Nowak', '608608608', 'jan@poczta.pl'),
(3, 'Jolanta', 'Jasny', '606606606', 'jolanta@poczta.pl'),
(4, 'qqq', 'www', '345', 'dsfsdklfs@daskl');

-- --------------------------------------------------------

--
-- Struktura tabeli dla tabeli `wyniki`
--

CREATE TABLE `wyniki` (
  `id` int(10) UNSIGNED NOT NULL,
  `dyscyplina_id` int(10) UNSIGNED NOT NULL,
  `sportowiec_id` int(10) UNSIGNED NOT NULL,
  `wynik` decimal(5,2) DEFAULT NULL,
  `dataUstanowienia` date DEFAULT NULL
) ENGINE=InnoDB DEFAULT CHARSET=latin1;

--
-- Zrzut danych tabeli `wyniki`
--

INSERT INTO `wyniki` (`id`, `dyscyplina_id`, `sportowiec_id`, `wynik`, `dataUstanowienia`) VALUES
(1, 1, 1, '12.40', '2015-10-14'),
(2, 1, 1, '12.00', '2015-10-06'),
(3, 1, 2, '11.80', '2015-10-14'),
(4, 1, 2, '11.90', '2015-10-06'),
(5, 1, 3, '11.50', '2015-10-14'),
(6, 1, 3, '11.56', '2015-10-06'),
(7, 1, 4, '11.70', '2015-10-14'),
(8, 1, 4, '11.67', '2015-10-06'),
(9, 1, 5, '11.30', '2015-10-14'),
(10, 1, 5, '11.52', '2015-10-06'),
(11, 1, 6, '12.10', '2015-10-14'),
(12, 1, 6, '12.00', '2015-10-06'),
(13, 3, 1, '63.00', '2015-11-11'),
(14, 3, 1, '63.60', '2015-10-13'),
(15, 3, 2, '64.00', '2015-11-11'),
(16, 3, 2, '63.60', '2015-10-13'),
(17, 3, 3, '60.00', '2015-11-11'),
(18, 3, 3, '61.60', '2015-10-13'),
(19, 3, 4, '63.50', '2015-11-11'),
(20, 3, 4, '63.60', '2015-10-13'),
(21, 3, 5, '70.00', '2015-10-07'),
(22, 3, 6, '68.00', '2015-10-07');

-- --------------------------------------------------------

--
-- Struktura tabeli dla tabeli `zamowienia`
--

CREATE TABLE `zamowienia` (
  `id` int(10) UNSIGNED NOT NULL,
  `Samochody_id` int(10) UNSIGNED NOT NULL,
  `Klient` text DEFAULT NULL,
  `telefon` text DEFAULT NULL,
  `dataZam` date DEFAULT NULL
) ENGINE=InnoDB DEFAULT CHARSET=latin1;

--
-- Zrzut danych tabeli `zamowienia`
--

INSERT INTO `zamowienia` (`id`, `Samochody_id`, `Klient`, `telefon`, `dataZam`) VALUES
(1, 3, 'Anna Kowalska', '111222333', '2016-02-15'),
(2, 6, 'Jan Nowakowski', '222111333', '2016-02-15'),
(3, 8, 'Marcin Kolwal', '333111222', '2016-02-15');

-- --------------------------------------------------------

--
-- Struktura tabeli dla tabeli `zwierzeta`
--

CREATE TABLE `zwierzeta` (
  `id` int(10) UNSIGNED NOT NULL,
  `Gromady_id` int(10) UNSIGNED NOT NULL,
  `Odzywianie_id` int(10) UNSIGNED NOT NULL,
  `gatunek` text DEFAULT NULL,
  `wystepowanie` text DEFAULT NULL,
  `czy_zagrozony` tinyint(1) DEFAULT NULL,
  `obraz` text NOT NULL
) ENGINE=InnoDB DEFAULT CHARSET=latin1;

--
-- Zrzut danych tabeli `zwierzeta`
--

INSERT INTO `zwierzeta` (`id`, `Gromady_id`, `Odzywianie_id`, `gatunek`, `wystepowanie`, `czy_zagrozony`, `obraz`) VALUES
(1, 1, 1, 'Sum pospolity', 'Eurazja', 0, 'sum.jpg'),
(2, 1, 1, 'Jesiotr zachodni', 'Europa', 1, 'jesiotr.jpg'),
(3, 4, 4, 'Wrona siwa', 'Europa', 0, 'wrona.jpg'),
(4, 4, 1, 'Puszczyk zwyczajny', 'Eurazja', 0, 'puszczyk.jpg'),
(5, 4, 4, 'Sroka zwyczajna', 'Eurazja', 0, 'sroka.jpg'),
(6, 5, 1, 'Wilk szary', 'Europa, Ameryka', 0, 'wilk.jpg'),
(7, 5, 3, 'Hiena brunatna', 'Afryka', 0, 'hiena.jpg'),
(8, 5, 2, 'Sarna europejska', 'Europa', 0, 'sarna.jpg'),
(9, 5, 1, 'Dingo australijski', 'Australia', 1, 'dingo.jpg');

--
-- Indeksy dla zrzutów tabel
--

--
-- Indeksy dla tabeli `dania`
--
ALTER TABLE `dania`
  ADD PRIMARY KEY (`id`);

--
-- Indeksy dla tabeli `gromady`
--
ALTER TABLE `gromady`
  ADD PRIMARY KEY (`id`);

--
-- Indeksy dla tabeli `odzywianie`
--
ALTER TABLE `odzywianie`
  ADD PRIMARY KEY (`id`);

--
-- Indeksy dla tabeli `ogloszenie`
--
ALTER TABLE `ogloszenie`
  ADD PRIMARY KEY (`id`);

--
-- Indeksy dla tabeli `podzespoly`
--
ALTER TABLE `podzespoly`
  ADD PRIMARY KEY (`id`);

--
-- Indeksy dla tabeli `pracownicy`
--
ALTER TABLE `pracownicy`
  ADD PRIMARY KEY (`id`);

--
-- Indeksy dla tabeli `typy`
--
ALTER TABLE `typy`
  ADD PRIMARY KEY (`id`);

--
-- Indeksy dla tabeli `uzytkownik`
--
ALTER TABLE `uzytkownik`
  ADD PRIMARY KEY (`id`);

--
-- Indeksy dla tabeli `wyniki`
--
ALTER TABLE `wyniki`
  ADD PRIMARY KEY (`id`);

--
-- Indeksy dla tabeli `zamowienia`
--
ALTER TABLE `zamowienia`
  ADD PRIMARY KEY (`id`);

--
-- Indeksy dla tabeli `zwierzeta`
--
ALTER TABLE `zwierzeta`
  ADD PRIMARY KEY (`id`);

--
-- AUTO_INCREMENT dla zrzuconych tabel
--

--
-- AUTO_INCREMENT dla tabeli `dania`
--
ALTER TABLE `dania`
  MODIFY `id` int(10) UNSIGNED NOT NULL AUTO_INCREMENT, AUTO_INCREMENT=17;

--
-- AUTO_INCREMENT dla tabeli `gromady`
--
ALTER TABLE `gromady`
  MODIFY `id` int(10) UNSIGNED NOT NULL AUTO_INCREMENT, AUTO_INCREMENT=6;

--
-- AUTO_INCREMENT dla tabeli `odzywianie`
--
ALTER TABLE `odzywianie`
  MODIFY `id` int(10) UNSIGNED NOT NULL AUTO_INCREMENT, AUTO_INCREMENT=5;

--
-- AUTO_INCREMENT dla tabeli `ogloszenie`
--
ALTER TABLE `ogloszenie`
  MODIFY `id` int(10) UNSIGNED NOT NULL AUTO_INCREMENT, AUTO_INCREMENT=6;

--
-- AUTO_INCREMENT dla tabeli `podzespoly`
--
ALTER TABLE `podzespoly`
  MODIFY `id` int(10) UNSIGNED NOT NULL AUTO_INCREMENT, AUTO_INCREMENT=13;

--
-- AUTO_INCREMENT dla tabeli `pracownicy`
--
ALTER TABLE `pracownicy`
  MODIFY `id` int(10) UNSIGNED NOT NULL AUTO_INCREMENT, AUTO_INCREMENT=7;

--
-- AUTO_INCREMENT dla tabeli `typy`
--
ALTER TABLE `typy`
  MODIFY `id` int(10) UNSIGNED NOT NULL AUTO_INCREMENT, AUTO_INCREMENT=7;

--
-- AUTO_INCREMENT dla tabeli `uzytkownik`
--
ALTER TABLE `uzytkownik`
  MODIFY `id` int(10) UNSIGNED NOT NULL AUTO_INCREMENT, AUTO_INCREMENT=5;

--
-- AUTO_INCREMENT dla tabeli `wyniki`
--
ALTER TABLE `wyniki`
  MODIFY `id` int(10) UNSIGNED NOT NULL AUTO_INCREMENT, AUTO_INCREMENT=23;

--
-- AUTO_INCREMENT dla tabeli `zamowienia`
--
ALTER TABLE `zamowienia`
  MODIFY `id` int(10) UNSIGNED NOT NULL AUTO_INCREMENT, AUTO_INCREMENT=4;

--
-- AUTO_INCREMENT dla tabeli `zwierzeta`
--
ALTER TABLE `zwierzeta`
  MODIFY `id` int(10) UNSIGNED NOT NULL AUTO_INCREMENT, AUTO_INCREMENT=10;
--
-- Baza danych: `dane`
--
CREATE DATABASE IF NOT EXISTS `dane` DEFAULT CHARACTER SET utf8 COLLATE utf8_polish_ci;
USE `dane`;

-- --------------------------------------------------------

--
-- Struktura tabeli dla tabeli `aktorzy`
--

CREATE TABLE `aktorzy` (
  `id` int(11) NOT NULL,
  `imie` text COLLATE utf8_polish_ci NOT NULL,
  `nazwisko` text COLLATE utf8_polish_ci NOT NULL
) ENGINE=InnoDB DEFAULT CHARSET=utf8 COLLATE=utf8_polish_ci;

-- --------------------------------------------------------

--
-- Struktura tabeli dla tabeli `dania`
--

CREATE TABLE `dania` (
  `id` int(10) UNSIGNED NOT NULL,
  `typ` int(10) UNSIGNED DEFAULT NULL,
  `nazwa` text DEFAULT NULL,
  `cena` int(10) UNSIGNED DEFAULT NULL
) ENGINE=InnoDB DEFAULT CHARSET=latin1;

--
-- Zrzut danych tabeli `dania`
--

INSERT INTO `dania` (`id`, `typ`, `nazwa`, `cena`) VALUES
(1, 1, 'Gazpacho', 20),
(2, 1, 'Krem z warzyw', 25),
(3, 1, 'Gulaszowa ostra', 30),
(4, 2, 'Kaczka i owoc', 30),
(5, 2, 'Kurczak pieczony', 40),
(6, 2, 'wieprzowy przysmak', 35),
(7, 2, 'Mintaj w panierce', 30),
(8, 2, 'Alle kotlet', 30),
(9, 3, 'Owoce morza', 20),
(10, 3, 'Grzybki, warzywka, sos', 15),
(11, 3, 'Orzechy i chipsy', 10),
(12, 3, 'Tatar i jajo', 15),
(13, 3, 'Bukiet warzyw', 10),
(14, 4, 'Sok porzeczkowy', 3),
(15, 4, 'Cola', 3),
(16, 4, 'Woda', 2);

-- --------------------------------------------------------

--
-- Struktura tabeli dla tabeli `filmy`
--

CREATE TABLE `filmy` (
  `id` int(10) UNSIGNED NOT NULL,
  `gatunki_id` int(10) UNSIGNED NOT NULL,
  `rezyserzy_id` int(10) UNSIGNED NOT NULL,
  `tytul` text DEFAULT NULL,
  `rok` year(4) DEFAULT NULL,
  `ocena` int(10) UNSIGNED DEFAULT NULL
) ENGINE=InnoDB DEFAULT CHARSET=latin1;

--
-- Zrzut danych tabeli `filmy`
--

INSERT INTO `filmy` (`id`, `gatunki_id`, `rezyserzy_id`, `tytul`, `rok`, `ocena`) VALUES
(1, 1, 1, 'Arrival', 2016, 4),
(2, 2, 2, 'Vaiana: Skarb oceanu', 2016, 5),
(3, 3, 3, 'Sully', 2016, 5),
(4, 3, 4, 'Milczenie', 2017, 6),
(5, 4, 5, 'Uciekaj!', 2017, 5),
(6, 5, 6, 'W starym, dobrym stylu', 2017, 6),
(7, 5, 7, 'Bodyguard Zawodowiec', 2017, 5),
(8, 5, 0, 'Suburbicon', 2017, 5),
(9, 42, 0, 'testowy', 2077, 13),
(10, 69, 0, 'xd', 0000, 13);

-- --------------------------------------------------------

--
-- Struktura tabeli dla tabeli `gatunki`
--

CREATE TABLE `gatunki` (
  `id` int(10) UNSIGNED NOT NULL,
  `nazwa` text DEFAULT NULL
) ENGINE=InnoDB DEFAULT CHARSET=latin1;

--
-- Zrzut danych tabeli `gatunki`
--

INSERT INTO `gatunki` (`id`, `nazwa`) VALUES
(1, 'Sci-Fi'),
(2, 'animacja'),
(3, 'dramat'),
(4, 'horror'),
(5, 'komedia');

-- --------------------------------------------------------

--
-- Struktura tabeli dla tabeli `ogloszenie`
--

CREATE TABLE `ogloszenie` (
  `id` int(10) UNSIGNED NOT NULL,
  `uzytkownik_id` int(10) UNSIGNED NOT NULL,
  `kategoria` int(10) UNSIGNED DEFAULT NULL,
  `podkategoria` int(10) UNSIGNED DEFAULT NULL,
  `tytul` text DEFAULT NULL,
  `tresc` text DEFAULT NULL
) ENGINE=InnoDB DEFAULT CHARSET=latin1;

--
-- Zrzut danych tabeli `ogloszenie`
--

INSERT INTO `ogloszenie` (`id`, `uzytkownik_id`, `kategoria`, `podkategoria`, `tytul`, `tresc`) VALUES
(1, 1, 1, 12, 'Daniel Craig. Biografia', 'Biografia Daniela Craiga, niedrogo sprzedam'),
(2, 1, 1, 13, 'Selekcja', 'Sprzedam: \"Selekcja\" J. Kellermana, niezniszczona'),
(3, 2, 1, 13, 'Buick', 'Sprzedam horror Stephena Kinga w dobrym stanie'),
(4, 2, 1, 14, 'Tytus, Romek i Atomek', 'Ks. IV do sprzedania, stan dobry'),
(5, 2, 2, 0, 'Imagine Dragons', 'Sprzedam dwa CD Imagine Dragons');

-- --------------------------------------------------------

--
-- Struktura tabeli dla tabeli `pracownicy`
--

CREATE TABLE `pracownicy` (
  `id` int(10) UNSIGNED NOT NULL,
  `imie` text DEFAULT NULL,
  `nazwisko` text DEFAULT NULL,
  `stanowisko` int(11) NOT NULL
) ENGINE=InnoDB DEFAULT CHARSET=latin1;

--
-- Zrzut danych tabeli `pracownicy`
--

INSERT INTO `pracownicy` (`id`, `imie`, `nazwisko`, `stanowisko`) VALUES
(1, 'Anna', 'Kowalska', 1),
(2, 'Monika', 'Nowak', 2),
(3, 'Ewelina', 'Nowakowska', 2),
(4, 'Anna', 'Przybylska', 3),
(5, 'Maria', 'Kowal', 3),
(6, 'Ewa', 'Nowacka', 4);

-- --------------------------------------------------------

--
-- Struktura tabeli dla tabeli `rezyserzy`
--

CREATE TABLE `rezyserzy` (
  `id` int(10) UNSIGNED NOT NULL,
  `imie` text DEFAULT NULL,
  `nazwisko` text DEFAULT NULL
) ENGINE=InnoDB DEFAULT CHARSET=latin1;

--
-- Zrzut danych tabeli `rezyserzy`
--

INSERT INTO `rezyserzy` (`id`, `imie`, `nazwisko`) VALUES
(1, 'Denis', 'Villeneuve'),
(2, 'Ron', 'Clements'),
(3, 'Clint', 'Eastwood'),
(4, 'Martin', 'Scorseze'),
(5, 'Jordan', 'Peele'),
(6, 'Zach', 'Braff'),
(7, 'Patrick', 'Hughes'),
(8, 'Francis', 'Coppola');

-- --------------------------------------------------------

--
-- Struktura tabeli dla tabeli `uczniowie`
--

CREATE TABLE `uczniowie` (
  `imie` text DEFAULT NULL,
  `nazwisko` text DEFAULT NULL,
  `wiek` int(11) DEFAULT NULL
) ENGINE=InnoDB DEFAULT CHARSET=latin1;

--
-- Zrzut danych tabeli `uczniowie`
--

INSERT INTO `uczniowie` (`imie`, `nazwisko`, `wiek`) VALUES
('Kamil', 'Ryba', 11),
('Karolina', 'Witecka', 8),
('Karol', 'Rybacki', 9),
('Marina', 'Damiencka', 9);

-- --------------------------------------------------------

--
-- Struktura tabeli dla tabeli `uzytkownik`
--

CREATE TABLE `uzytkownik` (
  `id` int(10) UNSIGNED NOT NULL,
  `imie` text DEFAULT NULL,
  `nazwisko` text DEFAULT NULL,
  `telefon` text DEFAULT NULL,
  `email` text DEFAULT NULL
) ENGINE=InnoDB DEFAULT CHARSET=latin1;

--
-- Zrzut danych tabeli `uzytkownik`
--

INSERT INTO `uzytkownik` (`id`, `imie`, `nazwisko`, `telefon`, `email`) VALUES
(1, 'Anna', 'Kowalska', '601601601', 'anna@poczta.pl'),
(2, 'Jan', 'Nowak', '608608608', 'jan@poczta.pl'),
(3, 'Jolanta', 'Jasny', '606606606', 'jolanta@poczta.pl'),
(4, 'qqq', 'www', '345', 'dsfsdklfs@daskl');

-- --------------------------------------------------------

--
-- Struktura tabeli dla tabeli `wyniki`
--

CREATE TABLE `wyniki` (
  `id` int(10) UNSIGNED NOT NULL,
  `dyscyplina_id` int(10) UNSIGNED NOT NULL,
  `sportowiec_id` int(10) UNSIGNED NOT NULL,
  `wynik` decimal(5,2) DEFAULT NULL,
  `dataUstanowienia` date DEFAULT NULL
) ENGINE=InnoDB DEFAULT CHARSET=latin1;

--
-- Zrzut danych tabeli `wyniki`
--

INSERT INTO `wyniki` (`id`, `dyscyplina_id`, `sportowiec_id`, `wynik`, `dataUstanowienia`) VALUES
(1, 1, 1, '12.40', '2015-10-14'),
(2, 1, 1, '12.00', '2015-10-06'),
(3, 1, 2, '11.80', '2015-10-14'),
(4, 1, 2, '11.90', '2015-10-06'),
(5, 1, 3, '11.50', '2015-10-14'),
(6, 1, 3, '11.56', '2015-10-06'),
(7, 1, 4, '11.70', '2015-10-14'),
(8, 1, 4, '11.67', '2015-10-06'),
(9, 1, 5, '11.30', '2015-10-14'),
(10, 1, 5, '11.52', '2015-10-06'),
(11, 1, 6, '12.10', '2015-10-14'),
(12, 1, 6, '12.00', '2015-10-06'),
(13, 3, 1, '63.00', '2015-11-11'),
(14, 3, 1, '63.60', '2015-10-13'),
(15, 3, 2, '64.00', '2015-11-11'),
(16, 3, 2, '63.60', '2015-10-13'),
(17, 3, 3, '60.00', '2015-11-11'),
(18, 3, 3, '61.60', '2015-10-13'),
(19, 3, 4, '63.50', '2015-11-11'),
(20, 3, 4, '63.60', '2015-10-13'),
(21, 3, 5, '70.00', '2015-10-07'),
(22, 3, 6, '68.00', '2015-10-07');

-- --------------------------------------------------------

--
-- Struktura tabeli dla tabeli `zamowienia`
--

CREATE TABLE `zamowienia` (
  `id` int(10) UNSIGNED NOT NULL,
  `Samochody_id` int(10) UNSIGNED NOT NULL,
  `Klient` text DEFAULT NULL,
  `telefon` text DEFAULT NULL,
  `dataZam` date DEFAULT NULL
) ENGINE=InnoDB DEFAULT CHARSET=latin1;

--
-- Zrzut danych tabeli `zamowienia`
--

INSERT INTO `zamowienia` (`id`, `Samochody_id`, `Klient`, `telefon`, `dataZam`) VALUES
(1, 3, 'Anna Kowalska', '111222333', '2016-02-15'),
(2, 6, 'Jan Nowakowski', '222111333', '2016-02-15'),
(3, 8, 'Marcin Kolwal', '333111222', '2016-02-15');

--
-- Indeksy dla zrzutów tabel
--

--
-- Indeksy dla tabeli `dania`
--
ALTER TABLE `dania`
  ADD PRIMARY KEY (`id`);

--
-- Indeksy dla tabeli `filmy`
--
ALTER TABLE `filmy`
  ADD PRIMARY KEY (`id`);

--
-- Indeksy dla tabeli `gatunki`
--
ALTER TABLE `gatunki`
  ADD PRIMARY KEY (`id`);

--
-- Indeksy dla tabeli `ogloszenie`
--
ALTER TABLE `ogloszenie`
  ADD PRIMARY KEY (`id`);

--
-- Indeksy dla tabeli `pracownicy`
--
ALTER TABLE `pracownicy`
  ADD PRIMARY KEY (`id`);

--
-- Indeksy dla tabeli `rezyserzy`
--
ALTER TABLE `rezyserzy`
  ADD PRIMARY KEY (`id`);

--
-- Indeksy dla tabeli `uzytkownik`
--
ALTER TABLE `uzytkownik`
  ADD PRIMARY KEY (`id`);

--
-- Indeksy dla tabeli `wyniki`
--
ALTER TABLE `wyniki`
  ADD PRIMARY KEY (`id`);

--
-- Indeksy dla tabeli `zamowienia`
--
ALTER TABLE `zamowienia`
  ADD PRIMARY KEY (`id`);

--
-- AUTO_INCREMENT dla zrzuconych tabel
--

--
-- AUTO_INCREMENT dla tabeli `dania`
--
ALTER TABLE `dania`
  MODIFY `id` int(10) UNSIGNED NOT NULL AUTO_INCREMENT, AUTO_INCREMENT=17;

--
-- AUTO_INCREMENT dla tabeli `filmy`
--
ALTER TABLE `filmy`
  MODIFY `id` int(10) UNSIGNED NOT NULL AUTO_INCREMENT, AUTO_INCREMENT=11;

--
-- AUTO_INCREMENT dla tabeli `gatunki`
--
ALTER TABLE `gatunki`
  MODIFY `id` int(10) UNSIGNED NOT NULL AUTO_INCREMENT, AUTO_INCREMENT=6;

--
-- AUTO_INCREMENT dla tabeli `ogloszenie`
--
ALTER TABLE `ogloszenie`
  MODIFY `id` int(10) UNSIGNED NOT NULL AUTO_INCREMENT, AUTO_INCREMENT=6;

--
-- AUTO_INCREMENT dla tabeli `pracownicy`
--
ALTER TABLE `pracownicy`
  MODIFY `id` int(10) UNSIGNED NOT NULL AUTO_INCREMENT, AUTO_INCREMENT=7;

--
-- AUTO_INCREMENT dla tabeli `rezyserzy`
--
ALTER TABLE `rezyserzy`
  MODIFY `id` int(10) UNSIGNED NOT NULL AUTO_INCREMENT, AUTO_INCREMENT=9;

--
-- AUTO_INCREMENT dla tabeli `uzytkownik`
--
ALTER TABLE `uzytkownik`
  MODIFY `id` int(10) UNSIGNED NOT NULL AUTO_INCREMENT, AUTO_INCREMENT=5;

--
-- AUTO_INCREMENT dla tabeli `wyniki`
--
ALTER TABLE `wyniki`
  MODIFY `id` int(10) UNSIGNED NOT NULL AUTO_INCREMENT, AUTO_INCREMENT=23;

--
-- AUTO_INCREMENT dla tabeli `zamowienia`
--
ALTER TABLE `zamowienia`
  MODIFY `id` int(10) UNSIGNED NOT NULL AUTO_INCREMENT, AUTO_INCREMENT=4;
--
-- Baza danych: `egzamin`
--
CREATE DATABASE IF NOT EXISTS `egzamin` DEFAULT CHARACTER SET utf8 COLLATE utf8_polish_ci;
USE `egzamin`;

-- --------------------------------------------------------

--
-- Struktura tabeli dla tabeli `bmi`
--

CREATE TABLE `bmi` (
  `id` int(10) UNSIGNED NOT NULL,
  `wart_min` int(10) UNSIGNED DEFAULT NULL,
  `wart_max` int(10) UNSIGNED DEFAULT NULL,
  `informacja` text DEFAULT NULL
) ENGINE=InnoDB DEFAULT CHARSET=latin1;

--
-- Zrzut danych tabeli `bmi`
--

INSERT INTO `bmi` (`id`, `wart_min`, `wart_max`, `informacja`) VALUES
(1, 0, 18, 'niedowaga'),
(2, 19, 25, 'waga prawidlowa'),
(3, 26, 30, 'nadwaga'),
(4, 31, 100, 'otylosc');

-- --------------------------------------------------------

--
-- Struktura tabeli dla tabeli `pozycja`
--

CREATE TABLE `pozycja` (
  `id` int(10) UNSIGNED NOT NULL,
  `nazwa` text DEFAULT NULL
) ENGINE=InnoDB DEFAULT CHARSET=latin1;

--
-- Zrzut danych tabeli `pozycja`
--

INSERT INTO `pozycja` (`id`, `nazwa`) VALUES
(1, 'bramkarz'),
(2, 'obronca'),
(3, 'pomocnik'),
(4, 'napastnik');

-- --------------------------------------------------------

--
-- Struktura tabeli dla tabeli `typy`
--

CREATE TABLE `typy` (
  `id` int(10) UNSIGNED NOT NULL,
  `kategoria` text DEFAULT NULL
) ENGINE=InnoDB DEFAULT CHARSET=latin1;

--
-- Zrzut danych tabeli `typy`
--

INSERT INTO `typy` (`id`, `kategoria`) VALUES
(1, 'Procesor'),
(2, 'RAM'),
(5, 'karta graficzna'),
(6, 'HDD');

-- --------------------------------------------------------

--
-- Struktura tabeli dla tabeli `uslugi`
--

CREATE TABLE `uslugi` (
  `id` int(10) UNSIGNED NOT NULL,
  `kadra_id` int(10) UNSIGNED NOT NULL,
  `rodzaj` int(10) UNSIGNED DEFAULT NULL,
  `nazwa` text DEFAULT NULL,
  `cena` double DEFAULT NULL
) ENGINE=InnoDB DEFAULT CHARSET=latin1;

--
-- Zrzut danych tabeli `uslugi`
--

INSERT INTO `uslugi` (`id`, `kadra_id`, `rodzaj`, `nazwa`, `cena`) VALUES
(1, 2, 1, 'Piling enzymatyczny', 45),
(2, 5, 3, 'Masaz twarzy', 20),
(3, 2, 1, 'Maska', 30),
(4, 2, 1, 'Regulacja brwi', 5),
(5, 4, 2, 'Farbowanie', 50),
(6, 4, 2, 'Strzyzenie', 40),
(7, 1, 3, 'Ustalenie diety', 70),
(8, 2, 1, 'Henna', 10),
(9, 2, 1, 'Paznokcie', 90),
(10, 4, 2, 'Czesanie', 30);

-- --------------------------------------------------------

--
-- Struktura tabeli dla tabeli `wynik`
--

CREATE TABLE `wynik` (
  `id` int(10) UNSIGNED NOT NULL,
  `bmi_id` int(10) UNSIGNED NOT NULL,
  `data_pomiaru` date DEFAULT NULL,
  `wynik` int(10) UNSIGNED DEFAULT NULL
) ENGINE=InnoDB DEFAULT CHARSET=latin1;

--
-- Zrzut danych tabeli `wynik`
--

INSERT INTO `wynik` (`id`, `bmi_id`, `data_pomiaru`, `wynik`) VALUES
(1, 2, '2020-05-24', 20),
(3, 1, '2020-05-20', 15),
(4, 0, '2021-04-27', 2342),
(5, 0, '2021-04-27', 2342),
(6, 0, '2021-04-27', 2342),
(7, 0, '2021-04-27', 2342),
(8, 2, '2021-04-27', 24),
(9, 2, '2021-04-27', 24),
(10, 2, '2021-04-27', 24),
(11, 3, '2021-04-27', 29),
(12, 3, '2021-04-27', 29),
(13, 0, '2021-04-27', 857),
(14, 4, '2021-04-27', 42);

-- --------------------------------------------------------

--
-- Struktura tabeli dla tabeli `zdjecia`
--

CREATE TABLE `zdjecia` (
  `id` int(10) UNSIGNED NOT NULL,
  `nazwaPliku` text DEFAULT NULL,
  `podpis` text DEFAULT NULL
) ENGINE=InnoDB DEFAULT CHARSET=latin1;

--
-- Zrzut danych tabeli `zdjecia`
--

INSERT INTO `zdjecia` (`id`, `nazwaPliku`, `podpis`) VALUES
(1, '1.jpg', 'Londyn'),
(2, '2.jpg', 'Wenecja'),
(3, '3.jpg', 'Berlin'),
(4, '4.jpg', 'Warszawa'),
(5, '5.jpg', 'Budapeszt'),
(6, '6.jpg', 'Paryz'),
(7, '7.jpg', 'Nowy Jork'),
(8, '8.jpg', 'Barcelona'),
(9, '9.jpg', 'Moskwa');

--
-- Indeksy dla zrzutów tabel
--

--
-- Indeksy dla tabeli `bmi`
--
ALTER TABLE `bmi`
  ADD PRIMARY KEY (`id`);

--
-- Indeksy dla tabeli `pozycja`
--
ALTER TABLE `pozycja`
  ADD PRIMARY KEY (`id`);

--
-- Indeksy dla tabeli `uslugi`
--
ALTER TABLE `uslugi`
  ADD PRIMARY KEY (`id`),
  ADD KEY `uslugi_FKIndex1` (`kadra_id`);

--
-- Indeksy dla tabeli `wynik`
--
ALTER TABLE `wynik`
  ADD PRIMARY KEY (`id`);

--
-- Indeksy dla tabeli `zdjecia`
--
ALTER TABLE `zdjecia`
  ADD PRIMARY KEY (`id`);

--
-- AUTO_INCREMENT dla zrzuconych tabel
--

--
-- AUTO_INCREMENT dla tabeli `bmi`
--
ALTER TABLE `bmi`
  MODIFY `id` int(10) UNSIGNED NOT NULL AUTO_INCREMENT, AUTO_INCREMENT=5;

--
-- AUTO_INCREMENT dla tabeli `pozycja`
--
ALTER TABLE `pozycja`
  MODIFY `id` int(10) UNSIGNED NOT NULL AUTO_INCREMENT, AUTO_INCREMENT=5;

--
-- AUTO_INCREMENT dla tabeli `uslugi`
--
ALTER TABLE `uslugi`
  MODIFY `id` int(10) UNSIGNED NOT NULL AUTO_INCREMENT, AUTO_INCREMENT=11;

--
-- AUTO_INCREMENT dla tabeli `wynik`
--
ALTER TABLE `wynik`
  MODIFY `id` int(10) UNSIGNED NOT NULL AUTO_INCREMENT, AUTO_INCREMENT=15;

--
-- AUTO_INCREMENT dla tabeli `zdjecia`
--
ALTER TABLE `zdjecia`
  MODIFY `id` int(10) UNSIGNED NOT NULL AUTO_INCREMENT, AUTO_INCREMENT=10;
--
-- Baza danych: `egzamin3`
--
CREATE DATABASE IF NOT EXISTS `egzamin3` DEFAULT CHARACTER SET utf8 COLLATE utf8_polish_ci;
USE `egzamin3`;

-- --------------------------------------------------------

--
-- Struktura tabeli dla tabeli `wycieczki`
--

CREATE TABLE `wycieczki` (
  `id` int(11) NOT NULL,
  `zdjecia_id` int(11) NOT NULL,
  `dataWyjazdu` date NOT NULL,
  `dataPrzyjazdu` date DEFAULT NULL,
  `cel` text COLLATE utf8mb4_polish_ci NOT NULL,
  `cena` double NOT NULL,
  `dostepna` tinyint(1) NOT NULL
) ENGINE=InnoDB DEFAULT CHARSET=utf8mb4 COLLATE=utf8mb4_polish_ci;

--
-- Zrzut danych tabeli `wycieczki`
--

INSERT INTO `wycieczki` (`id`, `zdjecia_id`, `dataWyjazdu`, `dataPrzyjazdu`, `cel`, `cena`, `dostepna`) VALUES
(1, 1, '2019-09-08', NULL, 'Włochy, Wenecja', 1200, 1),
(2, 2, '2019-09-14', NULL, 'Włochy, Wenecja', 1200, 1),
(3, 3, '2019-08-14', NULL, 'Polska, Warszawa', 640, 1),
(4, 4, '2019-08-14', NULL, 'Francja, Paryż', 1300, 1),
(5, 5, '2019-09-14', NULL, 'Włochy, Florencja', 1200, 0),
(6, 6, '2019-09-14', NULL, 'Francja, Paryż', 1200, 1),
(7, 7, '2019-09-14', NULL, 'Włochy, Wenecja', 1200, 0),
(8, 8, '2019-09-14', NULL, 'Włochy, Wenecja', 1200, 0),
(9, 9, '2019-09-14', NULL, 'Hiszpania, Barcelona', 1400, 1);

-- --------------------------------------------------------

--
-- Struktura tabeli dla tabeli `zdjecia`
--

CREATE TABLE `zdjecia` (
  `id` int(11) NOT NULL,
  `nazwaPliku` text COLLATE utf8mb4_polish_ci NOT NULL,
  `podpis` text COLLATE utf8mb4_polish_ci NOT NULL
) ENGINE=InnoDB DEFAULT CHARSET=utf8mb4 COLLATE=utf8mb4_polish_ci;

--
-- Zrzut danych tabeli `zdjecia`
--

INSERT INTO `zdjecia` (`id`, `nazwaPliku`, `podpis`) VALUES
(1, 'obraz1.jpeg', 'obraz'),
(2, 'obraz2.jpg', 'obraz'),
(3, 'obraz3.jpg', 'obraz'),
(4, 'obraz4.jpeg', 'obraz'),
(5, 'obraz5.jpg', 'obraz'),
(6, 'obraz6.jpg', 'obraz'),
(7, 'obraz7.jpg', 'obraz'),
(8, 'obraz8.jpg', 'obraz'),
(9, 'obraz9.jpg', 'obraz');

--
-- Indeksy dla zrzutów tabel
--

--
-- Indeksy dla tabeli `wycieczki`
--
ALTER TABLE `wycieczki`
  ADD PRIMARY KEY (`id`);

--
-- Indeksy dla tabeli `zdjecia`
--
ALTER TABLE `zdjecia`
  ADD PRIMARY KEY (`id`);

--
-- AUTO_INCREMENT dla zrzuconych tabel
--

--
-- AUTO_INCREMENT dla tabeli `wycieczki`
--
ALTER TABLE `wycieczki`
  MODIFY `id` int(11) NOT NULL AUTO_INCREMENT, AUTO_INCREMENT=10;

--
-- AUTO_INCREMENT dla tabeli `zdjecia`
--
ALTER TABLE `zdjecia`
  MODIFY `id` int(11) NOT NULL AUTO_INCREMENT, AUTO_INCREMENT=10;
--
-- Baza danych: `joomla`
--
CREATE DATABASE IF NOT EXISTS `joomla` DEFAULT CHARACTER SET utf8 COLLATE utf8_general_ci;
USE `joomla`;

-- --------------------------------------------------------

--
-- Struktura tabeli dla tabeli `zzux2_action_logs`
--

CREATE TABLE `zzux2_action_logs` (
  `id` int(10) UNSIGNED NOT NULL,
  `message_language_key` varchar(255) COLLATE utf8mb4_unicode_ci NOT NULL DEFAULT '',
  `message` text COLLATE utf8mb4_unicode_ci NOT NULL,
  `log_date` datetime NOT NULL DEFAULT '0000-00-00 00:00:00',
  `extension` varchar(50) COLLATE utf8mb4_unicode_ci NOT NULL DEFAULT '',
  `user_id` int(11) NOT NULL DEFAULT 0,
  `item_id` int(11) NOT NULL DEFAULT 0,
  `ip_address` varchar(40) COLLATE utf8mb4_unicode_ci NOT NULL DEFAULT '0.0.0.0'
) ENGINE=InnoDB DEFAULT CHARSET=utf8mb4 COLLATE=utf8mb4_unicode_ci;

--
-- Zrzut danych tabeli `zzux2_action_logs`
--

INSERT INTO `zzux2_action_logs` (`id`, `message_language_key`, `message`, `log_date`, `extension`, `user_id`, `item_id`, `ip_address`) VALUES
(1, 'PLG_ACTIONLOG_JOOMLA_USER_LOGGED_IN', '{\"action\":\"login\",\"userid\":\"719\",\"username\":\"root_pafcio\",\"accountlink\":\"index.php?option=com_users&task=user.edit&id=719\",\"app\":\"PLG_ACTIONLOG_JOOMLA_APPLICATION_ADMINISTRATOR\"}', '2021-04-12 06:47:32', 'com_users', 719, 0, 'COM_ACTIONLOGS_DISABLED'),
(2, 'PLG_ACTIONLOG_JOOMLA_EXTENSION_INSTALLED', '{\"action\":\"install\",\"type\":\"PLG_ACTIONLOG_JOOMLA_TYPE_LANGUAGE\",\"id\":10000,\"name\":\"Polish (PL)\",\"extension_name\":\"Polish (PL)\",\"userid\":\"719\",\"username\":\"root_pafcio\",\"accountlink\":\"index.php?option=com_users&task=user.edit&id=719\"}', '2021-04-12 06:52:03', 'com_installer', 719, 10000, 'COM_ACTIONLOGS_DISABLED'),
(3, 'PLG_ACTIONLOG_JOOMLA_EXTENSION_INSTALLED', '{\"action\":\"install\",\"type\":\"PLG_ACTIONLOG_JOOMLA_TYPE_LANGUAGE\",\"id\":10001,\"name\":\"Polish (PL)\",\"extension_name\":\"Polish (PL)\",\"userid\":\"719\",\"username\":\"root_pafcio\",\"accountlink\":\"index.php?option=com_users&task=user.edit&id=719\"}', '2021-04-12 06:52:03', 'com_installer', 719, 10001, 'COM_ACTIONLOGS_DISABLED'),
(4, 'PLG_ACTIONLOG_JOOMLA_EXTENSION_INSTALLED', '{\"action\":\"install\",\"type\":\"PLG_ACTIONLOG_JOOMLA_TYPE_PACKAGE\",\"id\":10002,\"name\":\"Polish (Poland) (pl-PL) Language Pack\",\"extension_name\":\"Polish (Poland) (pl-PL) Language Pack\",\"userid\":\"719\",\"username\":\"root_pafcio\",\"accountlink\":\"index.php?option=com_users&task=user.edit&id=719\"}', '2021-04-12 06:52:03', 'com_installer', 719, 10002, 'COM_ACTIONLOGS_DISABLED'),
(5, 'PLG_ACTIONLOG_JOOMLA_USER_LOGGED_OUT', '{\"action\":\"logout\",\"id\":\"719\",\"userid\":\"719\",\"username\":\"root_pafcio\",\"accountlink\":\"index.php?option=com_users&task=user.edit&id=719\",\"app\":\"PLG_ACTIONLOG_JOOMLA_APPLICATION_ADMINISTRATOR\"}', '2021-04-12 06:53:22', 'com_users', 719, 719, 'COM_ACTIONLOGS_DISABLED'),
(6, 'PLG_ACTIONLOG_JOOMLA_USER_LOGGED_IN', '{\"action\":\"login\",\"userid\":\"719\",\"username\":\"root_pafcio\",\"accountlink\":\"index.php?option=com_users&task=user.edit&id=719\",\"app\":\"PLG_ACTIONLOG_JOOMLA_APPLICATION_ADMINISTRATOR\"}', '2021-04-12 06:53:26', 'com_users', 719, 0, 'COM_ACTIONLOGS_DISABLED'),
(7, 'PLG_SYSTEM_ACTIONLOGS_CONTENT_ADDED', '{\"action\":\"add\",\"type\":\"PLG_ACTIONLOG_JOOMLA_TYPE_CATEGORY\",\"id\":8,\"title\":\"Samochody\",\"itemlink\":\"index.php?option=com_categories&task=category.edit&id=8\",\"userid\":\"719\",\"username\":\"root_pafcio\",\"accountlink\":\"index.php?option=com_users&task=user.edit&id=719\"}', '2021-04-12 07:08:44', 'com_categories.category', 719, 8, 'COM_ACTIONLOGS_DISABLED'),
(8, 'PLG_SYSTEM_ACTIONLOGS_CONTENT_UPDATED', '{\"action\":\"update\",\"type\":\"PLG_ACTIONLOG_JOOMLA_TYPE_CATEGORY\",\"id\":8,\"title\":\"Samochody\",\"itemlink\":\"index.php?option=com_categories&task=category.edit&id=8\",\"userid\":\"719\",\"username\":\"root_pafcio\",\"accountlink\":\"index.php?option=com_users&task=user.edit&id=719\"}', '2021-04-12 07:09:03', 'com_categories.category', 719, 8, 'COM_ACTIONLOGS_DISABLED'),
(9, 'PLG_ACTIONLOG_JOOMLA_USER_CHECKIN', '{\"action\":\"checkin\",\"type\":\"PLG_ACTIONLOG_JOOMLA_TYPE_USER\",\"id\":\"719\",\"title\":\"root_pafcio\",\"itemlink\":\"index.php?option=com_users&task=user.edit&id=719\",\"userid\":\"719\",\"username\":\"root_pafcio\",\"accountlink\":\"index.php?option=com_users&task=user.edit&id=719\",\"table\":\"#__categories\"}', '2021-04-12 07:09:03', 'com_checkin', 719, 719, 'COM_ACTIONLOGS_DISABLED'),
(10, 'PLG_SYSTEM_ACTIONLOGS_CONTENT_ADDED', '{\"action\":\"add\",\"type\":\"PLG_ACTIONLOG_JOOMLA_TYPE_CATEGORY\",\"id\":9,\"title\":\"Rowery\",\"itemlink\":\"index.php?option=com_categories&task=category.edit&id=9\",\"userid\":\"719\",\"username\":\"root_pafcio\",\"accountlink\":\"index.php?option=com_users&task=user.edit&id=719\"}', '2021-04-12 07:09:26', 'com_categories.category', 719, 9, 'COM_ACTIONLOGS_DISABLED'),
(11, 'PLG_ACTIONLOG_JOOMLA_USER_LOGGED_IN', '{\"action\":\"login\",\"userid\":\"719\",\"username\":\"root_pafcio\",\"accountlink\":\"index.php?option=com_users&task=user.edit&id=719\",\"app\":\"PLG_ACTIONLOG_JOOMLA_APPLICATION_ADMINISTRATOR\"}', '2021-04-12 07:26:40', 'com_users', 719, 0, 'COM_ACTIONLOGS_DISABLED'),
(12, 'PLG_ACTIONLOG_JOOMLA_USER_LOGGED_OUT', '{\"action\":\"logout\",\"id\":\"719\",\"userid\":\"719\",\"username\":\"root_pafcio\",\"accountlink\":\"index.php?option=com_users&task=user.edit&id=719\",\"app\":\"PLG_ACTIONLOG_JOOMLA_APPLICATION_ADMINISTRATOR\"}', '2021-04-12 07:26:44', 'com_users', 719, 719, 'COM_ACTIONLOGS_DISABLED'),
(13, 'PLG_ACTIONLOG_JOOMLA_USER_LOGGED_IN', '{\"action\":\"login\",\"userid\":\"719\",\"username\":\"root_pafcio\",\"accountlink\":\"index.php?option=com_users&task=user.edit&id=719\",\"app\":\"PLG_ACTIONLOG_JOOMLA_APPLICATION_ADMINISTRATOR\"}', '2021-04-12 07:26:46', 'com_users', 719, 0, 'COM_ACTIONLOGS_DISABLED'),
(14, 'PLG_SYSTEM_ACTIONLOGS_CONTENT_ADDED', '{\"action\":\"add\",\"type\":\"PLG_ACTIONLOG_JOOMLA_TYPE_ARTICLE\",\"id\":1,\"title\":\"Autka som fajne\",\"itemlink\":\"index.php?option=com_content&task=article.edit&id=1\",\"userid\":\"719\",\"username\":\"root_pafcio\",\"accountlink\":\"index.php?option=com_users&task=user.edit&id=719\"}', '2021-04-12 07:27:20', 'com_content.article', 719, 1, 'COM_ACTIONLOGS_DISABLED'),
(15, 'PLG_SYSTEM_ACTIONLOGS_CONTENT_UPDATED', '{\"action\":\"update\",\"type\":\"PLG_ACTIONLOG_JOOMLA_TYPE_ARTICLE\",\"id\":1,\"title\":\"Autka som fajne\",\"itemlink\":\"index.php?option=com_content&task=article.edit&id=1\",\"userid\":\"719\",\"username\":\"root_pafcio\",\"accountlink\":\"index.php?option=com_users&task=user.edit&id=719\"}', '2021-04-12 07:27:23', 'com_content.article', 719, 1, 'COM_ACTIONLOGS_DISABLED'),
(16, 'PLG_ACTIONLOG_JOOMLA_USER_CHECKIN', '{\"action\":\"checkin\",\"type\":\"PLG_ACTIONLOG_JOOMLA_TYPE_USER\",\"id\":\"719\",\"title\":\"root_pafcio\",\"itemlink\":\"index.php?option=com_users&task=user.edit&id=719\",\"userid\":\"719\",\"username\":\"root_pafcio\",\"accountlink\":\"index.php?option=com_users&task=user.edit&id=719\",\"table\":\"#__content\"}', '2021-04-12 07:27:23', 'com_checkin', 719, 719, 'COM_ACTIONLOGS_DISABLED'),
(17, 'PLG_SYSTEM_ACTIONLOGS_CONTENT_ADDED', '{\"action\":\"add\",\"type\":\"PLG_ACTIONLOG_JOOMLA_TYPE_MENU_ITEM\",\"id\":102,\"title\":\"O samochodach\",\"itemlink\":\"index.php?option=com_menus&task=item.edit&id=102\",\"userid\":\"719\",\"username\":\"root_pafcio\",\"accountlink\":\"index.php?option=com_users&task=user.edit&id=719\"}', '2021-04-12 07:29:26', 'com_menus.item', 719, 102, 'COM_ACTIONLOGS_DISABLED'),
(18, 'PLG_ACTIONLOG_JOOMLA_USER_CHECKIN', '{\"action\":\"checkin\",\"type\":\"PLG_ACTIONLOG_JOOMLA_TYPE_USER\",\"id\":\"719\",\"title\":\"root_pafcio\",\"itemlink\":\"index.php?option=com_users&task=user.edit&id=719\",\"userid\":\"719\",\"username\":\"root_pafcio\",\"accountlink\":\"index.php?option=com_users&task=user.edit&id=719\",\"table\":\"#__menu\"}', '2021-04-12 07:38:52', 'com_checkin', 719, 719, 'COM_ACTIONLOGS_DISABLED'),
(19, 'PLG_SYSTEM_ACTIONLOGS_CONTENT_UNPUBLISHED', '{\"action\":\"unpublish\",\"type\":\"PLG_ACTIONLOG_JOOMLA_TYPE_MENU_ITEM\",\"id\":102,\"title\":\"O samochodach\",\"itemlink\":\"index.php?option=com_menus&task=item.edit&id=102\",\"userid\":\"719\",\"username\":\"root_pafcio\",\"accountlink\":\"index.php?option=com_users&task=user.edit&id=719\"}', '2021-04-12 07:38:52', 'com_menus.item', 719, 102, 'COM_ACTIONLOGS_DISABLED'),
(20, 'PLG_ACTIONLOG_JOOMLA_USER_CHECKIN', '{\"action\":\"checkin\",\"type\":\"PLG_ACTIONLOG_JOOMLA_TYPE_USER\",\"id\":\"719\",\"title\":\"root_pafcio\",\"itemlink\":\"index.php?option=com_users&task=user.edit&id=719\",\"userid\":\"719\",\"username\":\"root_pafcio\",\"accountlink\":\"index.php?option=com_users&task=user.edit&id=719\",\"table\":\"#__menu\"}', '2021-04-12 07:38:55', 'com_checkin', 719, 719, 'COM_ACTIONLOGS_DISABLED'),
(21, 'PLG_SYSTEM_ACTIONLOGS_CONTENT_PUBLISHED', '{\"action\":\"publish\",\"type\":\"PLG_ACTIONLOG_JOOMLA_TYPE_MENU_ITEM\",\"id\":102,\"title\":\"O samochodach\",\"itemlink\":\"index.php?option=com_menus&task=item.edit&id=102\",\"userid\":\"719\",\"username\":\"root_pafcio\",\"accountlink\":\"index.php?option=com_users&task=user.edit&id=719\"}', '2021-04-12 07:38:55', 'com_menus.item', 719, 102, 'COM_ACTIONLOGS_DISABLED'),
(22, 'PLG_ACTIONLOG_JOOMLA_USER_CHECKIN', '{\"action\":\"checkin\",\"type\":\"PLG_ACTIONLOG_JOOMLA_TYPE_USER\",\"id\":\"719\",\"title\":\"root_pafcio\",\"itemlink\":\"index.php?option=com_users&task=user.edit&id=719\",\"userid\":\"719\",\"username\":\"root_pafcio\",\"accountlink\":\"index.php?option=com_users&task=user.edit&id=719\",\"table\":\"#__menu\"}', '2021-04-12 07:39:01', 'com_checkin', 719, 719, 'COM_ACTIONLOGS_DISABLED'),
(23, 'PLG_SYSTEM_ACTIONLOGS_CONTENT_TRASHED', '{\"action\":\"trash\",\"type\":\"PLG_ACTIONLOG_JOOMLA_TYPE_MENU_ITEM\",\"id\":102,\"title\":\"O samochodach\",\"itemlink\":\"index.php?option=com_menus&task=item.edit&id=102\",\"userid\":\"719\",\"username\":\"root_pafcio\",\"accountlink\":\"index.php?option=com_users&task=user.edit&id=719\"}', '2021-04-12 07:39:01', 'com_menus.item', 719, 102, 'COM_ACTIONLOGS_DISABLED'),
(24, 'PLG_ACTIONLOG_JOOMLA_USER_CHECKIN', '{\"action\":\"checkin\",\"type\":\"PLG_ACTIONLOG_JOOMLA_TYPE_USER\",\"id\":\"719\",\"title\":\"root_pafcio\",\"itemlink\":\"index.php?option=com_users&task=user.edit&id=719\",\"userid\":\"719\",\"username\":\"root_pafcio\",\"accountlink\":\"index.php?option=com_users&task=user.edit&id=719\",\"table\":\"#__categories\"}', '2021-04-12 07:39:20', 'com_checkin', 719, 719, 'COM_ACTIONLOGS_DISABLED'),
(25, 'PLG_SYSTEM_ACTIONLOGS_CONTENT_ADDED', '{\"action\":\"add\",\"type\":\"PLG_ACTIONLOG_JOOMLA_TYPE_CATEGORY\",\"id\":10,\"title\":\"Katalog produkt\\u00f3w\",\"itemlink\":\"index.php?option=com_categories&task=category.edit&id=10\",\"userid\":\"719\",\"username\":\"root_pafcio\",\"accountlink\":\"index.php?option=com_users&task=user.edit&id=719\"}', '2021-04-12 07:39:51', 'com_categories.category', 719, 10, 'COM_ACTIONLOGS_DISABLED'),
(26, 'PLG_SYSTEM_ACTIONLOGS_CONTENT_ADDED', '{\"action\":\"add\",\"type\":\"PLG_ACTIONLOG_JOOMLA_TYPE_CATEGORY\",\"id\":11,\"title\":\"Biurowe\",\"itemlink\":\"index.php?option=com_categories&task=category.edit&id=11\",\"userid\":\"719\",\"username\":\"root_pafcio\",\"accountlink\":\"index.php?option=com_users&task=user.edit&id=719\"}', '2021-04-12 07:40:34', 'com_categories.category', 719, 11, 'COM_ACTIONLOGS_DISABLED'),
(27, 'PLG_SYSTEM_ACTIONLOGS_CONTENT_ADDED', '{\"action\":\"add\",\"type\":\"PLG_ACTIONLOG_JOOMLA_TYPE_CATEGORY\",\"id\":12,\"title\":\"Grafika\",\"itemlink\":\"index.php?option=com_categories&task=category.edit&id=12\",\"userid\":\"719\",\"username\":\"root_pafcio\",\"accountlink\":\"index.php?option=com_users&task=user.edit&id=719\"}', '2021-04-12 07:40:53', 'com_categories.category', 719, 12, 'COM_ACTIONLOGS_DISABLED'),
(28, 'PLG_SYSTEM_ACTIONLOGS_CONTENT_ADDED', '{\"action\":\"add\",\"type\":\"PLG_ACTIONLOG_JOOMLA_TYPE_CATEGORY\",\"id\":13,\"title\":\"Internet\",\"itemlink\":\"index.php?option=com_categories&task=category.edit&id=13\",\"userid\":\"719\",\"username\":\"root_pafcio\",\"accountlink\":\"index.php?option=com_users&task=user.edit&id=719\"}', '2021-04-12 07:41:17', 'com_categories.category', 719, 13, 'COM_ACTIONLOGS_DISABLED'),
(29, 'PLG_SYSTEM_ACTIONLOGS_CONTENT_ADDED', '{\"action\":\"add\",\"type\":\"PLG_ACTIONLOG_JOOMLA_TYPE_CATEGORY\",\"id\":14,\"title\":\"Kursy\",\"itemlink\":\"index.php?option=com_categories&task=category.edit&id=14\",\"userid\":\"719\",\"username\":\"root_pafcio\",\"accountlink\":\"index.php?option=com_users&task=user.edit&id=719\"}', '2021-04-12 07:41:42', 'com_categories.category', 719, 14, 'COM_ACTIONLOGS_DISABLED'),
(30, 'PLG_SYSTEM_ACTIONLOGS_CONTENT_ADDED', '{\"action\":\"add\",\"type\":\"PLG_ACTIONLOG_JOOMLA_TYPE_CATEGORY\",\"id\":15,\"title\":\"Zamawianie\",\"itemlink\":\"index.php?option=com_categories&task=category.edit&id=15\",\"userid\":\"719\",\"username\":\"root_pafcio\",\"accountlink\":\"index.php?option=com_users&task=user.edit&id=719\"}', '2021-04-12 07:42:14', 'com_categories.category', 719, 15, 'COM_ACTIONLOGS_DISABLED'),
(31, 'PLG_SYSTEM_ACTIONLOGS_CONTENT_ADDED', '{\"action\":\"add\",\"type\":\"PLG_ACTIONLOG_JOOMLA_TYPE_ARTICLE\",\"id\":2,\"title\":\"Kurs Excel 2010\",\"itemlink\":\"index.php?option=com_content&task=article.edit&id=2\",\"userid\":\"719\",\"username\":\"root_pafcio\",\"accountlink\":\"index.php?option=com_users&task=user.edit&id=719\"}', '2021-04-12 07:42:46', 'com_content.article', 719, 2, 'COM_ACTIONLOGS_DISABLED'),
(32, 'PLG_SYSTEM_ACTIONLOGS_CONTENT_ADDED', '{\"action\":\"add\",\"type\":\"PLG_ACTIONLOG_JOOMLA_TYPE_ARTICLE\",\"id\":3,\"title\":\"Kurs Word 2010\",\"itemlink\":\"index.php?option=com_content&task=article.edit&id=3\",\"userid\":\"719\",\"username\":\"root_pafcio\",\"accountlink\":\"index.php?option=com_users&task=user.edit&id=719\"}', '2021-04-12 07:43:02', 'com_content.article', 719, 3, 'COM_ACTIONLOGS_DISABLED'),
(33, 'PLG_SYSTEM_ACTIONLOGS_CONTENT_UPDATED', '{\"action\":\"update\",\"type\":\"PLG_ACTIONLOG_JOOMLA_TYPE_ARTICLE\",\"id\":3,\"title\":\"Kurs Word 2010\",\"itemlink\":\"index.php?option=com_content&task=article.edit&id=3\",\"userid\":\"719\",\"username\":\"root_pafcio\",\"accountlink\":\"index.php?option=com_users&task=user.edit&id=719\"}', '2021-04-12 07:43:03', 'com_content.article', 719, 3, 'COM_ACTIONLOGS_DISABLED'),
(34, 'PLG_ACTIONLOG_JOOMLA_USER_CHECKIN', '{\"action\":\"checkin\",\"type\":\"PLG_ACTIONLOG_JOOMLA_TYPE_USER\",\"id\":\"719\",\"title\":\"root_pafcio\",\"itemlink\":\"index.php?option=com_users&task=user.edit&id=719\",\"userid\":\"719\",\"username\":\"root_pafcio\",\"accountlink\":\"index.php?option=com_users&task=user.edit&id=719\",\"table\":\"#__content\"}', '2021-04-12 07:43:03', 'com_checkin', 719, 719, 'COM_ACTIONLOGS_DISABLED'),
(35, 'PLG_SYSTEM_ACTIONLOGS_CONTENT_ADDED', '{\"action\":\"add\",\"type\":\"PLG_ACTIONLOG_JOOMLA_TYPE_ARTICLE\",\"id\":4,\"title\":\"Kurs Access 2010\",\"itemlink\":\"index.php?option=com_content&task=article.edit&id=4\",\"userid\":\"719\",\"username\":\"root_pafcio\",\"accountlink\":\"index.php?option=com_users&task=user.edit&id=719\"}', '2021-04-12 07:43:49', 'com_content.article', 719, 4, 'COM_ACTIONLOGS_DISABLED'),
(36, 'PLG_SYSTEM_ACTIONLOGS_CONTENT_ADDED', '{\"action\":\"add\",\"type\":\"PLG_ACTIONLOG_JOOMLA_TYPE_ARTICLE\",\"id\":5,\"title\":\"Kurs Corel X5\",\"itemlink\":\"index.php?option=com_content&task=article.edit&id=5\",\"userid\":\"719\",\"username\":\"root_pafcio\",\"accountlink\":\"index.php?option=com_users&task=user.edit&id=719\"}', '2021-04-12 07:44:13', 'com_content.article', 719, 5, 'COM_ACTIONLOGS_DISABLED'),
(37, 'PLG_SYSTEM_ACTIONLOGS_CONTENT_ADDED', '{\"action\":\"add\",\"type\":\"PLG_ACTIONLOG_JOOMLA_TYPE_ARTICLE\",\"id\":6,\"title\":\"Kurs Joomla 2.5\",\"itemlink\":\"index.php?option=com_content&task=article.edit&id=6\",\"userid\":\"719\",\"username\":\"root_pafcio\",\"accountlink\":\"index.php?option=com_users&task=user.edit&id=719\"}', '2021-04-12 07:44:30', 'com_content.article', 719, 6, 'COM_ACTIONLOGS_DISABLED'),
(38, 'PLG_SYSTEM_ACTIONLOGS_CONTENT_ADDED', '{\"action\":\"add\",\"type\":\"PLG_ACTIONLOG_JOOMLA_TYPE_ARTICLE\",\"id\":7,\"title\":\"Kurs Joomla 2.5\",\"itemlink\":\"index.php?option=com_content&task=article.edit&id=7\",\"userid\":\"719\",\"username\":\"root_pafcio\",\"accountlink\":\"index.php?option=com_users&task=user.edit&id=719\"}', '2021-04-12 07:44:40', 'com_content.article', 719, 7, 'COM_ACTIONLOGS_DISABLED'),
(39, 'PLG_SYSTEM_ACTIONLOGS_CONTENT_ADDED', '{\"action\":\"add\",\"type\":\"PLG_ACTIONLOG_JOOMLA_TYPE_ARTICLE\",\"id\":8,\"title\":\"Kurs HTML5\",\"itemlink\":\"index.php?option=com_content&task=article.edit&id=8\",\"userid\":\"719\",\"username\":\"root_pafcio\",\"accountlink\":\"index.php?option=com_users&task=user.edit&id=719\"}', '2021-04-12 07:44:56', 'com_content.article', 719, 8, 'COM_ACTIONLOGS_DISABLED'),
(40, 'PLG_SYSTEM_ACTIONLOGS_CONTENT_ADDED', '{\"action\":\"add\",\"type\":\"PLG_ACTIONLOG_JOOMLA_TYPE_ARTICLE\",\"id\":9,\"title\":\"Wymagania systemowe\",\"itemlink\":\"index.php?option=com_content&task=article.edit&id=9\",\"userid\":\"719\",\"username\":\"root_pafcio\",\"accountlink\":\"index.php?option=com_users&task=user.edit&id=719\"}', '2021-04-12 07:45:17', 'com_content.article', 719, 9, 'COM_ACTIONLOGS_DISABLED'),
(41, 'PLG_SYSTEM_ACTIONLOGS_CONTENT_ADDED', '{\"action\":\"add\",\"type\":\"PLG_ACTIONLOG_JOOMLA_TYPE_ARTICLE\",\"id\":10,\"title\":\"Jak\\u0105 wersj\\u0119 wybra\\u0107\",\"itemlink\":\"index.php?option=com_content&task=article.edit&id=10\",\"userid\":\"719\",\"username\":\"root_pafcio\",\"accountlink\":\"index.php?option=com_users&task=user.edit&id=719\"}', '2021-04-12 07:45:34', 'com_content.article', 719, 10, 'COM_ACTIONLOGS_DISABLED'),
(42, 'PLG_SYSTEM_ACTIONLOGS_CONTENT_ADDED', '{\"action\":\"add\",\"type\":\"PLG_ACTIONLOG_JOOMLA_TYPE_ARTICLE\",\"id\":11,\"title\":\"P\\u0142atno\\u015bci\",\"itemlink\":\"index.php?option=com_content&task=article.edit&id=11\",\"userid\":\"719\",\"username\":\"root_pafcio\",\"accountlink\":\"index.php?option=com_users&task=user.edit&id=719\"}', '2021-04-12 07:45:49', 'com_content.article', 719, 11, 'COM_ACTIONLOGS_DISABLED'),
(43, 'PLG_SYSTEM_ACTIONLOGS_CONTENT_ADDED', '{\"action\":\"add\",\"type\":\"PLG_ACTIONLOG_JOOMLA_TYPE_ARTICLE\",\"id\":12,\"title\":\"Metody wysy\\u0142ki\",\"itemlink\":\"index.php?option=com_content&task=article.edit&id=12\",\"userid\":\"719\",\"username\":\"root_pafcio\",\"accountlink\":\"index.php?option=com_users&task=user.edit&id=719\"}', '2021-04-12 07:46:04', 'com_content.article', 719, 12, 'COM_ACTIONLOGS_DISABLED'),
(44, 'PLG_SYSTEM_ACTIONLOGS_CONTENT_ADDED', '{\"action\":\"add\",\"type\":\"PLG_ACTIONLOG_JOOMLA_TYPE_ARTICLE\",\"id\":13,\"title\":\"Czas realizacji\",\"itemlink\":\"index.php?option=com_content&task=article.edit&id=13\",\"userid\":\"719\",\"username\":\"root_pafcio\",\"accountlink\":\"index.php?option=com_users&task=user.edit&id=719\"}', '2021-04-12 07:46:20', 'com_content.article', 719, 13, 'COM_ACTIONLOGS_DISABLED'),
(45, 'PLG_ACTIONLOG_JOOMLA_USER_CHECKIN', '{\"action\":\"checkin\",\"type\":\"PLG_ACTIONLOG_JOOMLA_TYPE_USER\",\"id\":\"719\",\"title\":\"root_pafcio\",\"itemlink\":\"index.php?option=com_users&task=user.edit&id=719\",\"userid\":\"719\",\"username\":\"root_pafcio\",\"accountlink\":\"index.php?option=com_users&task=user.edit&id=719\",\"table\":\"#__content\"}', '2021-04-12 07:47:51', 'com_checkin', 719, 719, 'COM_ACTIONLOGS_DISABLED'),
(46, 'PLG_SYSTEM_ACTIONLOGS_CONTENT_TRASHED', '{\"action\":\"trash\",\"type\":\"PLG_ACTIONLOG_JOOMLA_TYPE_ARTICLE\",\"id\":6,\"title\":\"Kurs Joomla 2.5\",\"itemlink\":\"index.php?option=com_content&task=article.edit&id=6\",\"userid\":\"719\",\"username\":\"root_pafcio\",\"accountlink\":\"index.php?option=com_users&task=user.edit&id=719\"}', '2021-04-12 07:47:51', 'com_content.article', 719, 6, 'COM_ACTIONLOGS_DISABLED'),
(47, 'PLG_ACTIONLOG_JOOMLA_USER_LOGGED_IN', '{\"action\":\"login\",\"userid\":\"719\",\"username\":\"root_pafcio\",\"accountlink\":\"index.php?option=com_users&task=user.edit&id=719\",\"app\":\"PLG_ACTIONLOG_JOOMLA_APPLICATION_ADMINISTRATOR\"}', '2021-04-12 08:07:20', 'com_users', 719, 0, 'COM_ACTIONLOGS_DISABLED'),
(48, 'PLG_SYSTEM_ACTIONLOGS_CONTENT_ADDED', '{\"action\":\"add\",\"type\":\"PLG_ACTIONLOG_JOOMLA_TYPE_MENU_ITEM\",\"id\":103,\"title\":\"Katalog produkt\\u00f3w\",\"itemlink\":\"index.php?option=com_menus&task=item.edit&id=103\",\"userid\":\"719\",\"username\":\"root_pafcio\",\"accountlink\":\"index.php?option=com_users&task=user.edit&id=719\"}', '2021-04-12 08:08:20', 'com_menus.item', 719, 103, 'COM_ACTIONLOGS_DISABLED'),
(49, 'PLG_ACTIONLOG_JOOMLA_USER_CHECKIN', '{\"action\":\"checkin\",\"type\":\"PLG_ACTIONLOG_JOOMLA_TYPE_USER\",\"id\":\"719\",\"title\":\"root_pafcio\",\"itemlink\":\"index.php?option=com_users&task=user.edit&id=719\",\"userid\":\"719\",\"username\":\"root_pafcio\",\"accountlink\":\"index.php?option=com_users&task=user.edit&id=719\",\"table\":\"#__menu\"}', '2021-04-12 08:09:05', 'com_checkin', 719, 719, 'COM_ACTIONLOGS_DISABLED'),
(50, 'PLG_SYSTEM_ACTIONLOGS_CONTENT_ADDED', '{\"action\":\"add\",\"type\":\"PLG_ACTIONLOG_JOOMLA_TYPE_MENU_ITEM\",\"id\":104,\"title\":\"Biurowe\",\"itemlink\":\"index.php?option=com_menus&task=item.edit&id=104\",\"userid\":\"719\",\"username\":\"root_pafcio\",\"accountlink\":\"index.php?option=com_users&task=user.edit&id=719\"}', '2021-04-12 08:09:47', 'com_menus.item', 719, 104, 'COM_ACTIONLOGS_DISABLED'),
(51, 'PLG_SYSTEM_ACTIONLOGS_CONTENT_UPDATED', '{\"action\":\"update\",\"type\":\"PLG_ACTIONLOG_JOOMLA_TYPE_MENU_ITEM\",\"id\":104,\"title\":\"Biurowe\",\"itemlink\":\"index.php?option=com_menus&task=item.edit&id=104\",\"userid\":\"719\",\"username\":\"root_pafcio\",\"accountlink\":\"index.php?option=com_users&task=user.edit&id=719\"}', '2021-04-12 08:10:31', 'com_menus.item', 719, 104, 'COM_ACTIONLOGS_DISABLED'),
(52, 'PLG_ACTIONLOG_JOOMLA_USER_CHECKIN', '{\"action\":\"checkin\",\"type\":\"PLG_ACTIONLOG_JOOMLA_TYPE_USER\",\"id\":\"719\",\"title\":\"root_pafcio\",\"itemlink\":\"index.php?option=com_users&task=user.edit&id=719\",\"userid\":\"719\",\"username\":\"root_pafcio\",\"accountlink\":\"index.php?option=com_users&task=user.edit&id=719\",\"table\":\"#__menu\"}', '2021-04-12 08:10:31', 'com_checkin', 719, 719, 'COM_ACTIONLOGS_DISABLED'),
(53, 'PLG_SYSTEM_ACTIONLOGS_CONTENT_ADDED', '{\"action\":\"add\",\"type\":\"PLG_ACTIONLOG_JOOMLA_TYPE_MENU_ITEM\",\"id\":105,\"title\":\"Kursy\",\"itemlink\":\"index.php?option=com_menus&task=item.edit&id=105\",\"userid\":\"719\",\"username\":\"root_pafcio\",\"accountlink\":\"index.php?option=com_users&task=user.edit&id=719\"}', '2021-04-12 08:11:26', 'com_menus.item', 719, 105, 'COM_ACTIONLOGS_DISABLED'),
(54, 'PLG_SYSTEM_ACTIONLOGS_CONTENT_ADDED', '{\"action\":\"add\",\"type\":\"PLG_ACTIONLOG_JOOMLA_TYPE_MENU_ITEM\",\"id\":106,\"title\":\"Zamawianie\",\"itemlink\":\"index.php?option=com_menus&task=item.edit&id=106\",\"userid\":\"719\",\"username\":\"root_pafcio\",\"accountlink\":\"index.php?option=com_users&task=user.edit&id=719\"}', '2021-04-12 08:11:51', 'com_menus.item', 719, 106, 'COM_ACTIONLOGS_DISABLED'),
(55, 'PLG_SYSTEM_ACTIONLOGS_CONTENT_UPDATED', '{\"action\":\"update\",\"type\":\"PLG_ACTIONLOG_JOOMLA_TYPE_MENU_ITEM\",\"id\":105,\"title\":\"Kursy\",\"itemlink\":\"index.php?option=com_menus&task=item.edit&id=105\",\"userid\":\"719\",\"username\":\"root_pafcio\",\"accountlink\":\"index.php?option=com_users&task=user.edit&id=719\"}', '2021-04-12 08:12:27', 'com_menus.item', 719, 105, 'COM_ACTIONLOGS_DISABLED'),
(56, 'PLG_ACTIONLOG_JOOMLA_USER_CHECKIN', '{\"action\":\"checkin\",\"type\":\"PLG_ACTIONLOG_JOOMLA_TYPE_USER\",\"id\":\"719\",\"title\":\"root_pafcio\",\"itemlink\":\"index.php?option=com_users&task=user.edit&id=719\",\"userid\":\"719\",\"username\":\"root_pafcio\",\"accountlink\":\"index.php?option=com_users&task=user.edit&id=719\",\"table\":\"#__menu\"}', '2021-04-12 08:12:27', 'com_checkin', 719, 719, 'COM_ACTIONLOGS_DISABLED'),
(57, 'PLG_SYSTEM_ACTIONLOGS_CONTENT_UPDATED', '{\"action\":\"update\",\"type\":\"PLG_ACTIONLOG_JOOMLA_TYPE_MENU_ITEM\",\"id\":104,\"title\":\"Biurowe\",\"itemlink\":\"index.php?option=com_menus&task=item.edit&id=104\",\"userid\":\"719\",\"username\":\"root_pafcio\",\"accountlink\":\"index.php?option=com_users&task=user.edit&id=719\"}', '2021-04-12 08:13:00', 'com_menus.item', 719, 104, 'COM_ACTIONLOGS_DISABLED'),
(58, 'PLG_ACTIONLOG_JOOMLA_USER_CHECKIN', '{\"action\":\"checkin\",\"type\":\"PLG_ACTIONLOG_JOOMLA_TYPE_USER\",\"id\":\"719\",\"title\":\"root_pafcio\",\"itemlink\":\"index.php?option=com_users&task=user.edit&id=719\",\"userid\":\"719\",\"username\":\"root_pafcio\",\"accountlink\":\"index.php?option=com_users&task=user.edit&id=719\",\"table\":\"#__menu\"}', '2021-04-12 08:13:00', 'com_checkin', 719, 719, 'COM_ACTIONLOGS_DISABLED'),
(59, 'PLG_SYSTEM_ACTIONLOGS_CONTENT_ADDED', '{\"action\":\"add\",\"type\":\"PLG_ACTIONLOG_JOOMLA_TYPE_MENU_ITEM\",\"id\":107,\"title\":\"Grafika\",\"itemlink\":\"index.php?option=com_menus&task=item.edit&id=107\",\"userid\":\"719\",\"username\":\"root_pafcio\",\"accountlink\":\"index.php?option=com_users&task=user.edit&id=719\"}', '2021-04-12 08:13:22', 'com_menus.item', 719, 107, 'COM_ACTIONLOGS_DISABLED'),
(60, 'PLG_SYSTEM_ACTIONLOGS_CONTENT_ADDED', '{\"action\":\"add\",\"type\":\"PLG_ACTIONLOG_JOOMLA_TYPE_MENU_ITEM\",\"id\":108,\"title\":\"Internet\",\"itemlink\":\"index.php?option=com_menus&task=item.edit&id=108\",\"userid\":\"719\",\"username\":\"root_pafcio\",\"accountlink\":\"index.php?option=com_users&task=user.edit&id=719\"}', '2021-04-12 08:13:34', 'com_menus.item', 719, 108, 'COM_ACTIONLOGS_DISABLED'),
(61, 'PLG_SYSTEM_ACTIONLOGS_CONTENT_UPDATED', '{\"action\":\"update\",\"type\":\"PLG_ACTIONLOG_JOOMLA_TYPE_MENU_ITEM\",\"id\":105,\"title\":\"Kursy\",\"itemlink\":\"index.php?option=com_menus&task=item.edit&id=105\",\"userid\":\"719\",\"username\":\"root_pafcio\",\"accountlink\":\"index.php?option=com_users&task=user.edit&id=719\"}', '2021-04-12 08:13:41', 'com_menus.item', 719, 105, 'COM_ACTIONLOGS_DISABLED'),
(62, 'PLG_ACTIONLOG_JOOMLA_USER_CHECKIN', '{\"action\":\"checkin\",\"type\":\"PLG_ACTIONLOG_JOOMLA_TYPE_USER\",\"id\":\"719\",\"title\":\"root_pafcio\",\"itemlink\":\"index.php?option=com_users&task=user.edit&id=719\",\"userid\":\"719\",\"username\":\"root_pafcio\",\"accountlink\":\"index.php?option=com_users&task=user.edit&id=719\",\"table\":\"#__menu\"}', '2021-04-12 08:13:41', 'com_checkin', 719, 719, 'COM_ACTIONLOGS_DISABLED'),
(63, 'PLG_SYSTEM_ACTIONLOGS_CONTENT_UPDATED', '{\"action\":\"update\",\"type\":\"PLG_ACTIONLOG_JOOMLA_TYPE_MENU_ITEM\",\"id\":108,\"title\":\"Internet\",\"itemlink\":\"index.php?option=com_menus&task=item.edit&id=108\",\"userid\":\"719\",\"username\":\"root_pafcio\",\"accountlink\":\"index.php?option=com_users&task=user.edit&id=719\"}', '2021-04-12 08:13:50', 'com_menus.item', 719, 108, 'COM_ACTIONLOGS_DISABLED'),
(64, 'PLG_ACTIONLOG_JOOMLA_USER_CHECKIN', '{\"action\":\"checkin\",\"type\":\"PLG_ACTIONLOG_JOOMLA_TYPE_USER\",\"id\":\"719\",\"title\":\"root_pafcio\",\"itemlink\":\"index.php?option=com_users&task=user.edit&id=719\",\"userid\":\"719\",\"username\":\"root_pafcio\",\"accountlink\":\"index.php?option=com_users&task=user.edit&id=719\",\"table\":\"#__menu\"}', '2021-04-12 08:13:50', 'com_checkin', 719, 719, 'COM_ACTIONLOGS_DISABLED'),
(65, 'PLG_SYSTEM_ACTIONLOGS_CONTENT_UPDATED', '{\"action\":\"update\",\"type\":\"PLG_ACTIONLOG_JOOMLA_TYPE_MENU_ITEM\",\"id\":105,\"title\":\"Kursy\",\"itemlink\":\"index.php?option=com_menus&task=item.edit&id=105\",\"userid\":\"719\",\"username\":\"root_pafcio\",\"accountlink\":\"index.php?option=com_users&task=user.edit&id=719\"}', '2021-04-12 08:13:58', 'com_menus.item', 719, 105, 'COM_ACTIONLOGS_DISABLED'),
(66, 'PLG_ACTIONLOG_JOOMLA_USER_CHECKIN', '{\"action\":\"checkin\",\"type\":\"PLG_ACTIONLOG_JOOMLA_TYPE_USER\",\"id\":\"719\",\"title\":\"root_pafcio\",\"itemlink\":\"index.php?option=com_users&task=user.edit&id=719\",\"userid\":\"719\",\"username\":\"root_pafcio\",\"accountlink\":\"index.php?option=com_users&task=user.edit&id=719\",\"table\":\"#__menu\"}', '2021-04-12 08:13:58', 'com_checkin', 719, 719, 'COM_ACTIONLOGS_DISABLED'),
(67, 'PLG_SYSTEM_ACTIONLOGS_CONTENT_UPDATED', '{\"action\":\"update\",\"type\":\"PLG_ACTIONLOG_JOOMLA_TYPE_MENU_ITEM\",\"id\":107,\"title\":\"Grafika\",\"itemlink\":\"index.php?option=com_menus&task=item.edit&id=107\",\"userid\":\"719\",\"username\":\"root_pafcio\",\"accountlink\":\"index.php?option=com_users&task=user.edit&id=719\"}', '2021-04-12 08:14:05', 'com_menus.item', 719, 107, 'COM_ACTIONLOGS_DISABLED'),
(68, 'PLG_ACTIONLOG_JOOMLA_USER_CHECKIN', '{\"action\":\"checkin\",\"type\":\"PLG_ACTIONLOG_JOOMLA_TYPE_USER\",\"id\":\"719\",\"title\":\"root_pafcio\",\"itemlink\":\"index.php?option=com_users&task=user.edit&id=719\",\"userid\":\"719\",\"username\":\"root_pafcio\",\"accountlink\":\"index.php?option=com_users&task=user.edit&id=719\",\"table\":\"#__menu\"}', '2021-04-12 08:14:05', 'com_checkin', 719, 719, 'COM_ACTIONLOGS_DISABLED'),
(69, 'PLG_ACTIONLOG_JOOMLA_USER_CHECKIN', '{\"action\":\"checkin\",\"type\":\"PLG_ACTIONLOG_JOOMLA_TYPE_USER\",\"id\":\"719\",\"title\":\"root_pafcio\",\"itemlink\":\"index.php?option=com_users&task=user.edit&id=719\",\"userid\":\"719\",\"username\":\"root_pafcio\",\"accountlink\":\"index.php?option=com_users&task=user.edit&id=719\",\"table\":\"#__categories\"}', '2021-04-12 08:14:26', 'com_checkin', 719, 719, 'COM_ACTIONLOGS_DISABLED'),
(70, 'PLG_SYSTEM_ACTIONLOGS_CONTENT_UPDATED', '{\"action\":\"update\",\"type\":\"PLG_ACTIONLOG_JOOMLA_TYPE_MENU_ITEM\",\"id\":104,\"title\":\"Biurowe\",\"itemlink\":\"index.php?option=com_menus&task=item.edit&id=104\",\"userid\":\"719\",\"username\":\"root_pafcio\",\"accountlink\":\"index.php?option=com_users&task=user.edit&id=719\"}', '2021-04-12 08:14:43', 'com_menus.item', 719, 104, 'COM_ACTIONLOGS_DISABLED'),
(71, 'PLG_ACTIONLOG_JOOMLA_USER_CHECKIN', '{\"action\":\"checkin\",\"type\":\"PLG_ACTIONLOG_JOOMLA_TYPE_USER\",\"id\":\"719\",\"title\":\"root_pafcio\",\"itemlink\":\"index.php?option=com_users&task=user.edit&id=719\",\"userid\":\"719\",\"username\":\"root_pafcio\",\"accountlink\":\"index.php?option=com_users&task=user.edit&id=719\",\"table\":\"#__menu\"}', '2021-04-12 08:14:43', 'com_checkin', 719, 719, 'COM_ACTIONLOGS_DISABLED'),
(72, 'PLG_SYSTEM_ACTIONLOGS_CONTENT_UPDATED', '{\"action\":\"update\",\"type\":\"PLG_ACTIONLOG_JOOMLA_TYPE_MENU_ITEM\",\"id\":104,\"title\":\"Biurowe\",\"itemlink\":\"index.php?option=com_menus&task=item.edit&id=104\",\"userid\":\"719\",\"username\":\"root_pafcio\",\"accountlink\":\"index.php?option=com_users&task=user.edit&id=719\"}', '2021-04-12 08:14:44', 'com_menus.item', 719, 104, 'COM_ACTIONLOGS_DISABLED'),
(73, 'PLG_ACTIONLOG_JOOMLA_USER_LOGGED_IN', '{\"action\":\"login\",\"userid\":\"719\",\"username\":\"root_pafcio\",\"accountlink\":\"index.php?option=com_users&task=user.edit&id=719\",\"app\":\"PLG_ACTIONLOG_JOOMLA_APPLICATION_SITE\"}', '2021-04-19 06:18:43', 'com_users', 719, 0, 'COM_ACTIONLOGS_DISABLED'),
(74, 'PLG_ACTIONLOG_JOOMLA_USER_LOGGED_OUT', '{\"action\":\"logout\",\"id\":\"719\",\"userid\":\"719\",\"username\":\"root_pafcio\",\"accountlink\":\"index.php?option=com_users&task=user.edit&id=719\",\"app\":\"PLG_ACTIONLOG_JOOMLA_APPLICATION_SITE\"}', '2021-04-19 06:18:53', 'com_users', 719, 719, 'COM_ACTIONLOGS_DISABLED'),
(75, 'PLG_ACTIONLOG_JOOMLA_USER_LOGGED_IN', '{\"action\":\"login\",\"userid\":\"719\",\"username\":\"root_pafcio\",\"accountlink\":\"index.php?option=com_users&task=user.edit&id=719\",\"app\":\"PLG_ACTIONLOG_JOOMLA_APPLICATION_ADMINISTRATOR\"}', '2021-04-19 06:20:05', 'com_users', 719, 0, 'COM_ACTIONLOGS_DISABLED'),
(76, 'PLG_ACTIONLOG_JOOMLA_USER_UPDATE', '{\"action\":\"joomlaupdate\",\"type\":\"PLG_ACTIONLOG_JOOMLA_TYPE_USER\",\"id\":\"719\",\"title\":\"root_pafcio\",\"itemlink\":\"index.php?option=com_users&task=user.edit&id=719\",\"userid\":\"719\",\"username\":\"root_pafcio\",\"accountlink\":\"index.php?option=com_users&task=user.edit&id=719\",\"version\":\"3.9.26\",\"oldversion\":\"3.9.25\"}', '2021-04-19 06:21:42', 'com_joomlaupdate', 719, 719, 'COM_ACTIONLOGS_DISABLED'),
(77, 'PLG_SYSTEM_ACTIONLOGS_CONTENT_ADDED', '{\"action\":\"add\",\"type\":\"PLG_ACTIONLOG_JOOMLA_TYPE_MENU_ITEM\",\"id\":109,\"title\":\"Dodaj artyku\\u0142\",\"itemlink\":\"index.php?option=com_menus&task=item.edit&id=109\",\"userid\":\"719\",\"username\":\"root_pafcio\",\"accountlink\":\"index.php?option=com_users&task=user.edit&id=719\"}', '2021-04-19 06:24:34', 'com_menus.item', 719, 109, 'COM_ACTIONLOGS_DISABLED'),
(78, 'PLG_SYSTEM_ACTIONLOGS_CONTENT_ADDED', '{\"action\":\"add\",\"type\":\"PLG_ACTIONLOG_JOOMLA_TYPE_USER\",\"id\":720,\"title\":\"redaktor\",\"itemlink\":\"index.php?option=com_users&task=user.edit&id=720\",\"userid\":\"719\",\"username\":\"root_pafcio\",\"accountlink\":\"index.php?option=com_users&task=user.edit&id=719\"}', '2021-04-19 06:30:10', 'com_users', 719, 720, 'COM_ACTIONLOGS_DISABLED'),
(79, 'PLG_SYSTEM_ACTIONLOGS_CONTENT_ADDED', '{\"action\":\"add\",\"type\":\"PLG_ACTIONLOG_JOOMLA_TYPE_USER\",\"id\":721,\"title\":\"autor\",\"itemlink\":\"index.php?option=com_users&task=user.edit&id=721\",\"userid\":\"719\",\"username\":\"root_pafcio\",\"accountlink\":\"index.php?option=com_users&task=user.edit&id=719\"}', '2021-04-19 06:30:57', 'com_users', 719, 721, 'COM_ACTIONLOGS_DISABLED'),
(80, 'PLG_ACTIONLOG_JOOMLA_USER_LOGGED_IN', '{\"action\":\"login\",\"userid\":\"721\",\"username\":\"autor\",\"accountlink\":\"index.php?option=com_users&task=user.edit&id=721\",\"app\":\"PLG_ACTIONLOG_JOOMLA_APPLICATION_SITE\"}', '2021-04-19 06:31:20', 'com_users', 721, 0, 'COM_ACTIONLOGS_DISABLED'),
(81, 'PLG_ACTIONLOG_JOOMLA_USER_LOGGED_OUT', '{\"action\":\"logout\",\"id\":\"721\",\"userid\":\"721\",\"username\":\"autor\",\"accountlink\":\"index.php?option=com_users&task=user.edit&id=721\",\"app\":\"PLG_ACTIONLOG_JOOMLA_APPLICATION_SITE\"}', '2021-04-19 06:31:24', 'com_users', 721, 721, 'COM_ACTIONLOGS_DISABLED'),
(82, 'PLG_ACTIONLOG_JOOMLA_USER_CHECKIN', '{\"action\":\"checkin\",\"type\":\"PLG_ACTIONLOG_JOOMLA_TYPE_USER\",\"id\":\"719\",\"title\":\"root_pafcio\",\"itemlink\":\"index.php?option=com_users&task=user.edit&id=719\",\"userid\":\"719\",\"username\":\"root_pafcio\",\"accountlink\":\"index.php?option=com_users&task=user.edit&id=719\",\"table\":\"#__menu\"}', '2021-04-19 06:32:17', 'com_checkin', 719, 719, 'COM_ACTIONLOGS_DISABLED'),
(83, 'PLG_ACTIONLOG_JOOMLA_USER_LOGGED_IN', '{\"action\":\"login\",\"userid\":\"721\",\"username\":\"autor\",\"accountlink\":\"index.php?option=com_users&task=user.edit&id=721\",\"app\":\"PLG_ACTIONLOG_JOOMLA_APPLICATION_SITE\"}', '2021-04-19 06:32:29', 'com_users', 721, 0, 'COM_ACTIONLOGS_DISABLED'),
(84, 'PLG_SYSTEM_ACTIONLOGS_CONTENT_ADDED', '{\"action\":\"add\",\"type\":\"PLG_ACTIONLOG_JOOMLA_TYPE_ARTICLE\",\"id\":14,\"title\":\"Artyku\\u0142 autora\",\"itemlink\":\"index.php?option=com_content&task=article.edit&id=14\",\"userid\":\"721\",\"username\":\"autor\",\"accountlink\":\"index.php?option=com_users&task=user.edit&id=721\"}', '2021-04-19 06:32:45', 'com_content.article', 721, 14, 'COM_ACTIONLOGS_DISABLED'),
(85, 'PLG_ACTIONLOG_JOOMLA_USER_CHECKIN', '{\"action\":\"checkin\",\"type\":\"PLG_ACTIONLOG_JOOMLA_TYPE_USER\",\"id\":\"719\",\"title\":\"root_pafcio\",\"itemlink\":\"index.php?option=com_users&task=user.edit&id=719\",\"userid\":\"719\",\"username\":\"root_pafcio\",\"accountlink\":\"index.php?option=com_users&task=user.edit&id=719\",\"table\":\"#__content\"}', '2021-04-19 06:33:24', 'com_checkin', 719, 719, 'COM_ACTIONLOGS_DISABLED'),
(86, 'PLG_SYSTEM_ACTIONLOGS_CONTENT_PUBLISHED', '{\"action\":\"publish\",\"type\":\"PLG_ACTIONLOG_JOOMLA_TYPE_ARTICLE\",\"id\":14,\"title\":\"Artyku\\u0142 autora\",\"itemlink\":\"index.php?option=com_content&task=article.edit&id=14\",\"userid\":\"719\",\"username\":\"root_pafcio\",\"accountlink\":\"index.php?option=com_users&task=user.edit&id=719\"}', '2021-04-19 06:33:24', 'com_content.article', 719, 14, 'COM_ACTIONLOGS_DISABLED'),
(87, 'PLG_SYSTEM_ACTIONLOGS_CONTENT_UPDATED', '{\"action\":\"update\",\"type\":\"PLG_ACTIONLOG_JOOMLA_TYPE_ARTICLE\",\"id\":14,\"title\":\"Artyku\\u0142 autora\",\"itemlink\":\"index.php?option=com_content&task=article.edit&id=14\",\"userid\":\"719\",\"username\":\"root_pafcio\",\"accountlink\":\"index.php?option=com_users&task=user.edit&id=719\"}', '2021-04-19 06:34:26', 'com_content.article', 719, 14, 'COM_ACTIONLOGS_DISABLED'),
(88, 'PLG_ACTIONLOG_JOOMLA_USER_CHECKIN', '{\"action\":\"checkin\",\"type\":\"PLG_ACTIONLOG_JOOMLA_TYPE_USER\",\"id\":\"719\",\"title\":\"root_pafcio\",\"itemlink\":\"index.php?option=com_users&task=user.edit&id=719\",\"userid\":\"719\",\"username\":\"root_pafcio\",\"accountlink\":\"index.php?option=com_users&task=user.edit&id=719\",\"table\":\"#__content\"}', '2021-04-19 06:34:26', 'com_checkin', 719, 719, 'COM_ACTIONLOGS_DISABLED'),
(89, 'PLG_ACTIONLOG_JOOMLA_USER_CHECKIN', '{\"action\":\"checkin\",\"type\":\"PLG_ACTIONLOG_JOOMLA_TYPE_USER\",\"id\":\"719\",\"title\":\"root_pafcio\",\"itemlink\":\"index.php?option=com_users&task=user.edit&id=719\",\"userid\":\"719\",\"username\":\"root_pafcio\",\"accountlink\":\"index.php?option=com_users&task=user.edit&id=719\",\"table\":\"#__menu\"}', '2021-04-19 06:34:39', 'com_checkin', 719, 719, 'COM_ACTIONLOGS_DISABLED'),
(90, 'PLG_SYSTEM_ACTIONLOGS_CONTENT_UPDATED', '{\"action\":\"update\",\"type\":\"PLG_ACTIONLOG_JOOMLA_TYPE_ARTICLE\",\"id\":14,\"title\":\"Artyku\\u0142 autora\",\"itemlink\":\"index.php?option=com_content&task=article.edit&id=14\",\"userid\":\"719\",\"username\":\"root_pafcio\",\"accountlink\":\"index.php?option=com_users&task=user.edit&id=719\"}', '2021-04-19 06:34:45', 'com_content.article', 719, 14, 'COM_ACTIONLOGS_DISABLED'),
(91, 'PLG_ACTIONLOG_JOOMLA_USER_CHECKIN', '{\"action\":\"checkin\",\"type\":\"PLG_ACTIONLOG_JOOMLA_TYPE_USER\",\"id\":\"719\",\"title\":\"root_pafcio\",\"itemlink\":\"index.php?option=com_users&task=user.edit&id=719\",\"userid\":\"719\",\"username\":\"root_pafcio\",\"accountlink\":\"index.php?option=com_users&task=user.edit&id=719\",\"table\":\"#__content\"}', '2021-04-19 06:34:45', 'com_checkin', 719, 719, 'COM_ACTIONLOGS_DISABLED'),
(92, 'PLG_SYSTEM_ACTIONLOGS_CONTENT_ADDED', '{\"action\":\"add\",\"type\":\"PLG_ACTIONLOG_JOOMLA_TYPE_USER\",\"id\":722,\"title\":\"publiszer\",\"itemlink\":\"index.php?option=com_users&task=user.edit&id=722\",\"userid\":\"719\",\"username\":\"root_pafcio\",\"accountlink\":\"index.php?option=com_users&task=user.edit&id=719\"}', '2021-04-19 06:43:15', 'com_users', 719, 722, 'COM_ACTIONLOGS_DISABLED'),
(93, 'PLG_ACTIONLOG_JOOMLA_USER_LOGGED_OUT', '{\"action\":\"logout\",\"id\":\"721\",\"userid\":\"721\",\"username\":\"autor\",\"accountlink\":\"index.php?option=com_users&task=user.edit&id=721\",\"app\":\"PLG_ACTIONLOG_JOOMLA_APPLICATION_SITE\"}', '2021-04-19 06:43:39', 'com_users', 721, 721, 'COM_ACTIONLOGS_DISABLED'),
(94, 'PLG_ACTIONLOG_JOOMLA_USER_LOGGED_IN', '{\"action\":\"login\",\"userid\":\"720\",\"username\":\"redaktor\",\"accountlink\":\"index.php?option=com_users&task=user.edit&id=720\",\"app\":\"PLG_ACTIONLOG_JOOMLA_APPLICATION_SITE\"}', '2021-04-19 06:43:47', 'com_users', 720, 0, 'COM_ACTIONLOGS_DISABLED'),
(95, 'PLG_ACTIONLOG_JOOMLA_USER_LOGGED_OUT', '{\"action\":\"logout\",\"id\":\"720\",\"userid\":\"720\",\"username\":\"redaktor\",\"accountlink\":\"index.php?option=com_users&task=user.edit&id=720\",\"app\":\"PLG_ACTIONLOG_JOOMLA_APPLICATION_SITE\"}', '2021-04-19 06:43:54', 'com_users', 720, 720, 'COM_ACTIONLOGS_DISABLED'),
(96, 'PLG_ACTIONLOG_JOOMLA_USER_LOGGED_IN', '{\"action\":\"login\",\"userid\":\"722\",\"username\":\"publiszer\",\"accountlink\":\"index.php?option=com_users&task=user.edit&id=722\",\"app\":\"PLG_ACTIONLOG_JOOMLA_APPLICATION_SITE\"}', '2021-04-19 06:44:03', 'com_users', 722, 0, 'COM_ACTIONLOGS_DISABLED'),
(97, 'PLG_ACTIONLOG_JOOMLA_USER_LOGGED_OUT', '{\"action\":\"logout\",\"id\":\"722\",\"userid\":\"722\",\"username\":\"publiszer\",\"accountlink\":\"index.php?option=com_users&task=user.edit&id=722\",\"app\":\"PLG_ACTIONLOG_JOOMLA_APPLICATION_SITE\"}', '2021-04-19 06:44:13', 'com_users', 722, 722, 'COM_ACTIONLOGS_DISABLED'),
(98, 'PLG_ACTIONLOG_JOOMLA_USER_CHECKIN', '{\"action\":\"checkin\",\"type\":\"PLG_ACTIONLOG_JOOMLA_TYPE_USER\",\"id\":\"719\",\"title\":\"root_pafcio\",\"itemlink\":\"index.php?option=com_users&task=user.edit&id=719\",\"userid\":\"719\",\"username\":\"root_pafcio\",\"accountlink\":\"index.php?option=com_users&task=user.edit&id=719\",\"table\":\"#__content\"}', '2021-04-19 06:49:02', 'com_checkin', 719, 719, 'COM_ACTIONLOGS_DISABLED'),
(99, 'PLG_SYSTEM_ACTIONLOGS_CONTENT_ADDED', '{\"action\":\"add\",\"type\":\"PLG_ACTIONLOG_JOOMLA_TYPE_CATEGORY\",\"id\":16,\"title\":\"R\\u00f3zne\",\"itemlink\":\"index.php?option=com_categories&task=category.edit&id=16\",\"userid\":\"719\",\"username\":\"root_pafcio\",\"accountlink\":\"index.php?option=com_users&task=user.edit&id=719\"}', '2021-04-19 06:51:57', 'com_categories.category', 719, 16, 'COM_ACTIONLOGS_DISABLED'),
(100, 'PLG_SYSTEM_ACTIONLOGS_CONTENT_ADDED', '{\"action\":\"add\",\"type\":\"PLG_ACTIONLOG_JOOMLA_TYPE_MENU_ITEM\",\"id\":110,\"title\":\"R\\u00f3\\u017cne\",\"itemlink\":\"index.php?option=com_menus&task=item.edit&id=110\",\"userid\":\"719\",\"username\":\"root_pafcio\",\"accountlink\":\"index.php?option=com_users&task=user.edit&id=719\"}', '2021-04-19 06:52:36', 'com_menus.item', 719, 110, 'COM_ACTIONLOGS_DISABLED'),
(101, 'PLG_SYSTEM_ACTIONLOGS_CONTENT_UPDATED', '{\"action\":\"update\",\"type\":\"PLG_ACTIONLOG_JOOMLA_TYPE_ARTICLE\",\"id\":14,\"title\":\"Artyku\\u0142 autora\",\"itemlink\":\"index.php?option=com_content&task=article.edit&id=14\",\"userid\":\"719\",\"username\":\"root_pafcio\",\"accountlink\":\"index.php?option=com_users&task=user.edit&id=719\"}', '2021-04-19 06:53:11', 'com_content.article', 719, 14, 'COM_ACTIONLOGS_DISABLED'),
(102, 'PLG_ACTIONLOG_JOOMLA_USER_CHECKIN', '{\"action\":\"checkin\",\"type\":\"PLG_ACTIONLOG_JOOMLA_TYPE_USER\",\"id\":\"719\",\"title\":\"root_pafcio\",\"itemlink\":\"index.php?option=com_users&task=user.edit&id=719\",\"userid\":\"719\",\"username\":\"root_pafcio\",\"accountlink\":\"index.php?option=com_users&task=user.edit&id=719\",\"table\":\"#__content\"}', '2021-04-19 06:53:11', 'com_checkin', 719, 719, 'COM_ACTIONLOGS_DISABLED'),
(103, 'PLG_ACTIONLOG_JOOMLA_USER_LOGGED_IN', '{\"action\":\"login\",\"userid\":\"719\",\"username\":\"root_pafcio\",\"accountlink\":\"index.php?option=com_users&task=user.edit&id=719\",\"app\":\"PLG_ACTIONLOG_JOOMLA_APPLICATION_ADMINISTRATOR\"}', '2021-04-19 07:11:34', 'com_users', 719, 0, 'COM_ACTIONLOGS_DISABLED'),
(104, 'PLG_ACTIONLOG_JOOMLA_USER_LOGGED_OUT', '{\"action\":\"logout\",\"id\":\"719\",\"userid\":\"719\",\"username\":\"root_pafcio\",\"accountlink\":\"index.php?option=com_users&task=user.edit&id=719\",\"app\":\"PLG_ACTIONLOG_JOOMLA_APPLICATION_ADMINISTRATOR\"}', '2021-04-19 07:11:40', 'com_users', 719, 719, 'COM_ACTIONLOGS_DISABLED'),
(105, 'PLG_ACTIONLOG_JOOMLA_USER_LOGGED_IN', '{\"action\":\"login\",\"userid\":\"719\",\"username\":\"root_pafcio\",\"accountlink\":\"index.php?option=com_users&task=user.edit&id=719\",\"app\":\"PLG_ACTIONLOG_JOOMLA_APPLICATION_ADMINISTRATOR\"}', '2021-04-19 07:11:42', 'com_users', 719, 0, 'COM_ACTIONLOGS_DISABLED'),
(106, 'PLG_ACTIONLOG_JOOMLA_EXTENSION_INSTALLED', '{\"action\":\"install\",\"type\":\"PLG_ACTIONLOG_JOOMLA_TYPE_COMPONENT\",\"id\":10003,\"name\":\"com_phocagallery\",\"extension_name\":\"com_phocagallery\",\"userid\":\"719\",\"username\":\"root_pafcio\",\"accountlink\":\"index.php?option=com_users&task=user.edit&id=719\"}', '2021-04-19 07:15:25', 'com_installer', 719, 10003, 'COM_ACTIONLOGS_DISABLED'),
(107, 'PLG_ACTIONLOG_JOOMLA_USER_CHECKIN', '{\"action\":\"checkin\",\"type\":\"PLG_ACTIONLOG_JOOMLA_TYPE_USER\",\"id\":\"719\",\"title\":\"root_pafcio\",\"itemlink\":\"index.php?option=com_users&task=user.edit&id=719\",\"userid\":\"719\",\"username\":\"root_pafcio\",\"accountlink\":\"index.php?option=com_users&task=user.edit&id=719\",\"table\":\"#__phocagallery_categories\"}', '2021-04-19 07:27:40', 'com_checkin', 719, 719, 'COM_ACTIONLOGS_DISABLED'),
(108, 'PLG_ACTIONLOG_JOOMLA_USER_CHECKIN', '{\"action\":\"checkin\",\"type\":\"PLG_ACTIONLOG_JOOMLA_TYPE_USER\",\"id\":\"719\",\"title\":\"root_pafcio\",\"itemlink\":\"index.php?option=com_users&task=user.edit&id=719\",\"userid\":\"719\",\"username\":\"root_pafcio\",\"accountlink\":\"index.php?option=com_users&task=user.edit&id=719\",\"table\":\"#__phocagallery_categories\"}', '2021-04-19 07:28:33', 'com_checkin', 719, 719, 'COM_ACTIONLOGS_DISABLED'),
(109, 'PLG_SYSTEM_ACTIONLOGS_CONTENT_ADDED', '{\"action\":\"add\",\"type\":\"PLG_ACTIONLOG_JOOMLA_TYPE_MENU_ITEM\",\"id\":124,\"title\":\"Galeria borowik\",\"itemlink\":\"index.php?option=com_menus&task=item.edit&id=124\",\"userid\":\"719\",\"username\":\"root_pafcio\",\"accountlink\":\"index.php?option=com_users&task=user.edit&id=719\"}', '2021-04-19 07:30:12', 'com_menus.item', 719, 124, 'COM_ACTIONLOGS_DISABLED'),
(110, 'PLG_SYSTEM_ACTIONLOGS_CONTENT_UPDATED', '{\"action\":\"update\",\"type\":\"PLG_ACTIONLOG_JOOMLA_TYPE_MENU_ITEM\",\"id\":124,\"title\":\"Galeria borowik\",\"itemlink\":\"index.php?option=com_menus&task=item.edit&id=124\",\"userid\":\"719\",\"username\":\"root_pafcio\",\"accountlink\":\"index.php?option=com_users&task=user.edit&id=719\"}', '2021-04-19 07:30:13', 'com_menus.item', 719, 124, 'COM_ACTIONLOGS_DISABLED'),
(111, 'PLG_ACTIONLOG_JOOMLA_USER_CHECKIN', '{\"action\":\"checkin\",\"type\":\"PLG_ACTIONLOG_JOOMLA_TYPE_USER\",\"id\":\"719\",\"title\":\"root_pafcio\",\"itemlink\":\"index.php?option=com_users&task=user.edit&id=719\",\"userid\":\"719\",\"username\":\"root_pafcio\",\"accountlink\":\"index.php?option=com_users&task=user.edit&id=719\",\"table\":\"#__phocagallery\"}', '2021-04-19 07:31:31', 'com_checkin', 719, 719, 'COM_ACTIONLOGS_DISABLED'),
(112, 'PLG_SYSTEM_ACTIONLOGS_CONTENT_UPDATED', '{\"action\":\"update\",\"type\":\"PLG_ACTIONLOG_JOOMLA_TYPE_MENU_ITEM\",\"id\":124,\"title\":\"Galeria borowik\",\"itemlink\":\"index.php?option=com_menus&task=item.edit&id=124\",\"userid\":\"719\",\"username\":\"root_pafcio\",\"accountlink\":\"index.php?option=com_users&task=user.edit&id=719\"}', '2021-04-19 07:34:26', 'com_menus.item', 719, 124, 'COM_ACTIONLOGS_DISABLED'),
(113, 'PLG_ACTIONLOG_JOOMLA_USER_CHECKIN', '{\"action\":\"checkin\",\"type\":\"PLG_ACTIONLOG_JOOMLA_TYPE_USER\",\"id\":\"719\",\"title\":\"root_pafcio\",\"itemlink\":\"index.php?option=com_users&task=user.edit&id=719\",\"userid\":\"719\",\"username\":\"root_pafcio\",\"accountlink\":\"index.php?option=com_users&task=user.edit&id=719\",\"table\":\"#__menu\"}', '2021-04-19 07:34:26', 'com_checkin', 719, 719, 'COM_ACTIONLOGS_DISABLED'),
(114, 'PLG_SYSTEM_ACTIONLOGS_CONTENT_UPDATED', '{\"action\":\"update\",\"type\":\"PLG_ACTIONLOG_JOOMLA_TYPE_MENU_ITEM\",\"id\":124,\"title\":\"Galeria borowik\",\"itemlink\":\"index.php?option=com_menus&task=item.edit&id=124\",\"userid\":\"719\",\"username\":\"root_pafcio\",\"accountlink\":\"index.php?option=com_users&task=user.edit&id=719\"}', '2021-04-19 07:34:38', 'com_menus.item', 719, 124, 'COM_ACTIONLOGS_DISABLED'),
(115, 'PLG_ACTIONLOG_JOOMLA_USER_CHECKIN', '{\"action\":\"checkin\",\"type\":\"PLG_ACTIONLOG_JOOMLA_TYPE_USER\",\"id\":\"719\",\"title\":\"root_pafcio\",\"itemlink\":\"index.php?option=com_users&task=user.edit&id=719\",\"userid\":\"719\",\"username\":\"root_pafcio\",\"accountlink\":\"index.php?option=com_users&task=user.edit&id=719\",\"table\":\"#__menu\"}', '2021-04-19 07:34:38', 'com_checkin', 719, 719, 'COM_ACTIONLOGS_DISABLED'),
(116, 'PLG_ACTIONLOG_JOOMLA_USER_CHECKIN', '{\"action\":\"checkin\",\"type\":\"PLG_ACTIONLOG_JOOMLA_TYPE_USER\",\"id\":\"719\",\"title\":\"root_pafcio\",\"itemlink\":\"index.php?option=com_users&task=user.edit&id=719\",\"userid\":\"719\",\"username\":\"root_pafcio\",\"accountlink\":\"index.php?option=com_users&task=user.edit&id=719\",\"table\":\"#__menu\"}', '2021-04-19 07:35:03', 'com_checkin', 719, 719, 'COM_ACTIONLOGS_DISABLED'),
(117, 'PLG_ACTIONLOG_JOOMLA_USER_CHECKIN', '{\"action\":\"checkin\",\"type\":\"PLG_ACTIONLOG_JOOMLA_TYPE_USER\",\"id\":\"719\",\"title\":\"root_pafcio\",\"itemlink\":\"index.php?option=com_users&task=user.edit&id=719\",\"userid\":\"719\",\"username\":\"root_pafcio\",\"accountlink\":\"index.php?option=com_users&task=user.edit&id=719\",\"table\":\"#__phocagallery_categories\"}', '2021-04-19 07:35:39', 'com_checkin', 719, 719, 'COM_ACTIONLOGS_DISABLED'),
(118, 'PLG_ACTIONLOG_JOOMLA_USER_CHECKIN', '{\"action\":\"checkin\",\"type\":\"PLG_ACTIONLOG_JOOMLA_TYPE_USER\",\"id\":\"719\",\"title\":\"root_pafcio\",\"itemlink\":\"index.php?option=com_users&task=user.edit&id=719\",\"userid\":\"719\",\"username\":\"root_pafcio\",\"accountlink\":\"index.php?option=com_users&task=user.edit&id=719\",\"table\":\"#__phocagallery_categories\"}', '2021-04-19 07:35:54', 'com_checkin', 719, 719, 'COM_ACTIONLOGS_DISABLED');

-- --------------------------------------------------------

--
-- Struktura tabeli dla tabeli `zzux2_action_logs_extensions`
--

CREATE TABLE `zzux2_action_logs_extensions` (
  `id` int(10) UNSIGNED NOT NULL,
  `extension` varchar(255) COLLATE utf8mb4_unicode_ci NOT NULL DEFAULT ''
) ENGINE=InnoDB DEFAULT CHARSET=utf8mb4 COLLATE=utf8mb4_unicode_ci;

--
-- Zrzut danych tabeli `zzux2_action_logs_extensions`
--

INSERT INTO `zzux2_action_logs_extensions` (`id`, `extension`) VALUES
(1, 'com_banners'),
(2, 'com_cache'),
(3, 'com_categories'),
(4, 'com_config'),
(5, 'com_contact'),
(6, 'com_content'),
(7, 'com_installer'),
(8, 'com_media'),
(9, 'com_menus'),
(10, 'com_messages'),
(11, 'com_modules'),
(12, 'com_newsfeeds'),
(13, 'com_plugins'),
(14, 'com_redirect'),
(15, 'com_tags'),
(16, 'com_templates'),
(17, 'com_users'),
(18, 'com_checkin');

-- --------------------------------------------------------

--
-- Struktura tabeli dla tabeli `zzux2_action_logs_users`
--

CREATE TABLE `zzux2_action_logs_users` (
  `user_id` int(11) UNSIGNED NOT NULL,
  `notify` tinyint(1) UNSIGNED NOT NULL,
  `extensions` text COLLATE utf8mb4_unicode_ci NOT NULL
) ENGINE=InnoDB DEFAULT CHARSET=utf8mb4 COLLATE=utf8mb4_unicode_ci;

-- --------------------------------------------------------

--
-- Struktura tabeli dla tabeli `zzux2_action_log_config`
--

CREATE TABLE `zzux2_action_log_config` (
  `id` int(10) UNSIGNED NOT NULL,
  `type_title` varchar(255) COLLATE utf8mb4_unicode_ci NOT NULL DEFAULT '',
  `type_alias` varchar(255) COLLATE utf8mb4_unicode_ci NOT NULL DEFAULT '',
  `id_holder` varchar(255) COLLATE utf8mb4_unicode_ci DEFAULT NULL,
  `title_holder` varchar(255) COLLATE utf8mb4_unicode_ci DEFAULT NULL,
  `table_name` varchar(255) COLLATE utf8mb4_unicode_ci DEFAULT NULL,
  `text_prefix` varchar(255) COLLATE utf8mb4_unicode_ci DEFAULT NULL
) ENGINE=InnoDB DEFAULT CHARSET=utf8mb4 COLLATE=utf8mb4_unicode_ci;

--
-- Zrzut danych tabeli `zzux2_action_log_config`
--

INSERT INTO `zzux2_action_log_config` (`id`, `type_title`, `type_alias`, `id_holder`, `title_holder`, `table_name`, `text_prefix`) VALUES
(1, 'article', 'com_content.article', 'id', 'title', '#__content', 'PLG_ACTIONLOG_JOOMLA'),
(2, 'article', 'com_content.form', 'id', 'title', '#__content', 'PLG_ACTIONLOG_JOOMLA'),
(3, 'banner', 'com_banners.banner', 'id', 'name', '#__banners', 'PLG_ACTIONLOG_JOOMLA'),
(4, 'user_note', 'com_users.note', 'id', 'subject', '#__user_notes', 'PLG_ACTIONLOG_JOOMLA'),
(5, 'media', 'com_media.file', '', 'name', '', 'PLG_ACTIONLOG_JOOMLA'),
(6, 'category', 'com_categories.category', 'id', 'title', '#__categories', 'PLG_ACTIONLOG_JOOMLA'),
(7, 'menu', 'com_menus.menu', 'id', 'title', '#__menu_types', 'PLG_ACTIONLOG_JOOMLA'),
(8, 'menu_item', 'com_menus.item', 'id', 'title', '#__menu', 'PLG_ACTIONLOG_JOOMLA'),
(9, 'newsfeed', 'com_newsfeeds.newsfeed', 'id', 'name', '#__newsfeeds', 'PLG_ACTIONLOG_JOOMLA'),
(10, 'link', 'com_redirect.link', 'id', 'old_url', '#__redirect_links', 'PLG_ACTIONLOG_JOOMLA'),
(11, 'tag', 'com_tags.tag', 'id', 'title', '#__tags', 'PLG_ACTIONLOG_JOOMLA'),
(12, 'style', 'com_templates.style', 'id', 'title', '#__template_styles', 'PLG_ACTIONLOG_JOOMLA'),
(13, 'plugin', 'com_plugins.plugin', 'extension_id', 'name', '#__extensions', 'PLG_ACTIONLOG_JOOMLA'),
(14, 'component_config', 'com_config.component', 'extension_id', 'name', '', 'PLG_ACTIONLOG_JOOMLA'),
(15, 'contact', 'com_contact.contact', 'id', 'name', '#__contact_details', 'PLG_ACTIONLOG_JOOMLA'),
(16, 'module', 'com_modules.module', 'id', 'title', '#__modules', 'PLG_ACTIONLOG_JOOMLA'),
(17, 'access_level', 'com_users.level', 'id', 'title', '#__viewlevels', 'PLG_ACTIONLOG_JOOMLA'),
(18, 'banner_client', 'com_banners.client', 'id', 'name', '#__banner_clients', 'PLG_ACTIONLOG_JOOMLA'),
(19, 'application_config', 'com_config.application', '', 'name', '', 'PLG_ACTIONLOG_JOOMLA');

-- --------------------------------------------------------

--
-- Struktura tabeli dla tabeli `zzux2_assets`
--

CREATE TABLE `zzux2_assets` (
  `id` int(10) UNSIGNED NOT NULL COMMENT 'Primary Key',
  `parent_id` int(11) NOT NULL DEFAULT 0 COMMENT 'Nested set parent.',
  `lft` int(11) NOT NULL DEFAULT 0 COMMENT 'Nested set lft.',
  `rgt` int(11) NOT NULL DEFAULT 0 COMMENT 'Nested set rgt.',
  `level` int(10) UNSIGNED NOT NULL COMMENT 'The cached level in the nested tree.',
  `name` varchar(50) COLLATE utf8mb4_unicode_ci NOT NULL COMMENT 'The unique name for the asset.\n',
  `title` varchar(100) COLLATE utf8mb4_unicode_ci NOT NULL COMMENT 'The descriptive title for the asset.',
  `rules` varchar(5120) COLLATE utf8mb4_unicode_ci NOT NULL COMMENT 'JSON encoded access control.'
) ENGINE=InnoDB DEFAULT CHARSET=utf8mb4 COLLATE=utf8mb4_unicode_ci;

--
-- Zrzut danych tabeli `zzux2_assets`
--

INSERT INTO `zzux2_assets` (`id`, `parent_id`, `lft`, `rgt`, `level`, `name`, `title`, `rules`) VALUES
(1, 0, 0, 167, 0, 'root.1', 'Root Asset', '{\"core.login.site\":{\"6\":1,\"2\":1},\"core.login.admin\":{\"6\":1},\"core.login.offline\":{\"6\":1},\"core.admin\":{\"8\":1},\"core.manage\":{\"7\":1},\"core.create\":{\"6\":1,\"3\":1},\"core.delete\":{\"6\":1},\"core.edit\":{\"6\":1,\"4\":1},\"core.edit.state\":{\"6\":1,\"5\":1},\"core.edit.own\":{\"6\":1,\"3\":1}}'),
(2, 1, 1, 2, 1, 'com_admin', 'com_admin', '{}'),
(3, 1, 3, 6, 1, 'com_banners', 'com_banners', '{\"core.admin\":{\"7\":1},\"core.manage\":{\"6\":1}}'),
(4, 1, 7, 8, 1, 'com_cache', 'com_cache', '{\"core.admin\":{\"7\":1},\"core.manage\":{\"7\":1}}'),
(5, 1, 9, 10, 1, 'com_checkin', 'com_checkin', '{\"core.admin\":{\"7\":1},\"core.manage\":{\"7\":1}}'),
(6, 1, 11, 12, 1, 'com_config', 'com_config', '{}'),
(7, 1, 13, 16, 1, 'com_contact', 'com_contact', '{\"core.admin\":{\"7\":1},\"core.manage\":{\"6\":1}}'),
(8, 1, 17, 66, 1, 'com_content', 'com_content', '{\"core.admin\":{\"7\":1},\"core.manage\":{\"6\":1},\"core.create\":{\"3\":1},\"core.edit\":{\"4\":1},\"core.edit.state\":{\"5\":1}}'),
(9, 1, 67, 68, 1, 'com_cpanel', 'com_cpanel', '{}'),
(10, 1, 69, 70, 1, 'com_installer', 'com_installer', '{\"core.manage\":{\"7\":0},\"core.delete\":{\"7\":0},\"core.edit.state\":{\"7\":0}}'),
(11, 1, 71, 74, 1, 'com_languages', 'com_languages', '{\"core.admin\":{\"7\":1}}'),
(12, 1, 75, 76, 1, 'com_login', 'com_login', '{}'),
(13, 1, 77, 78, 1, 'com_mailto', 'com_mailto', '{}'),
(14, 1, 79, 80, 1, 'com_massmail', 'com_massmail', '{}'),
(15, 1, 81, 82, 1, 'com_media', 'com_media', '{\"core.admin\":{\"7\":1},\"core.manage\":{\"6\":1},\"core.create\":{\"3\":1},\"core.delete\":{\"5\":1}}'),
(16, 1, 83, 86, 1, 'com_menus', 'com_menus', '{\"core.admin\":{\"7\":1}}'),
(17, 1, 87, 88, 1, 'com_messages', 'com_messages', '{\"core.admin\":{\"7\":1},\"core.manage\":{\"7\":1}}'),
(18, 1, 89, 126, 1, 'com_modules', 'com_modules', '{\"core.admin\":{\"7\":1}}'),
(19, 1, 127, 130, 1, 'com_newsfeeds', 'com_newsfeeds', '{\"core.admin\":{\"7\":1},\"core.manage\":{\"6\":1}}'),
(20, 1, 131, 132, 1, 'com_plugins', 'com_plugins', '{\"core.admin\":{\"7\":1}}'),
(21, 1, 133, 134, 1, 'com_redirect', 'com_redirect', '{\"core.admin\":{\"7\":1}}'),
(22, 1, 135, 136, 1, 'com_search', 'com_search', '{\"core.admin\":{\"7\":1},\"core.manage\":{\"6\":1}}'),
(23, 1, 137, 138, 1, 'com_templates', 'com_templates', '{\"core.admin\":{\"7\":1}}'),
(24, 1, 139, 142, 1, 'com_users', 'com_users', '{\"core.admin\":{\"7\":1}}'),
(26, 1, 143, 144, 1, 'com_wrapper', 'com_wrapper', '{}'),
(27, 8, 18, 21, 2, 'com_content.category.2', 'Uncategorised', '{}'),
(28, 3, 4, 5, 2, 'com_banners.category.3', 'Uncategorised', '{}'),
(29, 7, 14, 15, 2, 'com_contact.category.4', 'Uncategorised', '{}'),
(30, 19, 128, 129, 2, 'com_newsfeeds.category.5', 'Uncategorised', '{}'),
(32, 24, 140, 141, 2, 'com_users.category.7', 'Uncategorised', '{}'),
(33, 1, 145, 146, 1, 'com_finder', 'com_finder', '{\"core.admin\":{\"7\":1},\"core.manage\":{\"6\":1}}'),
(34, 1, 147, 148, 1, 'com_joomlaupdate', 'com_joomlaupdate', '{}'),
(35, 1, 149, 150, 1, 'com_tags', 'com_tags', '{}'),
(36, 1, 151, 152, 1, 'com_contenthistory', 'com_contenthistory', '{}'),
(37, 1, 153, 154, 1, 'com_ajax', 'com_ajax', '{}'),
(38, 1, 155, 156, 1, 'com_postinstall', 'com_postinstall', '{}'),
(39, 18, 90, 91, 2, 'com_modules.module.1', 'Main Menu', '{}'),
(40, 18, 92, 93, 2, 'com_modules.module.2', 'Login', '{}'),
(41, 18, 94, 95, 2, 'com_modules.module.3', 'Popular Articles', '{}'),
(42, 18, 96, 97, 2, 'com_modules.module.4', 'Recently Added Articles', '{}'),
(43, 18, 98, 99, 2, 'com_modules.module.8', 'Toolbar', '{}'),
(44, 18, 100, 101, 2, 'com_modules.module.9', 'Quick Icons', '{}'),
(45, 18, 102, 103, 2, 'com_modules.module.10', 'Logged-in Users', '{}'),
(46, 18, 104, 105, 2, 'com_modules.module.12', 'Admin Menu', '{}'),
(47, 18, 106, 107, 2, 'com_modules.module.13', 'Admin Submenu', '{}'),
(48, 18, 108, 109, 2, 'com_modules.module.14', 'User Status', '{}'),
(49, 18, 110, 111, 2, 'com_modules.module.15', 'Title', '{}'),
(50, 18, 112, 113, 2, 'com_modules.module.16', 'Login Form', '{}'),
(51, 18, 114, 115, 2, 'com_modules.module.17', 'Breadcrumbs', '{}'),
(52, 18, 116, 117, 2, 'com_modules.module.79', 'Multilanguage status', '{}'),
(53, 18, 118, 119, 2, 'com_modules.module.86', 'Joomla Version', '{}'),
(54, 16, 84, 85, 2, 'com_menus.menu.1', 'Main Menu', '{}'),
(55, 18, 120, 121, 2, 'com_modules.module.87', 'Sample Data', '{}'),
(56, 1, 157, 158, 1, 'com_privacy', 'com_privacy', '{}'),
(57, 1, 159, 160, 1, 'com_actionlogs', 'com_actionlogs', '{}'),
(58, 18, 122, 123, 2, 'com_modules.module.88', 'Latest Actions', '{}'),
(59, 18, 124, 125, 2, 'com_modules.module.89', 'Privacy Dashboard', '{}'),
(60, 11, 72, 73, 2, 'com_languages.language.2', 'Polish (PL)', '{}'),
(61, 8, 22, 25, 2, 'com_content.category.8', 'Samochody', '{}'),
(62, 8, 26, 27, 2, 'com_content.category.9', 'Rowery', '{}'),
(63, 61, 23, 24, 3, 'com_content.article.1', 'Autka som fajne', '{}'),
(64, 8, 28, 47, 2, 'com_content.category.10', 'Katalog produktów', '{}'),
(65, 64, 29, 36, 3, 'com_content.category.11', 'Biurowe', '{}'),
(66, 64, 37, 40, 3, 'com_content.category.12', 'Grafika', '{}'),
(67, 64, 41, 46, 3, 'com_content.category.13', 'Internet', '{}'),
(68, 8, 48, 53, 2, 'com_content.category.14', 'Kursy', '{}'),
(69, 8, 54, 61, 2, 'com_content.category.15', 'Zamawianie', '{}'),
(70, 65, 30, 31, 4, 'com_content.article.2', 'Kurs Excel 2010', '{}'),
(71, 65, 32, 33, 4, 'com_content.article.3', 'Kurs Word 2010', '{}'),
(72, 65, 34, 35, 4, 'com_content.article.4', 'Kurs Access 2010', '{}'),
(73, 66, 38, 39, 4, 'com_content.article.5', 'Kurs Corel X5', '{}'),
(74, 27, 19, 20, 3, 'com_content.article.6', 'Kurs Joomla 2.5', '{}'),
(75, 67, 42, 43, 4, 'com_content.article.7', 'Kurs Joomla 2.5', '{}'),
(76, 67, 44, 45, 4, 'com_content.article.8', 'Kurs HTML5', '{}'),
(77, 68, 49, 50, 3, 'com_content.article.9', 'Wymagania systemowe', '{}'),
(78, 68, 51, 52, 3, 'com_content.article.10', 'Jaką wersję wybrać', '{}'),
(79, 69, 55, 56, 3, 'com_content.article.11', 'Płatności', '{}'),
(80, 69, 57, 58, 3, 'com_content.article.12', 'Metody wysyłki', '{}'),
(81, 69, 59, 60, 3, 'com_content.article.13', 'Czas realizacji', '{}'),
(82, 1, 161, 162, 1, 'com_fields', 'com_fields', '{}'),
(83, 1, 163, 164, 1, 'com_associations', 'com_associations', '{}'),
(84, 85, 63, 64, 3, 'com_content.article.14', 'Artykuł autora', '{}'),
(85, 8, 62, 65, 2, 'com_content.category.16', 'Rózne', '{}'),
(86, 1, 165, 166, 1, 'com_phocagallery', 'com_phocagallery', '{}');

-- --------------------------------------------------------

--
-- Struktura tabeli dla tabeli `zzux2_associations`
--

CREATE TABLE `zzux2_associations` (
  `id` int(11) NOT NULL COMMENT 'A reference to the associated item.',
  `context` varchar(50) COLLATE utf8mb4_unicode_ci NOT NULL COMMENT 'The context of the associated item.',
  `key` char(32) COLLATE utf8mb4_unicode_ci NOT NULL COMMENT 'The key for the association computed from an md5 on associated ids.'
) ENGINE=InnoDB DEFAULT CHARSET=utf8mb4 COLLATE=utf8mb4_unicode_ci;

-- --------------------------------------------------------

--
-- Struktura tabeli dla tabeli `zzux2_banners`
--

CREATE TABLE `zzux2_banners` (
  `id` int(11) NOT NULL,
  `cid` int(11) NOT NULL DEFAULT 0,
  `type` int(11) NOT NULL DEFAULT 0,
  `name` varchar(255) COLLATE utf8mb4_unicode_ci NOT NULL DEFAULT '',
  `alias` varchar(400) CHARACTER SET utf8mb4 COLLATE utf8mb4_bin NOT NULL DEFAULT '',
  `imptotal` int(11) NOT NULL DEFAULT 0,
  `impmade` int(11) NOT NULL DEFAULT 0,
  `clicks` int(11) NOT NULL DEFAULT 0,
  `clickurl` varchar(200) COLLATE utf8mb4_unicode_ci NOT NULL DEFAULT '',
  `state` tinyint(3) NOT NULL DEFAULT 0,
  `catid` int(10) UNSIGNED NOT NULL DEFAULT 0,
  `description` text COLLATE utf8mb4_unicode_ci NOT NULL,
  `custombannercode` varchar(2048) COLLATE utf8mb4_unicode_ci NOT NULL,
  `sticky` tinyint(1) UNSIGNED NOT NULL DEFAULT 0,
  `ordering` int(11) NOT NULL DEFAULT 0,
  `metakey` text COLLATE utf8mb4_unicode_ci NOT NULL,
  `params` text COLLATE utf8mb4_unicode_ci NOT NULL,
  `own_prefix` tinyint(1) NOT NULL DEFAULT 0,
  `metakey_prefix` varchar(400) COLLATE utf8mb4_unicode_ci NOT NULL DEFAULT '',
  `purchase_type` tinyint(4) NOT NULL DEFAULT -1,
  `track_clicks` tinyint(4) NOT NULL DEFAULT -1,
  `track_impressions` tinyint(4) NOT NULL DEFAULT -1,
  `checked_out` int(10) UNSIGNED NOT NULL DEFAULT 0,
  `checked_out_time` datetime NOT NULL DEFAULT '0000-00-00 00:00:00',
  `publish_up` datetime NOT NULL DEFAULT '0000-00-00 00:00:00',
  `publish_down` datetime NOT NULL DEFAULT '0000-00-00 00:00:00',
  `reset` datetime NOT NULL DEFAULT '0000-00-00 00:00:00',
  `created` datetime NOT NULL DEFAULT '0000-00-00 00:00:00',
  `language` char(7) COLLATE utf8mb4_unicode_ci NOT NULL DEFAULT '',
  `created_by` int(10) UNSIGNED NOT NULL DEFAULT 0,
  `created_by_alias` varchar(255) COLLATE utf8mb4_unicode_ci NOT NULL DEFAULT '',
  `modified` datetime NOT NULL DEFAULT '0000-00-00 00:00:00',
  `modified_by` int(10) UNSIGNED NOT NULL DEFAULT 0,
  `version` int(10) UNSIGNED NOT NULL DEFAULT 1
) ENGINE=InnoDB DEFAULT CHARSET=utf8mb4 COLLATE=utf8mb4_unicode_ci;

-- --------------------------------------------------------

--
-- Struktura tabeli dla tabeli `zzux2_banner_clients`
--

CREATE TABLE `zzux2_banner_clients` (
  `id` int(11) NOT NULL,
  `name` varchar(255) COLLATE utf8mb4_unicode_ci NOT NULL DEFAULT '',
  `contact` varchar(255) COLLATE utf8mb4_unicode_ci NOT NULL DEFAULT '',
  `email` varchar(255) COLLATE utf8mb4_unicode_ci NOT NULL DEFAULT '',
  `extrainfo` text COLLATE utf8mb4_unicode_ci NOT NULL,
  `state` tinyint(3) NOT NULL DEFAULT 0,
  `checked_out` int(10) UNSIGNED NOT NULL DEFAULT 0,
  `checked_out_time` datetime NOT NULL DEFAULT '0000-00-00 00:00:00',
  `metakey` text COLLATE utf8mb4_unicode_ci NOT NULL,
  `own_prefix` tinyint(4) NOT NULL DEFAULT 0,
  `metakey_prefix` varchar(400) COLLATE utf8mb4_unicode_ci NOT NULL DEFAULT '',
  `purchase_type` tinyint(4) NOT NULL DEFAULT -1,
  `track_clicks` tinyint(4) NOT NULL DEFAULT -1,
  `track_impressions` tinyint(4) NOT NULL DEFAULT -1
) ENGINE=InnoDB DEFAULT CHARSET=utf8mb4 COLLATE=utf8mb4_unicode_ci;

-- --------------------------------------------------------

--
-- Struktura tabeli dla tabeli `zzux2_banner_tracks`
--

CREATE TABLE `zzux2_banner_tracks` (
  `track_date` datetime NOT NULL,
  `track_type` int(10) UNSIGNED NOT NULL,
  `banner_id` int(10) UNSIGNED NOT NULL,
  `count` int(10) UNSIGNED NOT NULL DEFAULT 0
) ENGINE=InnoDB DEFAULT CHARSET=utf8mb4 COLLATE=utf8mb4_unicode_ci;

-- --------------------------------------------------------

--
-- Struktura tabeli dla tabeli `zzux2_categories`
--

CREATE TABLE `zzux2_categories` (
  `id` int(11) NOT NULL,
  `asset_id` int(10) UNSIGNED NOT NULL DEFAULT 0 COMMENT 'FK to the #__assets table.',
  `parent_id` int(10) UNSIGNED NOT NULL DEFAULT 0,
  `lft` int(11) NOT NULL DEFAULT 0,
  `rgt` int(11) NOT NULL DEFAULT 0,
  `level` int(10) UNSIGNED NOT NULL DEFAULT 0,
  `path` varchar(400) COLLATE utf8mb4_unicode_ci NOT NULL DEFAULT '',
  `extension` varchar(50) COLLATE utf8mb4_unicode_ci NOT NULL DEFAULT '',
  `title` varchar(255) COLLATE utf8mb4_unicode_ci NOT NULL DEFAULT '',
  `alias` varchar(400) CHARACTER SET utf8mb4 COLLATE utf8mb4_bin NOT NULL DEFAULT '',
  `note` varchar(255) COLLATE utf8mb4_unicode_ci NOT NULL DEFAULT '',
  `description` mediumtext COLLATE utf8mb4_unicode_ci DEFAULT NULL,
  `published` tinyint(1) NOT NULL DEFAULT 0,
  `checked_out` int(11) UNSIGNED NOT NULL DEFAULT 0,
  `checked_out_time` datetime NOT NULL DEFAULT '0000-00-00 00:00:00',
  `access` int(10) UNSIGNED NOT NULL DEFAULT 0,
  `params` text COLLATE utf8mb4_unicode_ci DEFAULT NULL,
  `metadesc` varchar(1024) COLLATE utf8mb4_unicode_ci NOT NULL DEFAULT '' COMMENT 'The meta description for the page.',
  `metakey` varchar(1024) COLLATE utf8mb4_unicode_ci NOT NULL DEFAULT '' COMMENT 'The meta keywords for the page.',
  `metadata` varchar(2048) COLLATE utf8mb4_unicode_ci NOT NULL DEFAULT '' COMMENT 'JSON encoded metadata properties.',
  `created_user_id` int(10) UNSIGNED NOT NULL DEFAULT 0,
  `created_time` datetime NOT NULL DEFAULT '0000-00-00 00:00:00',
  `modified_user_id` int(10) UNSIGNED NOT NULL DEFAULT 0,
  `modified_time` datetime NOT NULL DEFAULT '0000-00-00 00:00:00',
  `hits` int(10) UNSIGNED NOT NULL DEFAULT 0,
  `language` char(7) COLLATE utf8mb4_unicode_ci NOT NULL DEFAULT '',
  `version` int(10) UNSIGNED NOT NULL DEFAULT 1
) ENGINE=InnoDB DEFAULT CHARSET=utf8mb4 COLLATE=utf8mb4_unicode_ci;

--
-- Zrzut danych tabeli `zzux2_categories`
--

INSERT INTO `zzux2_categories` (`id`, `asset_id`, `parent_id`, `lft`, `rgt`, `level`, `path`, `extension`, `title`, `alias`, `note`, `description`, `published`, `checked_out`, `checked_out_time`, `access`, `params`, `metadesc`, `metakey`, `metadata`, `created_user_id`, `created_time`, `modified_user_id`, `modified_time`, `hits`, `language`, `version`) VALUES
(1, 0, 0, 0, 29, 0, '', 'system', 'ROOT', 'root', '', '', 1, 0, '0000-00-00 00:00:00', 1, '{}', '', '', '{}', 719, '2021-04-12 06:45:11', 0, '0000-00-00 00:00:00', 0, '*', 1),
(2, 27, 1, 1, 2, 1, 'uncategorised', 'com_content', 'Uncategorised', 'uncategorised', '', '', 1, 0, '0000-00-00 00:00:00', 1, '{\"category_layout\":\"\",\"image\":\"\"}', '', '', '{\"author\":\"\",\"robots\":\"\"}', 719, '2021-04-12 06:45:11', 0, '0000-00-00 00:00:00', 0, '*', 1),
(3, 28, 1, 3, 4, 1, 'uncategorised', 'com_banners', 'Uncategorised', 'uncategorised', '', '', 1, 0, '0000-00-00 00:00:00', 1, '{\"category_layout\":\"\",\"image\":\"\"}', '', '', '{\"author\":\"\",\"robots\":\"\"}', 719, '2021-04-12 06:45:11', 0, '0000-00-00 00:00:00', 0, '*', 1),
(4, 29, 1, 5, 6, 1, 'uncategorised', 'com_contact', 'Uncategorised', 'uncategorised', '', '', 1, 0, '0000-00-00 00:00:00', 1, '{\"category_layout\":\"\",\"image\":\"\"}', '', '', '{\"author\":\"\",\"robots\":\"\"}', 719, '2021-04-12 06:45:11', 0, '0000-00-00 00:00:00', 0, '*', 1),
(5, 30, 1, 7, 8, 1, 'uncategorised', 'com_newsfeeds', 'Uncategorised', 'uncategorised', '', '', 1, 0, '0000-00-00 00:00:00', 1, '{\"category_layout\":\"\",\"image\":\"\"}', '', '', '{\"author\":\"\",\"robots\":\"\"}', 719, '2021-04-12 06:45:11', 0, '0000-00-00 00:00:00', 0, '*', 1),
(7, 32, 1, 9, 10, 1, 'uncategorised', 'com_users', 'Uncategorised', 'uncategorised', '', '', 1, 0, '0000-00-00 00:00:00', 1, '{\"category_layout\":\"\",\"image\":\"\"}', '', '', '{\"author\":\"\",\"robots\":\"\"}', 719, '2021-04-12 06:45:11', 0, '0000-00-00 00:00:00', 0, '*', 1),
(8, 61, 1, 11, 12, 1, 'samochody', 'com_content', 'Samochody', 'samochody', '', '<p>Opis <strong>samochodów</strong> :D</p>', 1, 0, '0000-00-00 00:00:00', 1, '{\"category_layout\":\"\",\"image\":\"\",\"image_alt\":\"\"}', '', '', '{\"author\":\"\",\"robots\":\"\"}', 719, '2021-04-12 07:08:44', 719, '2021-04-12 07:09:03', 0, '*', 1),
(9, 62, 1, 13, 14, 1, 'rowery', 'com_content', 'Rowery', 'rowery', '', '<p>Opis <em>rowerów</em> :)</p>', 1, 0, '0000-00-00 00:00:00', 1, '{\"category_layout\":\"\",\"image\":\"\",\"image_alt\":\"\"}', '', '', '{\"author\":\"\",\"robots\":\"\"}', 719, '2021-04-12 07:09:26', 0, '2021-04-12 07:09:26', 0, '*', 1),
(10, 64, 1, 15, 22, 1, 'katalog-produktow', 'com_content', 'Katalog produktów', 'katalog-produktow', '', '<p>Typy produktów.</p>', 1, 0, '0000-00-00 00:00:00', 1, '{\"category_layout\":\"\",\"image\":\"\",\"image_alt\":\"\"}', '', '', '{\"author\":\"\",\"robots\":\"\"}', 719, '2021-04-12 07:39:51', 0, '2021-04-12 07:39:51', 0, '*', 1),
(11, 65, 10, 16, 17, 2, 'katalog-produktow/biurowe', 'com_content', 'Biurowe', 'biurowe', '', '<p>Zestaw Office.</p>', 1, 0, '0000-00-00 00:00:00', 1, '{\"category_layout\":\"\",\"image\":\"\",\"image_alt\":\"\"}', '', '', '{\"author\":\"\",\"robots\":\"\"}', 719, '2021-04-12 07:40:34', 0, '2021-04-12 07:40:34', 0, '*', 1),
(12, 66, 10, 18, 19, 2, 'katalog-produktow/grafika', 'com_content', 'Grafika', 'grafika', '', '<p>Graficzne.</p>', 1, 0, '0000-00-00 00:00:00', 1, '{\"category_layout\":\"\",\"image\":\"\",\"image_alt\":\"\"}', '', '', '{\"author\":\"\",\"robots\":\"\"}', 719, '2021-04-12 07:40:53', 0, '2021-04-12 07:40:53', 0, '*', 1),
(13, 67, 10, 20, 21, 2, 'katalog-produktow/internet', 'com_content', 'Internet', 'internet', '', '<p>Kursy narzędzi do edycji stron internetowych.</p>', 1, 0, '0000-00-00 00:00:00', 1, '{\"category_layout\":\"\",\"image\":\"\",\"image_alt\":\"\"}', '', '', '{\"author\":\"\",\"robots\":\"\"}', 719, '2021-04-12 07:41:17', 0, '2021-04-12 07:41:17', 0, '*', 1),
(14, 68, 1, 23, 24, 1, 'kursy', 'com_content', 'Kursy', 'kursy', '', '<p>Normalne kursy. (?)</p>', 1, 0, '0000-00-00 00:00:00', 1, '{\"category_layout\":\"\",\"image\":\"\",\"image_alt\":\"\"}', '', '', '{\"author\":\"\",\"robots\":\"\"}', 719, '2021-04-12 07:41:42', 0, '2021-04-12 07:41:42', 0, '*', 1),
(15, 69, 1, 25, 26, 1, 'zamawianie', 'com_content', 'Zamawianie', 'zamawianie', '', '<p>Szczegóły dot. zamówień i wysyłki.</p>', 1, 0, '0000-00-00 00:00:00', 1, '{\"category_layout\":\"\",\"image\":\"\",\"image_alt\":\"\"}', '', '', '{\"author\":\"\",\"robots\":\"\"}', 719, '2021-04-12 07:42:14', 0, '2021-04-12 07:42:14', 0, '*', 1),
(16, 85, 1, 27, 28, 1, 'rozne', 'com_content', 'Rózne', 'rozne', '', '', 1, 0, '0000-00-00 00:00:00', 1, '{\"category_layout\":\"\",\"image\":\"\",\"image_alt\":\"\"}', '', '', '{\"author\":\"\",\"robots\":\"\"}', 719, '2021-04-19 06:51:57', 0, '2021-04-19 06:51:57', 0, '*', 1);

-- --------------------------------------------------------

--
-- Struktura tabeli dla tabeli `zzux2_contact_details`
--

CREATE TABLE `zzux2_contact_details` (
  `id` int(11) NOT NULL,
  `name` varchar(255) COLLATE utf8mb4_unicode_ci NOT NULL,
  `alias` varchar(400) CHARACTER SET utf8mb4 COLLATE utf8mb4_bin NOT NULL,
  `con_position` varchar(255) COLLATE utf8mb4_unicode_ci DEFAULT NULL,
  `address` text COLLATE utf8mb4_unicode_ci DEFAULT NULL,
  `suburb` varchar(100) COLLATE utf8mb4_unicode_ci DEFAULT NULL,
  `state` varchar(100) COLLATE utf8mb4_unicode_ci DEFAULT NULL,
  `country` varchar(100) COLLATE utf8mb4_unicode_ci DEFAULT NULL,
  `postcode` varchar(100) COLLATE utf8mb4_unicode_ci DEFAULT NULL,
  `telephone` varchar(255) COLLATE utf8mb4_unicode_ci DEFAULT NULL,
  `fax` varchar(255) COLLATE utf8mb4_unicode_ci DEFAULT NULL,
  `misc` mediumtext COLLATE utf8mb4_unicode_ci DEFAULT NULL,
  `image` varchar(255) COLLATE utf8mb4_unicode_ci DEFAULT NULL,
  `email_to` varchar(255) COLLATE utf8mb4_unicode_ci DEFAULT NULL,
  `default_con` tinyint(1) UNSIGNED NOT NULL DEFAULT 0,
  `published` tinyint(1) NOT NULL DEFAULT 0,
  `checked_out` int(10) UNSIGNED NOT NULL DEFAULT 0,
  `checked_out_time` datetime NOT NULL DEFAULT '0000-00-00 00:00:00',
  `ordering` int(11) NOT NULL DEFAULT 0,
  `params` text COLLATE utf8mb4_unicode_ci NOT NULL,
  `user_id` int(11) NOT NULL DEFAULT 0,
  `catid` int(11) NOT NULL DEFAULT 0,
  `access` int(10) UNSIGNED NOT NULL DEFAULT 0,
  `mobile` varchar(255) COLLATE utf8mb4_unicode_ci NOT NULL DEFAULT '',
  `webpage` varchar(255) COLLATE utf8mb4_unicode_ci NOT NULL DEFAULT '',
  `sortname1` varchar(255) COLLATE utf8mb4_unicode_ci NOT NULL DEFAULT '',
  `sortname2` varchar(255) COLLATE utf8mb4_unicode_ci NOT NULL DEFAULT '',
  `sortname3` varchar(255) COLLATE utf8mb4_unicode_ci NOT NULL DEFAULT '',
  `language` varchar(7) COLLATE utf8mb4_unicode_ci NOT NULL,
  `created` datetime NOT NULL DEFAULT '0000-00-00 00:00:00',
  `created_by` int(10) UNSIGNED NOT NULL DEFAULT 0,
  `created_by_alias` varchar(255) COLLATE utf8mb4_unicode_ci NOT NULL DEFAULT '',
  `modified` datetime NOT NULL DEFAULT '0000-00-00 00:00:00',
  `modified_by` int(10) UNSIGNED NOT NULL DEFAULT 0,
  `metakey` text COLLATE utf8mb4_unicode_ci NOT NULL,
  `metadesc` text COLLATE utf8mb4_unicode_ci NOT NULL,
  `metadata` text COLLATE utf8mb4_unicode_ci NOT NULL,
  `featured` tinyint(3) UNSIGNED NOT NULL DEFAULT 0 COMMENT 'Set if contact is featured.',
  `xreference` varchar(50) COLLATE utf8mb4_unicode_ci NOT NULL DEFAULT '' COMMENT 'A reference to enable linkages to external data sets.',
  `publish_up` datetime NOT NULL DEFAULT '0000-00-00 00:00:00',
  `publish_down` datetime NOT NULL DEFAULT '0000-00-00 00:00:00',
  `version` int(10) UNSIGNED NOT NULL DEFAULT 1,
  `hits` int(10) UNSIGNED NOT NULL DEFAULT 0
) ENGINE=InnoDB DEFAULT CHARSET=utf8mb4 COLLATE=utf8mb4_unicode_ci;

-- --------------------------------------------------------

--
-- Struktura tabeli dla tabeli `zzux2_content`
--

CREATE TABLE `zzux2_content` (
  `id` int(10) UNSIGNED NOT NULL,
  `asset_id` int(10) UNSIGNED NOT NULL DEFAULT 0 COMMENT 'FK to the #__assets table.',
  `title` varchar(255) COLLATE utf8mb4_unicode_ci NOT NULL DEFAULT '',
  `alias` varchar(400) CHARACTER SET utf8mb4 COLLATE utf8mb4_bin NOT NULL DEFAULT '',
  `introtext` mediumtext COLLATE utf8mb4_unicode_ci NOT NULL,
  `fulltext` mediumtext COLLATE utf8mb4_unicode_ci NOT NULL,
  `state` tinyint(3) NOT NULL DEFAULT 0,
  `catid` int(10) UNSIGNED NOT NULL DEFAULT 0,
  `created` datetime NOT NULL DEFAULT '0000-00-00 00:00:00',
  `created_by` int(10) UNSIGNED NOT NULL DEFAULT 0,
  `created_by_alias` varchar(255) COLLATE utf8mb4_unicode_ci NOT NULL DEFAULT '',
  `modified` datetime NOT NULL DEFAULT '0000-00-00 00:00:00',
  `modified_by` int(10) UNSIGNED NOT NULL DEFAULT 0,
  `checked_out` int(10) UNSIGNED NOT NULL DEFAULT 0,
  `checked_out_time` datetime NOT NULL DEFAULT '0000-00-00 00:00:00',
  `publish_up` datetime NOT NULL DEFAULT '0000-00-00 00:00:00',
  `publish_down` datetime NOT NULL DEFAULT '0000-00-00 00:00:00',
  `images` text COLLATE utf8mb4_unicode_ci NOT NULL,
  `urls` text COLLATE utf8mb4_unicode_ci NOT NULL,
  `attribs` varchar(5120) COLLATE utf8mb4_unicode_ci NOT NULL,
  `version` int(10) UNSIGNED NOT NULL DEFAULT 1,
  `ordering` int(11) NOT NULL DEFAULT 0,
  `metakey` text COLLATE utf8mb4_unicode_ci NOT NULL,
  `metadesc` text COLLATE utf8mb4_unicode_ci NOT NULL,
  `access` int(10) UNSIGNED NOT NULL DEFAULT 0,
  `hits` int(10) UNSIGNED NOT NULL DEFAULT 0,
  `metadata` text COLLATE utf8mb4_unicode_ci NOT NULL,
  `featured` tinyint(3) UNSIGNED NOT NULL DEFAULT 0 COMMENT 'Set if article is featured.',
  `language` char(7) COLLATE utf8mb4_unicode_ci NOT NULL COMMENT 'The language code for the article.',
  `xreference` varchar(50) COLLATE utf8mb4_unicode_ci NOT NULL DEFAULT '' COMMENT 'A reference to enable linkages to external data sets.',
  `note` varchar(255) COLLATE utf8mb4_unicode_ci NOT NULL DEFAULT ''
) ENGINE=InnoDB DEFAULT CHARSET=utf8mb4 COLLATE=utf8mb4_unicode_ci;

--
-- Zrzut danych tabeli `zzux2_content`
--

INSERT INTO `zzux2_content` (`id`, `asset_id`, `title`, `alias`, `introtext`, `fulltext`, `state`, `catid`, `created`, `created_by`, `created_by_alias`, `modified`, `modified_by`, `checked_out`, `checked_out_time`, `publish_up`, `publish_down`, `images`, `urls`, `attribs`, `version`, `ordering`, `metakey`, `metadesc`, `access`, `hits`, `metadata`, `featured`, `language`, `xreference`, `note`) VALUES
(1, 63, 'Autka som fajne', 'autka-som-fajne', '<p>Gituwa wUwU</p>', '', 1, 8, '2021-04-12 07:27:20', 719, '', '2021-04-12 07:27:23', 719, 0, '0000-00-00 00:00:00', '2021-04-12 07:27:20', '0000-00-00 00:00:00', '{\"image_intro\":\"\",\"float_intro\":\"\",\"image_intro_alt\":\"\",\"image_intro_caption\":\"\",\"image_fulltext\":\"\",\"float_fulltext\":\"\",\"image_fulltext_alt\":\"\",\"image_fulltext_caption\":\"\"}', '{\"urla\":false,\"urlatext\":\"\",\"targeta\":\"\",\"urlb\":false,\"urlbtext\":\"\",\"targetb\":\"\",\"urlc\":false,\"urlctext\":\"\",\"targetc\":\"\"}', '{\"article_layout\":\"\",\"show_title\":\"\",\"link_titles\":\"\",\"show_tags\":\"\",\"show_intro\":\"\",\"info_block_position\":\"\",\"info_block_show_title\":\"\",\"show_category\":\"\",\"link_category\":\"\",\"show_parent_category\":\"\",\"link_parent_category\":\"\",\"show_associations\":\"\",\"show_author\":\"\",\"link_author\":\"\",\"show_create_date\":\"\",\"show_modify_date\":\"\",\"show_publish_date\":\"\",\"show_item_navigation\":\"\",\"show_icons\":\"\",\"show_print_icon\":\"\",\"show_email_icon\":\"\",\"show_vote\":\"\",\"show_hits\":\"\",\"show_noauth\":\"\",\"urls_position\":\"\",\"alternative_readmore\":\"\",\"article_page_title\":\"\",\"show_publishing_options\":\"\",\"show_article_options\":\"\",\"show_urls_images_backend\":\"\",\"show_urls_images_frontend\":\"\"}', 2, 0, '', '', 1, 2, '{\"robots\":\"\",\"author\":\"\",\"rights\":\"\",\"xreference\":\"\"}', 0, '*', '', ''),
(2, 70, 'Kurs Excel 2010', 'kurs-excel-2010', '<p>Kurs programu Excel 2010, będącego częścią pakietu Office.</p>', '', 1, 11, '2021-04-12 07:42:46', 719, '', '2021-04-12 07:42:46', 0, 0, '0000-00-00 00:00:00', '2021-04-12 07:42:46', '0000-00-00 00:00:00', '{\"image_intro\":\"\",\"float_intro\":\"\",\"image_intro_alt\":\"\",\"image_intro_caption\":\"\",\"image_fulltext\":\"\",\"float_fulltext\":\"\",\"image_fulltext_alt\":\"\",\"image_fulltext_caption\":\"\"}', '{\"urla\":false,\"urlatext\":\"\",\"targeta\":\"\",\"urlb\":false,\"urlbtext\":\"\",\"targetb\":\"\",\"urlc\":false,\"urlctext\":\"\",\"targetc\":\"\"}', '{\"article_layout\":\"\",\"show_title\":\"\",\"link_titles\":\"\",\"show_tags\":\"\",\"show_intro\":\"\",\"info_block_position\":\"\",\"info_block_show_title\":\"\",\"show_category\":\"\",\"link_category\":\"\",\"show_parent_category\":\"\",\"link_parent_category\":\"\",\"show_associations\":\"\",\"show_author\":\"\",\"link_author\":\"\",\"show_create_date\":\"\",\"show_modify_date\":\"\",\"show_publish_date\":\"\",\"show_item_navigation\":\"\",\"show_icons\":\"\",\"show_print_icon\":\"\",\"show_email_icon\":\"\",\"show_vote\":\"\",\"show_hits\":\"\",\"show_noauth\":\"\",\"urls_position\":\"\",\"alternative_readmore\":\"\",\"article_page_title\":\"\",\"show_publishing_options\":\"\",\"show_article_options\":\"\",\"show_urls_images_backend\":\"\",\"show_urls_images_frontend\":\"\"}', 1, 2, '', '', 1, 0, '{\"robots\":\"\",\"author\":\"\",\"rights\":\"\",\"xreference\":\"\"}', 0, '*', '', ''),
(3, 71, 'Kurs Word 2010', 'kurs-word-2010', '<p>Kurs programu Word 2010, będącego częścią pakietu Office.</p>', '', 1, 11, '2021-04-12 07:43:02', 719, '', '2021-04-12 07:43:03', 719, 0, '0000-00-00 00:00:00', '2021-04-12 07:43:02', '0000-00-00 00:00:00', '{\"image_intro\":\"\",\"float_intro\":\"\",\"image_intro_alt\":\"\",\"image_intro_caption\":\"\",\"image_fulltext\":\"\",\"float_fulltext\":\"\",\"image_fulltext_alt\":\"\",\"image_fulltext_caption\":\"\"}', '{\"urla\":false,\"urlatext\":\"\",\"targeta\":\"\",\"urlb\":false,\"urlbtext\":\"\",\"targetb\":\"\",\"urlc\":false,\"urlctext\":\"\",\"targetc\":\"\"}', '{\"article_layout\":\"\",\"show_title\":\"\",\"link_titles\":\"\",\"show_tags\":\"\",\"show_intro\":\"\",\"info_block_position\":\"\",\"info_block_show_title\":\"\",\"show_category\":\"\",\"link_category\":\"\",\"show_parent_category\":\"\",\"link_parent_category\":\"\",\"show_associations\":\"\",\"show_author\":\"\",\"link_author\":\"\",\"show_create_date\":\"\",\"show_modify_date\":\"\",\"show_publish_date\":\"\",\"show_item_navigation\":\"\",\"show_icons\":\"\",\"show_print_icon\":\"\",\"show_email_icon\":\"\",\"show_vote\":\"\",\"show_hits\":\"\",\"show_noauth\":\"\",\"urls_position\":\"\",\"alternative_readmore\":\"\",\"article_page_title\":\"\",\"show_publishing_options\":\"\",\"show_article_options\":\"\",\"show_urls_images_backend\":\"\",\"show_urls_images_frontend\":\"\"}', 2, 1, '', '', 1, 0, '{\"robots\":\"\",\"author\":\"\",\"rights\":\"\",\"xreference\":\"\"}', 0, '*', '', ''),
(4, 72, 'Kurs Access 2010', 'kurs-access-2010', '<p>Kurs programu Access 2010, będącego częścią pakietu Office.</p>', '', 1, 11, '2021-04-12 07:43:49', 719, '', '2021-04-12 07:43:49', 0, 0, '0000-00-00 00:00:00', '2021-04-12 07:43:49', '0000-00-00 00:00:00', '{\"image_intro\":\"\",\"float_intro\":\"\",\"image_intro_alt\":\"\",\"image_intro_caption\":\"\",\"image_fulltext\":\"\",\"float_fulltext\":\"\",\"image_fulltext_alt\":\"\",\"image_fulltext_caption\":\"\"}', '{\"urla\":false,\"urlatext\":\"\",\"targeta\":\"\",\"urlb\":false,\"urlbtext\":\"\",\"targetb\":\"\",\"urlc\":false,\"urlctext\":\"\",\"targetc\":\"\"}', '{\"article_layout\":\"\",\"show_title\":\"\",\"link_titles\":\"\",\"show_tags\":\"\",\"show_intro\":\"\",\"info_block_position\":\"\",\"info_block_show_title\":\"\",\"show_category\":\"\",\"link_category\":\"\",\"show_parent_category\":\"\",\"link_parent_category\":\"\",\"show_associations\":\"\",\"show_author\":\"\",\"link_author\":\"\",\"show_create_date\":\"\",\"show_modify_date\":\"\",\"show_publish_date\":\"\",\"show_item_navigation\":\"\",\"show_icons\":\"\",\"show_print_icon\":\"\",\"show_email_icon\":\"\",\"show_vote\":\"\",\"show_hits\":\"\",\"show_noauth\":\"\",\"urls_position\":\"\",\"alternative_readmore\":\"\",\"article_page_title\":\"\",\"show_publishing_options\":\"\",\"show_article_options\":\"\",\"show_urls_images_backend\":\"\",\"show_urls_images_frontend\":\"\"}', 1, 0, '', '', 1, 0, '{\"robots\":\"\",\"author\":\"\",\"rights\":\"\",\"xreference\":\"\"}', 0, '*', '', ''),
(5, 73, 'Kurs Corel X5', 'kurs-corel-x5', '<p>Kurs programu Corel X5.</p>', '', 1, 12, '2021-04-12 07:44:13', 719, '', '2021-04-12 07:44:13', 0, 0, '0000-00-00 00:00:00', '2021-04-12 07:44:13', '0000-00-00 00:00:00', '{\"image_intro\":\"\",\"float_intro\":\"\",\"image_intro_alt\":\"\",\"image_intro_caption\":\"\",\"image_fulltext\":\"\",\"float_fulltext\":\"\",\"image_fulltext_alt\":\"\",\"image_fulltext_caption\":\"\"}', '{\"urla\":false,\"urlatext\":\"\",\"targeta\":\"\",\"urlb\":false,\"urlbtext\":\"\",\"targetb\":\"\",\"urlc\":false,\"urlctext\":\"\",\"targetc\":\"\"}', '{\"article_layout\":\"\",\"show_title\":\"\",\"link_titles\":\"\",\"show_tags\":\"\",\"show_intro\":\"\",\"info_block_position\":\"\",\"info_block_show_title\":\"\",\"show_category\":\"\",\"link_category\":\"\",\"show_parent_category\":\"\",\"link_parent_category\":\"\",\"show_associations\":\"\",\"show_author\":\"\",\"link_author\":\"\",\"show_create_date\":\"\",\"show_modify_date\":\"\",\"show_publish_date\":\"\",\"show_item_navigation\":\"\",\"show_icons\":\"\",\"show_print_icon\":\"\",\"show_email_icon\":\"\",\"show_vote\":\"\",\"show_hits\":\"\",\"show_noauth\":\"\",\"urls_position\":\"\",\"alternative_readmore\":\"\",\"article_page_title\":\"\",\"show_publishing_options\":\"\",\"show_article_options\":\"\",\"show_urls_images_backend\":\"\",\"show_urls_images_frontend\":\"\"}', 1, 0, '', '', 1, 0, '{\"robots\":\"\",\"author\":\"\",\"rights\":\"\",\"xreference\":\"\"}', 0, '*', '', ''),
(6, 74, 'Kurs Joomla 2.5', 'kurs-joomla-2-5', '<p>Kurs programu Joomla 2.5.</p>', '', -2, 2, '2021-04-12 07:44:30', 719, '', '2021-04-12 07:44:30', 0, 0, '0000-00-00 00:00:00', '2021-04-12 07:44:30', '0000-00-00 00:00:00', '{\"image_intro\":\"\",\"float_intro\":\"\",\"image_intro_alt\":\"\",\"image_intro_caption\":\"\",\"image_fulltext\":\"\",\"float_fulltext\":\"\",\"image_fulltext_alt\":\"\",\"image_fulltext_caption\":\"\"}', '{\"urla\":false,\"urlatext\":\"\",\"targeta\":\"\",\"urlb\":false,\"urlbtext\":\"\",\"targetb\":\"\",\"urlc\":false,\"urlctext\":\"\",\"targetc\":\"\"}', '{\"article_layout\":\"\",\"show_title\":\"\",\"link_titles\":\"\",\"show_tags\":\"\",\"show_intro\":\"\",\"info_block_position\":\"\",\"info_block_show_title\":\"\",\"show_category\":\"\",\"link_category\":\"\",\"show_parent_category\":\"\",\"link_parent_category\":\"\",\"show_associations\":\"\",\"show_author\":\"\",\"link_author\":\"\",\"show_create_date\":\"\",\"show_modify_date\":\"\",\"show_publish_date\":\"\",\"show_item_navigation\":\"\",\"show_icons\":\"\",\"show_print_icon\":\"\",\"show_email_icon\":\"\",\"show_vote\":\"\",\"show_hits\":\"\",\"show_noauth\":\"\",\"urls_position\":\"\",\"alternative_readmore\":\"\",\"article_page_title\":\"\",\"show_publishing_options\":\"\",\"show_article_options\":\"\",\"show_urls_images_backend\":\"\",\"show_urls_images_frontend\":\"\"}', 1, 0, '', '', 1, 0, '{\"robots\":\"\",\"author\":\"\",\"rights\":\"\",\"xreference\":\"\"}', 0, '*', '', ''),
(7, 75, 'Kurs Joomla 2.5', 'kurs-joomla-2-5', '<p>Kurs programu Joomla 2.5.</p>', '', 1, 13, '2021-04-12 07:44:40', 719, '', '2021-04-12 07:44:40', 0, 0, '0000-00-00 00:00:00', '2021-04-12 07:44:40', '0000-00-00 00:00:00', '{\"image_intro\":\"\",\"float_intro\":\"\",\"image_intro_alt\":\"\",\"image_intro_caption\":\"\",\"image_fulltext\":\"\",\"float_fulltext\":\"\",\"image_fulltext_alt\":\"\",\"image_fulltext_caption\":\"\"}', '{\"urla\":false,\"urlatext\":\"\",\"targeta\":\"\",\"urlb\":false,\"urlbtext\":\"\",\"targetb\":\"\",\"urlc\":false,\"urlctext\":\"\",\"targetc\":\"\"}', '{\"article_layout\":\"\",\"show_title\":\"\",\"link_titles\":\"\",\"show_tags\":\"\",\"show_intro\":\"\",\"info_block_position\":\"\",\"info_block_show_title\":\"\",\"show_category\":\"\",\"link_category\":\"\",\"show_parent_category\":\"\",\"link_parent_category\":\"\",\"show_associations\":\"\",\"show_author\":\"\",\"link_author\":\"\",\"show_create_date\":\"\",\"show_modify_date\":\"\",\"show_publish_date\":\"\",\"show_item_navigation\":\"\",\"show_icons\":\"\",\"show_print_icon\":\"\",\"show_email_icon\":\"\",\"show_vote\":\"\",\"show_hits\":\"\",\"show_noauth\":\"\",\"urls_position\":\"\",\"alternative_readmore\":\"\",\"article_page_title\":\"\",\"show_publishing_options\":\"\",\"show_article_options\":\"\",\"show_urls_images_backend\":\"\",\"show_urls_images_frontend\":\"\"}', 1, 1, '', '', 1, 0, '{\"robots\":\"\",\"author\":\"\",\"rights\":\"\",\"xreference\":\"\"}', 0, '*', '', ''),
(8, 76, 'Kurs HTML5', 'kurs-html5', '<p>Kurs środowiska HTML 5.</p>', '', 1, 13, '2021-04-12 07:44:56', 719, '', '2021-04-12 07:44:56', 0, 0, '0000-00-00 00:00:00', '2021-04-12 07:44:56', '0000-00-00 00:00:00', '{\"image_intro\":\"\",\"float_intro\":\"\",\"image_intro_alt\":\"\",\"image_intro_caption\":\"\",\"image_fulltext\":\"\",\"float_fulltext\":\"\",\"image_fulltext_alt\":\"\",\"image_fulltext_caption\":\"\"}', '{\"urla\":false,\"urlatext\":\"\",\"targeta\":\"\",\"urlb\":false,\"urlbtext\":\"\",\"targetb\":\"\",\"urlc\":false,\"urlctext\":\"\",\"targetc\":\"\"}', '{\"article_layout\":\"\",\"show_title\":\"\",\"link_titles\":\"\",\"show_tags\":\"\",\"show_intro\":\"\",\"info_block_position\":\"\",\"info_block_show_title\":\"\",\"show_category\":\"\",\"link_category\":\"\",\"show_parent_category\":\"\",\"link_parent_category\":\"\",\"show_associations\":\"\",\"show_author\":\"\",\"link_author\":\"\",\"show_create_date\":\"\",\"show_modify_date\":\"\",\"show_publish_date\":\"\",\"show_item_navigation\":\"\",\"show_icons\":\"\",\"show_print_icon\":\"\",\"show_email_icon\":\"\",\"show_vote\":\"\",\"show_hits\":\"\",\"show_noauth\":\"\",\"urls_position\":\"\",\"alternative_readmore\":\"\",\"article_page_title\":\"\",\"show_publishing_options\":\"\",\"show_article_options\":\"\",\"show_urls_images_backend\":\"\",\"show_urls_images_frontend\":\"\"}', 1, 0, '', '', 1, 0, '{\"robots\":\"\",\"author\":\"\",\"rights\":\"\",\"xreference\":\"\"}', 0, '*', '', ''),
(9, 77, 'Wymagania systemowe', 'wymagania-systemowe', '<p>Lista wymagań systemowych. </p>', '', 1, 14, '2021-04-12 07:45:17', 719, '', '2021-04-12 07:45:17', 0, 0, '0000-00-00 00:00:00', '2021-04-12 07:45:17', '0000-00-00 00:00:00', '{\"image_intro\":\"\",\"float_intro\":\"\",\"image_intro_alt\":\"\",\"image_intro_caption\":\"\",\"image_fulltext\":\"\",\"float_fulltext\":\"\",\"image_fulltext_alt\":\"\",\"image_fulltext_caption\":\"\"}', '{\"urla\":false,\"urlatext\":\"\",\"targeta\":\"\",\"urlb\":false,\"urlbtext\":\"\",\"targetb\":\"\",\"urlc\":false,\"urlctext\":\"\",\"targetc\":\"\"}', '{\"article_layout\":\"\",\"show_title\":\"\",\"link_titles\":\"\",\"show_tags\":\"\",\"show_intro\":\"\",\"info_block_position\":\"\",\"info_block_show_title\":\"\",\"show_category\":\"\",\"link_category\":\"\",\"show_parent_category\":\"\",\"link_parent_category\":\"\",\"show_associations\":\"\",\"show_author\":\"\",\"link_author\":\"\",\"show_create_date\":\"\",\"show_modify_date\":\"\",\"show_publish_date\":\"\",\"show_item_navigation\":\"\",\"show_icons\":\"\",\"show_print_icon\":\"\",\"show_email_icon\":\"\",\"show_vote\":\"\",\"show_hits\":\"\",\"show_noauth\":\"\",\"urls_position\":\"\",\"alternative_readmore\":\"\",\"article_page_title\":\"\",\"show_publishing_options\":\"\",\"show_article_options\":\"\",\"show_urls_images_backend\":\"\",\"show_urls_images_frontend\":\"\"}', 1, 1, '', '', 1, 0, '{\"robots\":\"\",\"author\":\"\",\"rights\":\"\",\"xreference\":\"\"}', 0, '*', '', ''),
(10, 78, 'Jaką wersję wybrać', 'jaka-wersje-wybrac', '<p>Poradnik do wybierania wersji.</p>', '', 1, 14, '2021-04-12 07:45:34', 719, '', '2021-04-12 07:45:34', 0, 0, '0000-00-00 00:00:00', '2021-04-12 07:45:34', '0000-00-00 00:00:00', '{\"image_intro\":\"\",\"float_intro\":\"\",\"image_intro_alt\":\"\",\"image_intro_caption\":\"\",\"image_fulltext\":\"\",\"float_fulltext\":\"\",\"image_fulltext_alt\":\"\",\"image_fulltext_caption\":\"\"}', '{\"urla\":false,\"urlatext\":\"\",\"targeta\":\"\",\"urlb\":false,\"urlbtext\":\"\",\"targetb\":\"\",\"urlc\":false,\"urlctext\":\"\",\"targetc\":\"\"}', '{\"article_layout\":\"\",\"show_title\":\"\",\"link_titles\":\"\",\"show_tags\":\"\",\"show_intro\":\"\",\"info_block_position\":\"\",\"info_block_show_title\":\"\",\"show_category\":\"\",\"link_category\":\"\",\"show_parent_category\":\"\",\"link_parent_category\":\"\",\"show_associations\":\"\",\"show_author\":\"\",\"link_author\":\"\",\"show_create_date\":\"\",\"show_modify_date\":\"\",\"show_publish_date\":\"\",\"show_item_navigation\":\"\",\"show_icons\":\"\",\"show_print_icon\":\"\",\"show_email_icon\":\"\",\"show_vote\":\"\",\"show_hits\":\"\",\"show_noauth\":\"\",\"urls_position\":\"\",\"alternative_readmore\":\"\",\"article_page_title\":\"\",\"show_publishing_options\":\"\",\"show_article_options\":\"\",\"show_urls_images_backend\":\"\",\"show_urls_images_frontend\":\"\"}', 1, 0, '', '', 1, 0, '{\"robots\":\"\",\"author\":\"\",\"rights\":\"\",\"xreference\":\"\"}', 0, '*', '', ''),
(11, 79, 'Płatności', 'platnosci', '<p>Metody płatności.</p>', '', 1, 15, '2021-04-12 07:45:49', 719, '', '2021-04-12 07:45:49', 0, 0, '0000-00-00 00:00:00', '2021-04-12 07:45:49', '0000-00-00 00:00:00', '{\"image_intro\":\"\",\"float_intro\":\"\",\"image_intro_alt\":\"\",\"image_intro_caption\":\"\",\"image_fulltext\":\"\",\"float_fulltext\":\"\",\"image_fulltext_alt\":\"\",\"image_fulltext_caption\":\"\"}', '{\"urla\":false,\"urlatext\":\"\",\"targeta\":\"\",\"urlb\":false,\"urlbtext\":\"\",\"targetb\":\"\",\"urlc\":false,\"urlctext\":\"\",\"targetc\":\"\"}', '{\"article_layout\":\"\",\"show_title\":\"\",\"link_titles\":\"\",\"show_tags\":\"\",\"show_intro\":\"\",\"info_block_position\":\"\",\"info_block_show_title\":\"\",\"show_category\":\"\",\"link_category\":\"\",\"show_parent_category\":\"\",\"link_parent_category\":\"\",\"show_associations\":\"\",\"show_author\":\"\",\"link_author\":\"\",\"show_create_date\":\"\",\"show_modify_date\":\"\",\"show_publish_date\":\"\",\"show_item_navigation\":\"\",\"show_icons\":\"\",\"show_print_icon\":\"\",\"show_email_icon\":\"\",\"show_vote\":\"\",\"show_hits\":\"\",\"show_noauth\":\"\",\"urls_position\":\"\",\"alternative_readmore\":\"\",\"article_page_title\":\"\",\"show_publishing_options\":\"\",\"show_article_options\":\"\",\"show_urls_images_backend\":\"\",\"show_urls_images_frontend\":\"\"}', 1, 2, '', '', 1, 0, '{\"robots\":\"\",\"author\":\"\",\"rights\":\"\",\"xreference\":\"\"}', 0, '*', '', ''),
(12, 80, 'Metody wysyłki', 'metody-wysylki', '<p>Lista metod wysyłki. </p>', '', 1, 15, '2021-04-12 07:46:04', 719, '', '2021-04-12 07:46:04', 0, 0, '0000-00-00 00:00:00', '2021-04-12 07:46:04', '0000-00-00 00:00:00', '{\"image_intro\":\"\",\"float_intro\":\"\",\"image_intro_alt\":\"\",\"image_intro_caption\":\"\",\"image_fulltext\":\"\",\"float_fulltext\":\"\",\"image_fulltext_alt\":\"\",\"image_fulltext_caption\":\"\"}', '{\"urla\":false,\"urlatext\":\"\",\"targeta\":\"\",\"urlb\":false,\"urlbtext\":\"\",\"targetb\":\"\",\"urlc\":false,\"urlctext\":\"\",\"targetc\":\"\"}', '{\"article_layout\":\"\",\"show_title\":\"\",\"link_titles\":\"\",\"show_tags\":\"\",\"show_intro\":\"\",\"info_block_position\":\"\",\"info_block_show_title\":\"\",\"show_category\":\"\",\"link_category\":\"\",\"show_parent_category\":\"\",\"link_parent_category\":\"\",\"show_associations\":\"\",\"show_author\":\"\",\"link_author\":\"\",\"show_create_date\":\"\",\"show_modify_date\":\"\",\"show_publish_date\":\"\",\"show_item_navigation\":\"\",\"show_icons\":\"\",\"show_print_icon\":\"\",\"show_email_icon\":\"\",\"show_vote\":\"\",\"show_hits\":\"\",\"show_noauth\":\"\",\"urls_position\":\"\",\"alternative_readmore\":\"\",\"article_page_title\":\"\",\"show_publishing_options\":\"\",\"show_article_options\":\"\",\"show_urls_images_backend\":\"\",\"show_urls_images_frontend\":\"\"}', 1, 1, '', '', 1, 0, '{\"robots\":\"\",\"author\":\"\",\"rights\":\"\",\"xreference\":\"\"}', 0, '*', '', ''),
(13, 81, 'Czas realizacji', 'czas-realizacji', '<p>Szczegóły dot. czasów realizacji zamówień.</p>', '', 1, 15, '2021-04-12 07:46:20', 719, '', '2021-04-12 07:46:20', 0, 0, '0000-00-00 00:00:00', '2021-04-12 07:46:20', '0000-00-00 00:00:00', '{\"image_intro\":\"\",\"float_intro\":\"\",\"image_intro_alt\":\"\",\"image_intro_caption\":\"\",\"image_fulltext\":\"\",\"float_fulltext\":\"\",\"image_fulltext_alt\":\"\",\"image_fulltext_caption\":\"\"}', '{\"urla\":false,\"urlatext\":\"\",\"targeta\":\"\",\"urlb\":false,\"urlbtext\":\"\",\"targetb\":\"\",\"urlc\":false,\"urlctext\":\"\",\"targetc\":\"\"}', '{\"article_layout\":\"\",\"show_title\":\"\",\"link_titles\":\"\",\"show_tags\":\"\",\"show_intro\":\"\",\"info_block_position\":\"\",\"info_block_show_title\":\"\",\"show_category\":\"\",\"link_category\":\"\",\"show_parent_category\":\"\",\"link_parent_category\":\"\",\"show_associations\":\"\",\"show_author\":\"\",\"link_author\":\"\",\"show_create_date\":\"\",\"show_modify_date\":\"\",\"show_publish_date\":\"\",\"show_item_navigation\":\"\",\"show_icons\":\"\",\"show_print_icon\":\"\",\"show_email_icon\":\"\",\"show_vote\":\"\",\"show_hits\":\"\",\"show_noauth\":\"\",\"urls_position\":\"\",\"alternative_readmore\":\"\",\"article_page_title\":\"\",\"show_publishing_options\":\"\",\"show_article_options\":\"\",\"show_urls_images_backend\":\"\",\"show_urls_images_frontend\":\"\"}', 1, 0, '', '', 1, 0, '{\"robots\":\"\",\"author\":\"\",\"rights\":\"\",\"xreference\":\"\"}', 0, '*', '', ''),
(14, 84, 'Artykuł autora', 'artykul-autora', '<p>Artykulik autorka.</p>', '', 1, 16, '2021-04-19 06:32:45', 721, '', '2021-04-19 06:53:11', 719, 0, '0000-00-00 00:00:00', '2021-04-19 06:33:24', '0000-00-00 00:00:00', '{\"image_intro\":\"\",\"float_intro\":\"\",\"image_intro_alt\":\"\",\"image_intro_caption\":\"\",\"image_fulltext\":\"\",\"float_fulltext\":\"\",\"image_fulltext_alt\":\"\",\"image_fulltext_caption\":\"\"}', '{\"urla\":false,\"urlatext\":\"\",\"targeta\":\"\",\"urlb\":false,\"urlbtext\":\"\",\"targetb\":\"\",\"urlc\":false,\"urlctext\":\"\",\"targetc\":\"\"}', '{\"article_layout\":\"\",\"show_title\":\"\",\"link_titles\":\"\",\"show_tags\":\"\",\"show_intro\":\"\",\"info_block_position\":\"\",\"info_block_show_title\":\"\",\"show_category\":\"\",\"link_category\":\"\",\"show_parent_category\":\"\",\"link_parent_category\":\"\",\"show_associations\":\"\",\"show_author\":\"\",\"link_author\":\"\",\"show_create_date\":\"\",\"show_modify_date\":\"\",\"show_publish_date\":\"\",\"show_item_navigation\":\"\",\"show_icons\":\"\",\"show_print_icon\":\"\",\"show_email_icon\":\"\",\"show_vote\":\"\",\"show_hits\":\"\",\"show_noauth\":\"\",\"urls_position\":\"\",\"alternative_readmore\":\"\",\"article_page_title\":\"\",\"show_publishing_options\":\"\",\"show_article_options\":\"\",\"show_urls_images_backend\":\"\",\"show_urls_images_frontend\":\"\"}', 4, 0, '', '', 1, 1, '{\"robots\":\"\",\"author\":\"\",\"rights\":\"\",\"xreference\":\"\"}', 0, '*', '', '');

-- --------------------------------------------------------

--
-- Struktura tabeli dla tabeli `zzux2_contentitem_tag_map`
--

CREATE TABLE `zzux2_contentitem_tag_map` (
  `type_alias` varchar(255) COLLATE utf8mb4_unicode_ci NOT NULL DEFAULT '',
  `core_content_id` int(10) UNSIGNED NOT NULL COMMENT 'PK from the core content table',
  `content_item_id` int(11) NOT NULL COMMENT 'PK from the content type table',
  `tag_id` int(10) UNSIGNED NOT NULL COMMENT 'PK from the tag table',
  `tag_date` timestamp NOT NULL DEFAULT current_timestamp() ON UPDATE current_timestamp() COMMENT 'Date of most recent save for this tag-item',
  `type_id` mediumint(8) NOT NULL COMMENT 'PK from the content_type table'
) ENGINE=InnoDB DEFAULT CHARSET=utf8mb4 COLLATE=utf8mb4_unicode_ci COMMENT='Maps items from content tables to tags';

-- --------------------------------------------------------

--
-- Struktura tabeli dla tabeli `zzux2_content_frontpage`
--

CREATE TABLE `zzux2_content_frontpage` (
  `content_id` int(11) NOT NULL DEFAULT 0,
  `ordering` int(11) NOT NULL DEFAULT 0
) ENGINE=InnoDB DEFAULT CHARSET=utf8mb4 COLLATE=utf8mb4_unicode_ci;

-- --------------------------------------------------------

--
-- Struktura tabeli dla tabeli `zzux2_content_rating`
--

CREATE TABLE `zzux2_content_rating` (
  `content_id` int(11) NOT NULL DEFAULT 0,
  `rating_sum` int(10) UNSIGNED NOT NULL DEFAULT 0,
  `rating_count` int(10) UNSIGNED NOT NULL DEFAULT 0,
  `lastip` varchar(50) COLLATE utf8mb4_unicode_ci NOT NULL DEFAULT ''
) ENGINE=InnoDB DEFAULT CHARSET=utf8mb4 COLLATE=utf8mb4_unicode_ci;

-- --------------------------------------------------------

--
-- Struktura tabeli dla tabeli `zzux2_content_types`
--

CREATE TABLE `zzux2_content_types` (
  `type_id` int(10) UNSIGNED NOT NULL,
  `type_title` varchar(255) COLLATE utf8mb4_unicode_ci NOT NULL DEFAULT '',
  `type_alias` varchar(400) COLLATE utf8mb4_unicode_ci NOT NULL DEFAULT '',
  `table` varchar(255) COLLATE utf8mb4_unicode_ci NOT NULL DEFAULT '',
  `rules` text COLLATE utf8mb4_unicode_ci NOT NULL,
  `field_mappings` text COLLATE utf8mb4_unicode_ci NOT NULL,
  `router` varchar(255) COLLATE utf8mb4_unicode_ci NOT NULL DEFAULT '',
  `content_history_options` varchar(5120) COLLATE utf8mb4_unicode_ci DEFAULT NULL COMMENT 'JSON string for com_contenthistory options'
) ENGINE=InnoDB DEFAULT CHARSET=utf8mb4 COLLATE=utf8mb4_unicode_ci;

--
-- Zrzut danych tabeli `zzux2_content_types`
--

INSERT INTO `zzux2_content_types` (`type_id`, `type_title`, `type_alias`, `table`, `rules`, `field_mappings`, `router`, `content_history_options`) VALUES
(1, 'Article', 'com_content.article', '{\"special\":{\"dbtable\":\"#__content\",\"key\":\"id\",\"type\":\"Content\",\"prefix\":\"JTable\",\"config\":\"array()\"},\"common\":{\"dbtable\":\"#__ucm_content\",\"key\":\"ucm_id\",\"type\":\"Corecontent\",\"prefix\":\"JTable\",\"config\":\"array()\"}}', '', '{\"common\":{\"core_content_item_id\":\"id\",\"core_title\":\"title\",\"core_state\":\"state\",\"core_alias\":\"alias\",\"core_created_time\":\"created\",\"core_modified_time\":\"modified\",\"core_body\":\"introtext\", \"core_hits\":\"hits\",\"core_publish_up\":\"publish_up\",\"core_publish_down\":\"publish_down\",\"core_access\":\"access\", \"core_params\":\"attribs\", \"core_featured\":\"featured\", \"core_metadata\":\"metadata\", \"core_language\":\"language\", \"core_images\":\"images\", \"core_urls\":\"urls\", \"core_version\":\"version\", \"core_ordering\":\"ordering\", \"core_metakey\":\"metakey\", \"core_metadesc\":\"metadesc\", \"core_catid\":\"catid\", \"core_xreference\":\"xreference\", \"asset_id\":\"asset_id\", \"note\":\"note\"}, \"special\":{\"fulltext\":\"fulltext\"}}', 'ContentHelperRoute::getArticleRoute', '{\"formFile\":\"administrator\\/components\\/com_content\\/models\\/forms\\/article.xml\", \"hideFields\":[\"asset_id\",\"checked_out\",\"checked_out_time\",\"version\"],\"ignoreChanges\":[\"modified_by\", \"modified\", \"checked_out\", \"checked_out_time\", \"version\", \"hits\", \"ordering\"],\"convertToInt\":[\"publish_up\", \"publish_down\", \"featured\", \"ordering\"],\"displayLookup\":[{\"sourceColumn\":\"catid\",\"targetTable\":\"#__categories\",\"targetColumn\":\"id\",\"displayColumn\":\"title\"},{\"sourceColumn\":\"created_by\",\"targetTable\":\"#__users\",\"targetColumn\":\"id\",\"displayColumn\":\"name\"},{\"sourceColumn\":\"access\",\"targetTable\":\"#__viewlevels\",\"targetColumn\":\"id\",\"displayColumn\":\"title\"},{\"sourceColumn\":\"modified_by\",\"targetTable\":\"#__users\",\"targetColumn\":\"id\",\"displayColumn\":\"name\"} ]}'),
(2, 'Contact', 'com_contact.contact', '{\"special\":{\"dbtable\":\"#__contact_details\",\"key\":\"id\",\"type\":\"Contact\",\"prefix\":\"ContactTable\",\"config\":\"array()\"},\"common\":{\"dbtable\":\"#__ucm_content\",\"key\":\"ucm_id\",\"type\":\"Corecontent\",\"prefix\":\"JTable\",\"config\":\"array()\"}}', '', '{\"common\":{\"core_content_item_id\":\"id\",\"core_title\":\"name\",\"core_state\":\"published\",\"core_alias\":\"alias\",\"core_created_time\":\"created\",\"core_modified_time\":\"modified\",\"core_body\":\"address\", \"core_hits\":\"hits\",\"core_publish_up\":\"publish_up\",\"core_publish_down\":\"publish_down\",\"core_access\":\"access\", \"core_params\":\"params\", \"core_featured\":\"featured\", \"core_metadata\":\"metadata\", \"core_language\":\"language\", \"core_images\":\"image\", \"core_urls\":\"webpage\", \"core_version\":\"version\", \"core_ordering\":\"ordering\", \"core_metakey\":\"metakey\", \"core_metadesc\":\"metadesc\", \"core_catid\":\"catid\", \"core_xreference\":\"xreference\", \"asset_id\":\"null\"}, \"special\":{\"con_position\":\"con_position\",\"suburb\":\"suburb\",\"state\":\"state\",\"country\":\"country\",\"postcode\":\"postcode\",\"telephone\":\"telephone\",\"fax\":\"fax\",\"misc\":\"misc\",\"email_to\":\"email_to\",\"default_con\":\"default_con\",\"user_id\":\"user_id\",\"mobile\":\"mobile\",\"sortname1\":\"sortname1\",\"sortname2\":\"sortname2\",\"sortname3\":\"sortname3\"}}', 'ContactHelperRoute::getContactRoute', '{\"formFile\":\"administrator\\/components\\/com_contact\\/models\\/forms\\/contact.xml\",\"hideFields\":[\"default_con\",\"checked_out\",\"checked_out_time\",\"version\",\"xreference\"],\"ignoreChanges\":[\"modified_by\", \"modified\", \"checked_out\", \"checked_out_time\", \"version\", \"hits\"],\"convertToInt\":[\"publish_up\", \"publish_down\", \"featured\", \"ordering\"], \"displayLookup\":[ {\"sourceColumn\":\"created_by\",\"targetTable\":\"#__users\",\"targetColumn\":\"id\",\"displayColumn\":\"name\"},{\"sourceColumn\":\"catid\",\"targetTable\":\"#__categories\",\"targetColumn\":\"id\",\"displayColumn\":\"title\"},{\"sourceColumn\":\"modified_by\",\"targetTable\":\"#__users\",\"targetColumn\":\"id\",\"displayColumn\":\"name\"},{\"sourceColumn\":\"access\",\"targetTable\":\"#__viewlevels\",\"targetColumn\":\"id\",\"displayColumn\":\"title\"},{\"sourceColumn\":\"user_id\",\"targetTable\":\"#__users\",\"targetColumn\":\"id\",\"displayColumn\":\"name\"} ] }'),
(3, 'Newsfeed', 'com_newsfeeds.newsfeed', '{\"special\":{\"dbtable\":\"#__newsfeeds\",\"key\":\"id\",\"type\":\"Newsfeed\",\"prefix\":\"NewsfeedsTable\",\"config\":\"array()\"},\"common\":{\"dbtable\":\"#__ucm_content\",\"key\":\"ucm_id\",\"type\":\"Corecontent\",\"prefix\":\"JTable\",\"config\":\"array()\"}}', '', '{\"common\":{\"core_content_item_id\":\"id\",\"core_title\":\"name\",\"core_state\":\"published\",\"core_alias\":\"alias\",\"core_created_time\":\"created\",\"core_modified_time\":\"modified\",\"core_body\":\"description\", \"core_hits\":\"hits\",\"core_publish_up\":\"publish_up\",\"core_publish_down\":\"publish_down\",\"core_access\":\"access\", \"core_params\":\"params\", \"core_featured\":\"featured\", \"core_metadata\":\"metadata\", \"core_language\":\"language\", \"core_images\":\"images\", \"core_urls\":\"link\", \"core_version\":\"version\", \"core_ordering\":\"ordering\", \"core_metakey\":\"metakey\", \"core_metadesc\":\"metadesc\", \"core_catid\":\"catid\", \"core_xreference\":\"xreference\", \"asset_id\":\"null\"}, \"special\":{\"numarticles\":\"numarticles\",\"cache_time\":\"cache_time\",\"rtl\":\"rtl\"}}', 'NewsfeedsHelperRoute::getNewsfeedRoute', '{\"formFile\":\"administrator\\/components\\/com_newsfeeds\\/models\\/forms\\/newsfeed.xml\",\"hideFields\":[\"asset_id\",\"checked_out\",\"checked_out_time\",\"version\"],\"ignoreChanges\":[\"modified_by\", \"modified\", \"checked_out\", \"checked_out_time\", \"version\", \"hits\"],\"convertToInt\":[\"publish_up\", \"publish_down\", \"featured\", \"ordering\"],\"displayLookup\":[{\"sourceColumn\":\"catid\",\"targetTable\":\"#__categories\",\"targetColumn\":\"id\",\"displayColumn\":\"title\"},{\"sourceColumn\":\"created_by\",\"targetTable\":\"#__users\",\"targetColumn\":\"id\",\"displayColumn\":\"name\"},{\"sourceColumn\":\"access\",\"targetTable\":\"#__viewlevels\",\"targetColumn\":\"id\",\"displayColumn\":\"title\"},{\"sourceColumn\":\"modified_by\",\"targetTable\":\"#__users\",\"targetColumn\":\"id\",\"displayColumn\":\"name\"} ]}'),
(4, 'User', 'com_users.user', '{\"special\":{\"dbtable\":\"#__users\",\"key\":\"id\",\"type\":\"User\",\"prefix\":\"JTable\",\"config\":\"array()\"},\"common\":{\"dbtable\":\"#__ucm_content\",\"key\":\"ucm_id\",\"type\":\"Corecontent\",\"prefix\":\"JTable\",\"config\":\"array()\"}}', '', '{\"common\":{\"core_content_item_id\":\"id\",\"core_title\":\"name\",\"core_state\":\"null\",\"core_alias\":\"username\",\"core_created_time\":\"registerdate\",\"core_modified_time\":\"lastvisitDate\",\"core_body\":\"null\", \"core_hits\":\"null\",\"core_publish_up\":\"null\",\"core_publish_down\":\"null\",\"access\":\"null\", \"core_params\":\"params\", \"core_featured\":\"null\", \"core_metadata\":\"null\", \"core_language\":\"null\", \"core_images\":\"null\", \"core_urls\":\"null\", \"core_version\":\"null\", \"core_ordering\":\"null\", \"core_metakey\":\"null\", \"core_metadesc\":\"null\", \"core_catid\":\"null\", \"core_xreference\":\"null\", \"asset_id\":\"null\"}, \"special\":{}}', 'UsersHelperRoute::getUserRoute', ''),
(5, 'Article Category', 'com_content.category', '{\"special\":{\"dbtable\":\"#__categories\",\"key\":\"id\",\"type\":\"Category\",\"prefix\":\"JTable\",\"config\":\"array()\"},\"common\":{\"dbtable\":\"#__ucm_content\",\"key\":\"ucm_id\",\"type\":\"Corecontent\",\"prefix\":\"JTable\",\"config\":\"array()\"}}', '', '{\"common\":{\"core_content_item_id\":\"id\",\"core_title\":\"title\",\"core_state\":\"published\",\"core_alias\":\"alias\",\"core_created_time\":\"created_time\",\"core_modified_time\":\"modified_time\",\"core_body\":\"description\", \"core_hits\":\"hits\",\"core_publish_up\":\"null\",\"core_publish_down\":\"null\",\"core_access\":\"access\", \"core_params\":\"params\", \"core_featured\":\"null\", \"core_metadata\":\"metadata\", \"core_language\":\"language\", \"core_images\":\"null\", \"core_urls\":\"null\", \"core_version\":\"version\", \"core_ordering\":\"null\", \"core_metakey\":\"metakey\", \"core_metadesc\":\"metadesc\", \"core_catid\":\"parent_id\", \"core_xreference\":\"null\", \"asset_id\":\"asset_id\"}, \"special\":{\"parent_id\":\"parent_id\",\"lft\":\"lft\",\"rgt\":\"rgt\",\"level\":\"level\",\"path\":\"path\",\"extension\":\"extension\",\"note\":\"note\"}}', 'ContentHelperRoute::getCategoryRoute', '{\"formFile\":\"administrator\\/components\\/com_categories\\/models\\/forms\\/category.xml\", \"hideFields\":[\"asset_id\",\"checked_out\",\"checked_out_time\",\"version\",\"lft\",\"rgt\",\"level\",\"path\",\"extension\"], \"ignoreChanges\":[\"modified_user_id\", \"modified_time\", \"checked_out\", \"checked_out_time\", \"version\", \"hits\", \"path\"],\"convertToInt\":[\"publish_up\", \"publish_down\"], \"displayLookup\":[{\"sourceColumn\":\"created_user_id\",\"targetTable\":\"#__users\",\"targetColumn\":\"id\",\"displayColumn\":\"name\"},{\"sourceColumn\":\"access\",\"targetTable\":\"#__viewlevels\",\"targetColumn\":\"id\",\"displayColumn\":\"title\"},{\"sourceColumn\":\"modified_user_id\",\"targetTable\":\"#__users\",\"targetColumn\":\"id\",\"displayColumn\":\"name\"},{\"sourceColumn\":\"parent_id\",\"targetTable\":\"#__categories\",\"targetColumn\":\"id\",\"displayColumn\":\"title\"}]}'),
(6, 'Contact Category', 'com_contact.category', '{\"special\":{\"dbtable\":\"#__categories\",\"key\":\"id\",\"type\":\"Category\",\"prefix\":\"JTable\",\"config\":\"array()\"},\"common\":{\"dbtable\":\"#__ucm_content\",\"key\":\"ucm_id\",\"type\":\"Corecontent\",\"prefix\":\"JTable\",\"config\":\"array()\"}}', '', '{\"common\":{\"core_content_item_id\":\"id\",\"core_title\":\"title\",\"core_state\":\"published\",\"core_alias\":\"alias\",\"core_created_time\":\"created_time\",\"core_modified_time\":\"modified_time\",\"core_body\":\"description\", \"core_hits\":\"hits\",\"core_publish_up\":\"null\",\"core_publish_down\":\"null\",\"core_access\":\"access\", \"core_params\":\"params\", \"core_featured\":\"null\", \"core_metadata\":\"metadata\", \"core_language\":\"language\", \"core_images\":\"null\", \"core_urls\":\"null\", \"core_version\":\"version\", \"core_ordering\":\"null\", \"core_metakey\":\"metakey\", \"core_metadesc\":\"metadesc\", \"core_catid\":\"parent_id\", \"core_xreference\":\"null\", \"asset_id\":\"asset_id\"}, \"special\":{\"parent_id\":\"parent_id\",\"lft\":\"lft\",\"rgt\":\"rgt\",\"level\":\"level\",\"path\":\"path\",\"extension\":\"extension\",\"note\":\"note\"}}', 'ContactHelperRoute::getCategoryRoute', '{\"formFile\":\"administrator\\/components\\/com_categories\\/models\\/forms\\/category.xml\", \"hideFields\":[\"asset_id\",\"checked_out\",\"checked_out_time\",\"version\",\"lft\",\"rgt\",\"level\",\"path\",\"extension\"], \"ignoreChanges\":[\"modified_user_id\", \"modified_time\", \"checked_out\", \"checked_out_time\", \"version\", \"hits\", \"path\"],\"convertToInt\":[\"publish_up\", \"publish_down\"], \"displayLookup\":[{\"sourceColumn\":\"created_user_id\",\"targetTable\":\"#__users\",\"targetColumn\":\"id\",\"displayColumn\":\"name\"},{\"sourceColumn\":\"access\",\"targetTable\":\"#__viewlevels\",\"targetColumn\":\"id\",\"displayColumn\":\"title\"},{\"sourceColumn\":\"modified_user_id\",\"targetTable\":\"#__users\",\"targetColumn\":\"id\",\"displayColumn\":\"name\"},{\"sourceColumn\":\"parent_id\",\"targetTable\":\"#__categories\",\"targetColumn\":\"id\",\"displayColumn\":\"title\"}]}'),
(7, 'Newsfeeds Category', 'com_newsfeeds.category', '{\"special\":{\"dbtable\":\"#__categories\",\"key\":\"id\",\"type\":\"Category\",\"prefix\":\"JTable\",\"config\":\"array()\"},\"common\":{\"dbtable\":\"#__ucm_content\",\"key\":\"ucm_id\",\"type\":\"Corecontent\",\"prefix\":\"JTable\",\"config\":\"array()\"}}', '', '{\"common\":{\"core_content_item_id\":\"id\",\"core_title\":\"title\",\"core_state\":\"published\",\"core_alias\":\"alias\",\"core_created_time\":\"created_time\",\"core_modified_time\":\"modified_time\",\"core_body\":\"description\", \"core_hits\":\"hits\",\"core_publish_up\":\"null\",\"core_publish_down\":\"null\",\"core_access\":\"access\", \"core_params\":\"params\", \"core_featured\":\"null\", \"core_metadata\":\"metadata\", \"core_language\":\"language\", \"core_images\":\"null\", \"core_urls\":\"null\", \"core_version\":\"version\", \"core_ordering\":\"null\", \"core_metakey\":\"metakey\", \"core_metadesc\":\"metadesc\", \"core_catid\":\"parent_id\", \"core_xreference\":\"null\", \"asset_id\":\"asset_id\"}, \"special\":{\"parent_id\":\"parent_id\",\"lft\":\"lft\",\"rgt\":\"rgt\",\"level\":\"level\",\"path\":\"path\",\"extension\":\"extension\",\"note\":\"note\"}}', 'NewsfeedsHelperRoute::getCategoryRoute', '{\"formFile\":\"administrator\\/components\\/com_categories\\/models\\/forms\\/category.xml\", \"hideFields\":[\"asset_id\",\"checked_out\",\"checked_out_time\",\"version\",\"lft\",\"rgt\",\"level\",\"path\",\"extension\"], \"ignoreChanges\":[\"modified_user_id\", \"modified_time\", \"checked_out\", \"checked_out_time\", \"version\", \"hits\", \"path\"],\"convertToInt\":[\"publish_up\", \"publish_down\"], \"displayLookup\":[{\"sourceColumn\":\"created_user_id\",\"targetTable\":\"#__users\",\"targetColumn\":\"id\",\"displayColumn\":\"name\"},{\"sourceColumn\":\"access\",\"targetTable\":\"#__viewlevels\",\"targetColumn\":\"id\",\"displayColumn\":\"title\"},{\"sourceColumn\":\"modified_user_id\",\"targetTable\":\"#__users\",\"targetColumn\":\"id\",\"displayColumn\":\"name\"},{\"sourceColumn\":\"parent_id\",\"targetTable\":\"#__categories\",\"targetColumn\":\"id\",\"displayColumn\":\"title\"}]}'),
(8, 'Tag', 'com_tags.tag', '{\"special\":{\"dbtable\":\"#__tags\",\"key\":\"tag_id\",\"type\":\"Tag\",\"prefix\":\"TagsTable\",\"config\":\"array()\"},\"common\":{\"dbtable\":\"#__ucm_content\",\"key\":\"ucm_id\",\"type\":\"Corecontent\",\"prefix\":\"JTable\",\"config\":\"array()\"}}', '', '{\"common\":{\"core_content_item_id\":\"id\",\"core_title\":\"title\",\"core_state\":\"published\",\"core_alias\":\"alias\",\"core_created_time\":\"created_time\",\"core_modified_time\":\"modified_time\",\"core_body\":\"description\", \"core_hits\":\"hits\",\"core_publish_up\":\"null\",\"core_publish_down\":\"null\",\"core_access\":\"access\", \"core_params\":\"params\", \"core_featured\":\"featured\", \"core_metadata\":\"metadata\", \"core_language\":\"language\", \"core_images\":\"images\", \"core_urls\":\"urls\", \"core_version\":\"version\", \"core_ordering\":\"null\", \"core_metakey\":\"metakey\", \"core_metadesc\":\"metadesc\", \"core_catid\":\"null\", \"core_xreference\":\"null\", \"asset_id\":\"null\"}, \"special\":{\"parent_id\":\"parent_id\",\"lft\":\"lft\",\"rgt\":\"rgt\",\"level\":\"level\",\"path\":\"path\"}}', 'TagsHelperRoute::getTagRoute', '{\"formFile\":\"administrator\\/components\\/com_tags\\/models\\/forms\\/tag.xml\", \"hideFields\":[\"checked_out\",\"checked_out_time\",\"version\", \"lft\", \"rgt\", \"level\", \"path\", \"urls\", \"publish_up\", \"publish_down\"],\"ignoreChanges\":[\"modified_user_id\", \"modified_time\", \"checked_out\", \"checked_out_time\", \"version\", \"hits\", \"path\"],\"convertToInt\":[\"publish_up\", \"publish_down\"], \"displayLookup\":[{\"sourceColumn\":\"created_user_id\",\"targetTable\":\"#__users\",\"targetColumn\":\"id\",\"displayColumn\":\"name\"}, {\"sourceColumn\":\"access\",\"targetTable\":\"#__viewlevels\",\"targetColumn\":\"id\",\"displayColumn\":\"title\"}, {\"sourceColumn\":\"modified_user_id\",\"targetTable\":\"#__users\",\"targetColumn\":\"id\",\"displayColumn\":\"name\"}]}'),
(9, 'Banner', 'com_banners.banner', '{\"special\":{\"dbtable\":\"#__banners\",\"key\":\"id\",\"type\":\"Banner\",\"prefix\":\"BannersTable\",\"config\":\"array()\"},\"common\":{\"dbtable\":\"#__ucm_content\",\"key\":\"ucm_id\",\"type\":\"Corecontent\",\"prefix\":\"JTable\",\"config\":\"array()\"}}', '', '{\"common\":{\"core_content_item_id\":\"id\",\"core_title\":\"name\",\"core_state\":\"published\",\"core_alias\":\"alias\",\"core_created_time\":\"created\",\"core_modified_time\":\"modified\",\"core_body\":\"description\", \"core_hits\":\"null\",\"core_publish_up\":\"publish_up\",\"core_publish_down\":\"publish_down\",\"core_access\":\"access\", \"core_params\":\"params\", \"core_featured\":\"null\", \"core_metadata\":\"metadata\", \"core_language\":\"language\", \"core_images\":\"images\", \"core_urls\":\"link\", \"core_version\":\"version\", \"core_ordering\":\"ordering\", \"core_metakey\":\"metakey\", \"core_metadesc\":\"metadesc\", \"core_catid\":\"catid\", \"core_xreference\":\"null\", \"asset_id\":\"null\"}, \"special\":{\"imptotal\":\"imptotal\", \"impmade\":\"impmade\", \"clicks\":\"clicks\", \"clickurl\":\"clickurl\", \"custombannercode\":\"custombannercode\", \"cid\":\"cid\", \"purchase_type\":\"purchase_type\", \"track_impressions\":\"track_impressions\", \"track_clicks\":\"track_clicks\"}}', '', '{\"formFile\":\"administrator\\/components\\/com_banners\\/models\\/forms\\/banner.xml\", \"hideFields\":[\"checked_out\",\"checked_out_time\",\"version\", \"reset\"],\"ignoreChanges\":[\"modified_by\", \"modified\", \"checked_out\", \"checked_out_time\", \"version\", \"imptotal\", \"impmade\", \"reset\"], \"convertToInt\":[\"publish_up\", \"publish_down\", \"ordering\"], \"displayLookup\":[{\"sourceColumn\":\"catid\",\"targetTable\":\"#__categories\",\"targetColumn\":\"id\",\"displayColumn\":\"title\"}, {\"sourceColumn\":\"cid\",\"targetTable\":\"#__banner_clients\",\"targetColumn\":\"id\",\"displayColumn\":\"name\"}, {\"sourceColumn\":\"created_by\",\"targetTable\":\"#__users\",\"targetColumn\":\"id\",\"displayColumn\":\"name\"},{\"sourceColumn\":\"modified_by\",\"targetTable\":\"#__users\",\"targetColumn\":\"id\",\"displayColumn\":\"name\"} ]}'),
(10, 'Banners Category', 'com_banners.category', '{\"special\":{\"dbtable\":\"#__categories\",\"key\":\"id\",\"type\":\"Category\",\"prefix\":\"JTable\",\"config\":\"array()\"},\"common\":{\"dbtable\":\"#__ucm_content\",\"key\":\"ucm_id\",\"type\":\"Corecontent\",\"prefix\":\"JTable\",\"config\":\"array()\"}}', '', '{\"common\":{\"core_content_item_id\":\"id\",\"core_title\":\"title\",\"core_state\":\"published\",\"core_alias\":\"alias\",\"core_created_time\":\"created_time\",\"core_modified_time\":\"modified_time\",\"core_body\":\"description\", \"core_hits\":\"hits\",\"core_publish_up\":\"null\",\"core_publish_down\":\"null\",\"core_access\":\"access\", \"core_params\":\"params\", \"core_featured\":\"null\", \"core_metadata\":\"metadata\", \"core_language\":\"language\", \"core_images\":\"null\", \"core_urls\":\"null\", \"core_version\":\"version\", \"core_ordering\":\"null\", \"core_metakey\":\"metakey\", \"core_metadesc\":\"metadesc\", \"core_catid\":\"parent_id\", \"core_xreference\":\"null\", \"asset_id\":\"asset_id\"}, \"special\": {\"parent_id\":\"parent_id\",\"lft\":\"lft\",\"rgt\":\"rgt\",\"level\":\"level\",\"path\":\"path\",\"extension\":\"extension\",\"note\":\"note\"}}', '', '{\"formFile\":\"administrator\\/components\\/com_categories\\/models\\/forms\\/category.xml\", \"hideFields\":[\"asset_id\",\"checked_out\",\"checked_out_time\",\"version\",\"lft\",\"rgt\",\"level\",\"path\",\"extension\"], \"ignoreChanges\":[\"modified_user_id\", \"modified_time\", \"checked_out\", \"checked_out_time\", \"version\", \"hits\", \"path\"], \"convertToInt\":[\"publish_up\", \"publish_down\"], \"displayLookup\":[{\"sourceColumn\":\"created_user_id\",\"targetTable\":\"#__users\",\"targetColumn\":\"id\",\"displayColumn\":\"name\"},{\"sourceColumn\":\"access\",\"targetTable\":\"#__viewlevels\",\"targetColumn\":\"id\",\"displayColumn\":\"title\"},{\"sourceColumn\":\"modified_user_id\",\"targetTable\":\"#__users\",\"targetColumn\":\"id\",\"displayColumn\":\"name\"},{\"sourceColumn\":\"parent_id\",\"targetTable\":\"#__categories\",\"targetColumn\":\"id\",\"displayColumn\":\"title\"}]}'),
(11, 'Banner Client', 'com_banners.client', '{\"special\":{\"dbtable\":\"#__banner_clients\",\"key\":\"id\",\"type\":\"Client\",\"prefix\":\"BannersTable\"}}', '', '', '', '{\"formFile\":\"administrator\\/components\\/com_banners\\/models\\/forms\\/client.xml\", \"hideFields\":[\"checked_out\",\"checked_out_time\"], \"ignoreChanges\":[\"checked_out\", \"checked_out_time\"], \"convertToInt\":[], \"displayLookup\":[]}'),
(12, 'User Notes', 'com_users.note', '{\"special\":{\"dbtable\":\"#__user_notes\",\"key\":\"id\",\"type\":\"Note\",\"prefix\":\"UsersTable\"}}', '', '', '', '{\"formFile\":\"administrator\\/components\\/com_users\\/models\\/forms\\/note.xml\", \"hideFields\":[\"checked_out\",\"checked_out_time\", \"publish_up\", \"publish_down\"],\"ignoreChanges\":[\"modified_user_id\", \"modified_time\", \"checked_out\", \"checked_out_time\"], \"convertToInt\":[\"publish_up\", \"publish_down\"],\"displayLookup\":[{\"sourceColumn\":\"catid\",\"targetTable\":\"#__categories\",\"targetColumn\":\"id\",\"displayColumn\":\"title\"}, {\"sourceColumn\":\"created_user_id\",\"targetTable\":\"#__users\",\"targetColumn\":\"id\",\"displayColumn\":\"name\"}, {\"sourceColumn\":\"user_id\",\"targetTable\":\"#__users\",\"targetColumn\":\"id\",\"displayColumn\":\"name\"}, {\"sourceColumn\":\"modified_user_id\",\"targetTable\":\"#__users\",\"targetColumn\":\"id\",\"displayColumn\":\"name\"}]}'),
(13, 'User Notes Category', 'com_users.category', '{\"special\":{\"dbtable\":\"#__categories\",\"key\":\"id\",\"type\":\"Category\",\"prefix\":\"JTable\",\"config\":\"array()\"},\"common\":{\"dbtable\":\"#__ucm_content\",\"key\":\"ucm_id\",\"type\":\"Corecontent\",\"prefix\":\"JTable\",\"config\":\"array()\"}}', '', '{\"common\":{\"core_content_item_id\":\"id\",\"core_title\":\"title\",\"core_state\":\"published\",\"core_alias\":\"alias\",\"core_created_time\":\"created_time\",\"core_modified_time\":\"modified_time\",\"core_body\":\"description\", \"core_hits\":\"hits\",\"core_publish_up\":\"null\",\"core_publish_down\":\"null\",\"core_access\":\"access\", \"core_params\":\"params\", \"core_featured\":\"null\", \"core_metadata\":\"metadata\", \"core_language\":\"language\", \"core_images\":\"null\", \"core_urls\":\"null\", \"core_version\":\"version\", \"core_ordering\":\"null\", \"core_metakey\":\"metakey\", \"core_metadesc\":\"metadesc\", \"core_catid\":\"parent_id\", \"core_xreference\":\"null\", \"asset_id\":\"asset_id\"}, \"special\":{\"parent_id\":\"parent_id\",\"lft\":\"lft\",\"rgt\":\"rgt\",\"level\":\"level\",\"path\":\"path\",\"extension\":\"extension\",\"note\":\"note\"}}', '', '{\"formFile\":\"administrator\\/components\\/com_categories\\/models\\/forms\\/category.xml\", \"hideFields\":[\"checked_out\",\"checked_out_time\",\"version\",\"lft\",\"rgt\",\"level\",\"path\",\"extension\"], \"ignoreChanges\":[\"modified_user_id\", \"modified_time\", \"checked_out\", \"checked_out_time\", \"version\", \"hits\", \"path\"], \"convertToInt\":[\"publish_up\", \"publish_down\"], \"displayLookup\":[{\"sourceColumn\":\"created_user_id\",\"targetTable\":\"#__users\",\"targetColumn\":\"id\",\"displayColumn\":\"name\"}, {\"sourceColumn\":\"access\",\"targetTable\":\"#__viewlevels\",\"targetColumn\":\"id\",\"displayColumn\":\"title\"},{\"sourceColumn\":\"modified_user_id\",\"targetTable\":\"#__users\",\"targetColumn\":\"id\",\"displayColumn\":\"name\"},{\"sourceColumn\":\"parent_id\",\"targetTable\":\"#__categories\",\"targetColumn\":\"id\",\"displayColumn\":\"title\"}]}');

-- --------------------------------------------------------

--
-- Struktura tabeli dla tabeli `zzux2_core_log_searches`
--

CREATE TABLE `zzux2_core_log_searches` (
  `search_term` varchar(128) COLLATE utf8mb4_unicode_ci NOT NULL DEFAULT '',
  `hits` int(10) UNSIGNED NOT NULL DEFAULT 0
) ENGINE=InnoDB DEFAULT CHARSET=utf8mb4 COLLATE=utf8mb4_unicode_ci;

-- --------------------------------------------------------

--
-- Struktura tabeli dla tabeli `zzux2_extensions`
--

CREATE TABLE `zzux2_extensions` (
  `extension_id` int(11) NOT NULL,
  `package_id` int(11) NOT NULL DEFAULT 0 COMMENT 'Parent package ID for extensions installed as a package.',
  `name` varchar(100) COLLATE utf8mb4_unicode_ci NOT NULL,
  `type` varchar(20) COLLATE utf8mb4_unicode_ci NOT NULL,
  `element` varchar(100) COLLATE utf8mb4_unicode_ci NOT NULL,
  `folder` varchar(100) COLLATE utf8mb4_unicode_ci NOT NULL,
  `client_id` tinyint(3) NOT NULL,
  `enabled` tinyint(3) NOT NULL DEFAULT 0,
  `access` int(10) UNSIGNED NOT NULL DEFAULT 1,
  `protected` tinyint(3) NOT NULL DEFAULT 0,
  `manifest_cache` text COLLATE utf8mb4_unicode_ci NOT NULL,
  `params` text COLLATE utf8mb4_unicode_ci NOT NULL,
  `custom_data` text COLLATE utf8mb4_unicode_ci NOT NULL,
  `system_data` text COLLATE utf8mb4_unicode_ci NOT NULL,
  `checked_out` int(10) UNSIGNED NOT NULL DEFAULT 0,
  `checked_out_time` datetime NOT NULL DEFAULT '0000-00-00 00:00:00',
  `ordering` int(11) DEFAULT 0,
  `state` int(11) DEFAULT 0
) ENGINE=InnoDB DEFAULT CHARSET=utf8mb4 COLLATE=utf8mb4_unicode_ci;

--
-- Zrzut danych tabeli `zzux2_extensions`
--

INSERT INTO `zzux2_extensions` (`extension_id`, `package_id`, `name`, `type`, `element`, `folder`, `client_id`, `enabled`, `access`, `protected`, `manifest_cache`, `params`, `custom_data`, `system_data`, `checked_out`, `checked_out_time`, `ordering`, `state`) VALUES
(1, 0, 'com_mailto', 'component', 'com_mailto', '', 0, 1, 1, 1, '{\"name\":\"com_mailto\",\"type\":\"component\",\"creationDate\":\"April 2006\",\"author\":\"Joomla! Project\",\"copyright\":\"(C) 2005 - 2020 Open Source Matters. All rights reserved.\",\"authorEmail\":\"admin@joomla.org\",\"authorUrl\":\"www.joomla.org\",\"version\":\"3.0.0\",\"description\":\"COM_MAILTO_XML_DESCRIPTION\",\"group\":\"\",\"filename\":\"mailto\"}', '', '', '', 0, '0000-00-00 00:00:00', 0, 0),
(2, 0, 'com_wrapper', 'component', 'com_wrapper', '', 0, 1, 1, 1, '{\"name\":\"com_wrapper\",\"type\":\"component\",\"creationDate\":\"April 2006\",\"author\":\"Joomla! Project\",\"copyright\":\"(C) 2005 - 2020 Open Source Matters. All rights reserved.\\n\\t\",\"authorEmail\":\"admin@joomla.org\",\"authorUrl\":\"www.joomla.org\",\"version\":\"3.0.0\",\"description\":\"COM_WRAPPER_XML_DESCRIPTION\",\"group\":\"\",\"filename\":\"wrapper\"}', '', '', '', 0, '0000-00-00 00:00:00', 0, 0),
(3, 0, 'com_admin', 'component', 'com_admin', '', 1, 1, 1, 1, '{\"name\":\"com_admin\",\"type\":\"component\",\"creationDate\":\"April 2006\",\"author\":\"Joomla! Project\",\"copyright\":\"(C) 2005 - 2020 Open Source Matters. All rights reserved.\",\"authorEmail\":\"admin@joomla.org\",\"authorUrl\":\"www.joomla.org\",\"version\":\"3.0.0\",\"description\":\"COM_ADMIN_XML_DESCRIPTION\",\"group\":\"\"}', '', '', '', 0, '0000-00-00 00:00:00', 0, 0),
(4, 0, 'com_banners', 'component', 'com_banners', '', 1, 1, 1, 0, '{\"name\":\"com_banners\",\"type\":\"component\",\"creationDate\":\"April 2006\",\"author\":\"Joomla! Project\",\"copyright\":\"(C) 2005 - 2020 Open Source Matters. All rights reserved.\",\"authorEmail\":\"admin@joomla.org\",\"authorUrl\":\"www.joomla.org\",\"version\":\"3.0.0\",\"description\":\"COM_BANNERS_XML_DESCRIPTION\",\"group\":\"\",\"filename\":\"banners\"}', '{\"purchase_type\":\"3\",\"track_impressions\":\"0\",\"track_clicks\":\"0\",\"metakey_prefix\":\"\",\"save_history\":\"1\",\"history_limit\":10}', '', '', 0, '0000-00-00 00:00:00', 0, 0),
(5, 0, 'com_cache', 'component', 'com_cache', '', 1, 1, 1, 1, '{\"name\":\"com_cache\",\"type\":\"component\",\"creationDate\":\"April 2006\",\"author\":\"Joomla! Project\",\"copyright\":\"(C) 2005 - 2020 Open Source Matters. All rights reserved.\",\"authorEmail\":\"admin@joomla.org\",\"authorUrl\":\"www.joomla.org\",\"version\":\"3.0.0\",\"description\":\"COM_CACHE_XML_DESCRIPTION\",\"group\":\"\"}', '', '', '', 0, '0000-00-00 00:00:00', 0, 0),
(6, 0, 'com_categories', 'component', 'com_categories', '', 1, 1, 1, 1, '{\"name\":\"com_categories\",\"type\":\"component\",\"creationDate\":\"December 2007\",\"author\":\"Joomla! Project\",\"copyright\":\"(C) 2005 - 2020 Open Source Matters. All rights reserved.\",\"authorEmail\":\"admin@joomla.org\",\"authorUrl\":\"www.joomla.org\",\"version\":\"3.0.0\",\"description\":\"COM_CATEGORIES_XML_DESCRIPTION\",\"group\":\"\"}', '', '', '', 0, '0000-00-00 00:00:00', 0, 0),
(7, 0, 'com_checkin', 'component', 'com_checkin', '', 1, 1, 1, 1, '{\"name\":\"com_checkin\",\"type\":\"component\",\"creationDate\":\"April 2006\",\"author\":\"Joomla! Project\",\"copyright\":\"(C) 2005 - 2020 Open Source Matters. All rights reserved.\",\"authorEmail\":\"admin@joomla.org\",\"authorUrl\":\"www.joomla.org\",\"version\":\"3.0.0\",\"description\":\"COM_CHECKIN_XML_DESCRIPTION\",\"group\":\"\"}', '', '', '', 0, '0000-00-00 00:00:00', 0, 0),
(8, 0, 'com_contact', 'component', 'com_contact', '', 1, 1, 1, 0, '{\"name\":\"com_contact\",\"type\":\"component\",\"creationDate\":\"April 2006\",\"author\":\"Joomla! Project\",\"copyright\":\"(C) 2005 - 2020 Open Source Matters. All rights reserved.\",\"authorEmail\":\"admin@joomla.org\",\"authorUrl\":\"www.joomla.org\",\"version\":\"3.0.0\",\"description\":\"COM_CONTACT_XML_DESCRIPTION\",\"group\":\"\",\"filename\":\"contact\"}', '{\"contact_layout\":\"_:default\",\"show_contact_category\":\"hide\",\"save_history\":\"1\",\"history_limit\":10,\"show_contact_list\":\"0\",\"presentation_style\":\"sliders\",\"show_tags\":\"1\",\"show_info\":\"1\",\"show_name\":\"1\",\"show_position\":\"1\",\"show_email\":\"0\",\"show_street_address\":\"1\",\"show_suburb\":\"1\",\"show_state\":\"1\",\"show_postcode\":\"1\",\"show_country\":\"1\",\"show_telephone\":\"1\",\"show_mobile\":\"1\",\"show_fax\":\"1\",\"show_webpage\":\"1\",\"show_image\":\"1\",\"show_misc\":\"1\",\"image\":\"\",\"allow_vcard\":\"0\",\"show_articles\":\"0\",\"articles_display_num\":\"10\",\"show_profile\":\"0\",\"show_user_custom_fields\":[\"-1\"],\"show_links\":\"0\",\"linka_name\":\"\",\"linkb_name\":\"\",\"linkc_name\":\"\",\"linkd_name\":\"\",\"linke_name\":\"\",\"contact_icons\":\"0\",\"icon_address\":\"\",\"icon_email\":\"\",\"icon_telephone\":\"\",\"icon_mobile\":\"\",\"icon_fax\":\"\",\"icon_misc\":\"\",\"category_layout\":\"_:default\",\"show_category_title\":\"1\",\"show_description\":\"1\",\"show_description_image\":\"0\",\"maxLevel\":\"-1\",\"show_subcat_desc\":\"1\",\"show_empty_categories\":\"0\",\"show_cat_items\":\"1\",\"show_cat_tags\":\"1\",\"show_base_description\":\"1\",\"maxLevelcat\":\"-1\",\"show_subcat_desc_cat\":\"1\",\"show_empty_categories_cat\":\"0\",\"show_cat_items_cat\":\"1\",\"filter_field\":\"0\",\"show_pagination_limit\":\"0\",\"show_headings\":\"1\",\"show_image_heading\":\"0\",\"show_position_headings\":\"1\",\"show_email_headings\":\"0\",\"show_telephone_headings\":\"1\",\"show_mobile_headings\":\"0\",\"show_fax_headings\":\"0\",\"show_suburb_headings\":\"1\",\"show_state_headings\":\"1\",\"show_country_headings\":\"1\",\"show_pagination\":\"2\",\"show_pagination_results\":\"1\",\"initial_sort\":\"ordering\",\"captcha\":\"\",\"show_email_form\":\"1\",\"show_email_copy\":\"0\",\"banned_email\":\"\",\"banned_subject\":\"\",\"banned_text\":\"\",\"validate_session\":\"1\",\"custom_reply\":\"0\",\"redirect\":\"\",\"show_feed_link\":\"1\",\"sef_advanced\":0,\"sef_ids\":0,\"custom_fields_enable\":\"1\"}', '', '', 0, '0000-00-00 00:00:00', 0, 0),
(9, 0, 'com_cpanel', 'component', 'com_cpanel', '', 1, 1, 1, 1, '{\"name\":\"com_cpanel\",\"type\":\"component\",\"creationDate\":\"April 2006\",\"author\":\"Joomla! Project\",\"copyright\":\"(C) 2005 - 2020 Open Source Matters. All rights reserved.\",\"authorEmail\":\"admin@joomla.org\",\"authorUrl\":\"www.joomla.org\",\"version\":\"3.0.0\",\"description\":\"COM_CPANEL_XML_DESCRIPTION\",\"group\":\"\"}', '', '', '', 0, '0000-00-00 00:00:00', 0, 0),
(10, 0, 'com_installer', 'component', 'com_installer', '', 1, 1, 1, 1, '{\"name\":\"com_installer\",\"type\":\"component\",\"creationDate\":\"April 2006\",\"author\":\"Joomla! Project\",\"copyright\":\"(C) 2005 - 2020 Open Source Matters. All rights reserved.\",\"authorEmail\":\"admin@joomla.org\",\"authorUrl\":\"www.joomla.org\",\"version\":\"3.0.0\",\"description\":\"COM_INSTALLER_XML_DESCRIPTION\",\"group\":\"\"}', '{\"show_jed_info\":\"1\",\"cachetimeout\":\"6\",\"minimum_stability\":\"4\"}', '', '', 0, '0000-00-00 00:00:00', 0, 0),
(11, 0, 'com_languages', 'component', 'com_languages', '', 1, 1, 1, 1, '{\"name\":\"com_languages\",\"type\":\"component\",\"creationDate\":\"April 2006\",\"author\":\"Joomla! Project\",\"copyright\":\"(C) 2005 - 2020 Open Source Matters. All rights reserved.\",\"authorEmail\":\"admin@joomla.org\",\"authorUrl\":\"www.joomla.org\",\"version\":\"3.0.0\",\"description\":\"COM_LANGUAGES_XML_DESCRIPTION\",\"group\":\"\"}', '{\"administrator\":\"en-GB\",\"site\":\"pl-PL\"}', '', '', 0, '0000-00-00 00:00:00', 0, 0),
(12, 0, 'com_login', 'component', 'com_login', '', 1, 1, 1, 1, '{\"name\":\"com_login\",\"type\":\"component\",\"creationDate\":\"April 2006\",\"author\":\"Joomla! Project\",\"copyright\":\"(C) 2005 - 2020 Open Source Matters. All rights reserved.\",\"authorEmail\":\"admin@joomla.org\",\"authorUrl\":\"www.joomla.org\",\"version\":\"3.0.0\",\"description\":\"COM_LOGIN_XML_DESCRIPTION\",\"group\":\"\"}', '', '', '', 0, '0000-00-00 00:00:00', 0, 0),
(13, 0, 'com_media', 'component', 'com_media', '', 1, 1, 0, 1, '{\"name\":\"com_media\",\"type\":\"component\",\"creationDate\":\"April 2006\",\"author\":\"Joomla! Project\",\"copyright\":\"(C) 2005 - 2020 Open Source Matters. All rights reserved.\",\"authorEmail\":\"admin@joomla.org\",\"authorUrl\":\"www.joomla.org\",\"version\":\"3.0.0\",\"description\":\"COM_MEDIA_XML_DESCRIPTION\",\"group\":\"\",\"filename\":\"media\"}', '{\"upload_extensions\":\"bmp,csv,doc,gif,ico,jpg,jpeg,odg,odp,ods,odt,pdf,png,ppt,txt,xcf,xls,BMP,CSV,DOC,GIF,ICO,JPG,JPEG,ODG,ODP,ODS,ODT,PDF,PNG,PPT,TXT,XCF,XLS\",\"upload_maxsize\":\"10\",\"file_path\":\"images\",\"image_path\":\"images\",\"restrict_uploads\":\"1\",\"allowed_media_usergroup\":\"3\",\"check_mime\":\"1\",\"image_extensions\":\"bmp,gif,jpg,png\",\"ignore_extensions\":\"\",\"upload_mime\":\"image\\/jpeg,image\\/gif,image\\/png,image\\/bmp,application\\/msword,application\\/excel,application\\/pdf,application\\/powerpoint,text\\/plain,application\\/x-zip\",\"upload_mime_illegal\":\"text\\/html\"}', '', '', 0, '0000-00-00 00:00:00', 0, 0),
(14, 0, 'com_menus', 'component', 'com_menus', '', 1, 1, 1, 1, '{\"name\":\"com_menus\",\"type\":\"component\",\"creationDate\":\"April 2006\",\"author\":\"Joomla! Project\",\"copyright\":\"(C) 2005 - 2020 Open Source Matters. All rights reserved.\",\"authorEmail\":\"admin@joomla.org\",\"authorUrl\":\"www.joomla.org\",\"version\":\"3.0.0\",\"description\":\"COM_MENUS_XML_DESCRIPTION\",\"group\":\"\"}', '{\"page_title\":\"\",\"show_page_heading\":0,\"page_heading\":\"\",\"pageclass_sfx\":\"\"}', '', '', 0, '0000-00-00 00:00:00', 0, 0),
(15, 0, 'com_messages', 'component', 'com_messages', '', 1, 1, 1, 1, '{\"name\":\"com_messages\",\"type\":\"component\",\"creationDate\":\"April 2006\",\"author\":\"Joomla! Project\",\"copyright\":\"(C) 2005 - 2020 Open Source Matters. All rights reserved.\",\"authorEmail\":\"admin@joomla.org\",\"authorUrl\":\"www.joomla.org\",\"version\":\"3.0.0\",\"description\":\"COM_MESSAGES_XML_DESCRIPTION\",\"group\":\"\"}', '', '', '', 0, '0000-00-00 00:00:00', 0, 0),
(16, 0, 'com_modules', 'component', 'com_modules', '', 1, 1, 1, 1, '{\"name\":\"com_modules\",\"type\":\"component\",\"creationDate\":\"April 2006\",\"author\":\"Joomla! Project\",\"copyright\":\"(C) 2005 - 2020 Open Source Matters. All rights reserved.\",\"authorEmail\":\"admin@joomla.org\",\"authorUrl\":\"www.joomla.org\",\"version\":\"3.0.0\",\"description\":\"COM_MODULES_XML_DESCRIPTION\",\"group\":\"\"}', '', '', '', 0, '0000-00-00 00:00:00', 0, 0),
(17, 0, 'com_newsfeeds', 'component', 'com_newsfeeds', '', 1, 1, 1, 0, '{\"name\":\"com_newsfeeds\",\"type\":\"component\",\"creationDate\":\"April 2006\",\"author\":\"Joomla! Project\",\"copyright\":\"(C) 2005 - 2020 Open Source Matters. All rights reserved.\",\"authorEmail\":\"admin@joomla.org\",\"authorUrl\":\"www.joomla.org\",\"version\":\"3.0.0\",\"description\":\"COM_NEWSFEEDS_XML_DESCRIPTION\",\"group\":\"\",\"filename\":\"newsfeeds\"}', '{\"newsfeed_layout\":\"_:default\",\"save_history\":\"1\",\"history_limit\":5,\"show_feed_image\":\"1\",\"show_feed_description\":\"1\",\"show_item_description\":\"1\",\"feed_character_count\":\"0\",\"feed_display_order\":\"des\",\"float_first\":\"right\",\"float_second\":\"right\",\"show_tags\":\"1\",\"category_layout\":\"_:default\",\"show_category_title\":\"1\",\"show_description\":\"1\",\"show_description_image\":\"1\",\"maxLevel\":\"-1\",\"show_empty_categories\":\"0\",\"show_subcat_desc\":\"1\",\"show_cat_items\":\"1\",\"show_cat_tags\":\"1\",\"show_base_description\":\"1\",\"maxLevelcat\":\"-1\",\"show_empty_categories_cat\":\"0\",\"show_subcat_desc_cat\":\"1\",\"show_cat_items_cat\":\"1\",\"filter_field\":\"1\",\"show_pagination_limit\":\"1\",\"show_headings\":\"1\",\"show_articles\":\"0\",\"show_link\":\"1\",\"show_pagination\":\"1\",\"show_pagination_results\":\"1\"}', '', '', 0, '0000-00-00 00:00:00', 0, 0),
(18, 0, 'com_plugins', 'component', 'com_plugins', '', 1, 1, 1, 1, '{\"name\":\"com_plugins\",\"type\":\"component\",\"creationDate\":\"April 2006\",\"author\":\"Joomla! Project\",\"copyright\":\"(C) 2005 - 2020 Open Source Matters. All rights reserved.\",\"authorEmail\":\"admin@joomla.org\",\"authorUrl\":\"www.joomla.org\",\"version\":\"3.0.0\",\"description\":\"COM_PLUGINS_XML_DESCRIPTION\",\"group\":\"\"}', '', '', '', 0, '0000-00-00 00:00:00', 0, 0),
(19, 0, 'com_search', 'component', 'com_search', '', 1, 1, 1, 0, '{\"name\":\"com_search\",\"type\":\"component\",\"creationDate\":\"April 2006\",\"author\":\"Joomla! Project\",\"copyright\":\"(C) 2005 - 2020 Open Source Matters. All rights reserved.\",\"authorEmail\":\"admin@joomla.org\",\"authorUrl\":\"www.joomla.org\",\"version\":\"3.0.0\",\"description\":\"COM_SEARCH_XML_DESCRIPTION\",\"group\":\"\",\"filename\":\"search\"}', '{\"enabled\":\"0\",\"search_phrases\":\"1\",\"search_areas\":\"1\",\"show_date\":\"1\",\"opensearch_name\":\"\",\"opensearch_description\":\"\"}', '', '', 0, '0000-00-00 00:00:00', 0, 0),
(20, 0, 'com_templates', 'component', 'com_templates', '', 1, 1, 1, 1, '{\"name\":\"com_templates\",\"type\":\"component\",\"creationDate\":\"April 2006\",\"author\":\"Joomla! Project\",\"copyright\":\"(C) 2005 - 2020 Open Source Matters. All rights reserved.\",\"authorEmail\":\"admin@joomla.org\",\"authorUrl\":\"www.joomla.org\",\"version\":\"3.0.0\",\"description\":\"COM_TEMPLATES_XML_DESCRIPTION\",\"group\":\"\"}', '{\"template_positions_display\":\"0\",\"upload_limit\":\"10\",\"image_formats\":\"gif,bmp,jpg,jpeg,png\",\"source_formats\":\"txt,less,ini,xml,js,php,css,scss,sass\",\"font_formats\":\"woff,ttf,otf\",\"compressed_formats\":\"zip\"}', '', '', 0, '0000-00-00 00:00:00', 0, 0),
(22, 0, 'com_content', 'component', 'com_content', '', 1, 1, 0, 1, '{\"name\":\"com_content\",\"type\":\"component\",\"creationDate\":\"April 2006\",\"author\":\"Joomla! Project\",\"copyright\":\"(C) 2005 - 2020 Open Source Matters. All rights reserved.\",\"authorEmail\":\"admin@joomla.org\",\"authorUrl\":\"www.joomla.org\",\"version\":\"3.0.0\",\"description\":\"COM_CONTENT_XML_DESCRIPTION\",\"group\":\"\",\"filename\":\"content\"}', '{\"article_layout\":\"_:default\",\"show_title\":\"1\",\"link_titles\":\"1\",\"show_intro\":\"1\",\"show_category\":\"1\",\"link_category\":\"1\",\"show_parent_category\":\"0\",\"link_parent_category\":\"0\",\"show_author\":\"1\",\"link_author\":\"0\",\"show_create_date\":\"0\",\"show_modify_date\":\"0\",\"show_publish_date\":\"1\",\"show_item_navigation\":\"1\",\"show_vote\":\"0\",\"show_readmore\":\"1\",\"show_readmore_title\":\"1\",\"readmore_limit\":\"100\",\"show_icons\":\"1\",\"show_print_icon\":\"1\",\"show_email_icon\":\"0\",\"show_hits\":\"1\",\"show_noauth\":\"0\",\"show_publishing_options\":\"1\",\"show_article_options\":\"1\",\"save_history\":\"1\",\"history_limit\":10,\"show_urls_images_frontend\":\"0\",\"show_urls_images_backend\":\"1\",\"targeta\":0,\"targetb\":0,\"targetc\":0,\"float_intro\":\"left\",\"float_fulltext\":\"left\",\"category_layout\":\"_:blog\",\"show_category_title\":\"0\",\"show_description\":\"0\",\"show_description_image\":\"0\",\"maxLevel\":\"1\",\"show_empty_categories\":\"0\",\"show_no_articles\":\"1\",\"show_subcat_desc\":\"1\",\"show_cat_num_articles\":\"0\",\"show_base_description\":\"1\",\"maxLevelcat\":\"-1\",\"show_empty_categories_cat\":\"0\",\"show_subcat_desc_cat\":\"1\",\"show_cat_num_articles_cat\":\"1\",\"num_leading_articles\":\"1\",\"num_intro_articles\":\"4\",\"num_columns\":\"2\",\"num_links\":\"4\",\"multi_column_order\":\"0\",\"show_subcategory_content\":\"0\",\"show_pagination_limit\":\"1\",\"filter_field\":\"hide\",\"show_headings\":\"1\",\"list_show_date\":\"0\",\"date_format\":\"\",\"list_show_hits\":\"1\",\"list_show_author\":\"1\",\"orderby_pri\":\"order\",\"orderby_sec\":\"rdate\",\"order_date\":\"published\",\"show_pagination\":\"2\",\"show_pagination_results\":\"1\",\"show_feed_link\":\"1\",\"feed_summary\":\"0\"}', '', '', 0, '0000-00-00 00:00:00', 0, 0),
(23, 0, 'com_config', 'component', 'com_config', '', 1, 1, 0, 1, '{\"name\":\"com_config\",\"type\":\"component\",\"creationDate\":\"April 2006\",\"author\":\"Joomla! Project\",\"copyright\":\"(C) 2005 - 2020 Open Source Matters. All rights reserved.\",\"authorEmail\":\"admin@joomla.org\",\"authorUrl\":\"www.joomla.org\",\"version\":\"3.0.0\",\"description\":\"COM_CONFIG_XML_DESCRIPTION\",\"group\":\"\"}', '{\"filters\":{\"1\":{\"filter_type\":\"NH\",\"filter_tags\":\"\",\"filter_attributes\":\"\"},\"9\":{\"filter_type\":\"NH\",\"filter_tags\":\"\",\"filter_attributes\":\"\"},\"6\":{\"filter_type\":\"BL\",\"filter_tags\":\"\",\"filter_attributes\":\"\"},\"7\":{\"filter_type\":\"BL\",\"filter_tags\":\"\",\"filter_attributes\":\"\"},\"2\":{\"filter_type\":\"NH\",\"filter_tags\":\"\",\"filter_attributes\":\"\"},\"3\":{\"filter_type\":\"BL\",\"filter_tags\":\"\",\"filter_attributes\":\"\"},\"4\":{\"filter_type\":\"BL\",\"filter_tags\":\"\",\"filter_attributes\":\"\"},\"5\":{\"filter_type\":\"BL\",\"filter_tags\":\"\",\"filter_attributes\":\"\"},\"8\":{\"filter_type\":\"NONE\",\"filter_tags\":\"\",\"filter_attributes\":\"\"}}}', '', '', 0, '0000-00-00 00:00:00', 0, 0),
(24, 0, 'com_redirect', 'component', 'com_redirect', '', 1, 1, 0, 1, '{\"name\":\"com_redirect\",\"type\":\"component\",\"creationDate\":\"April 2006\",\"author\":\"Joomla! Project\",\"copyright\":\"(C) 2005 - 2020 Open Source Matters. All rights reserved.\",\"authorEmail\":\"admin@joomla.org\",\"authorUrl\":\"www.joomla.org\",\"version\":\"3.0.0\",\"description\":\"COM_REDIRECT_XML_DESCRIPTION\",\"group\":\"\"}', '', '', '', 0, '0000-00-00 00:00:00', 0, 0),
(25, 0, 'com_users', 'component', 'com_users', '', 1, 1, 0, 1, '{\"name\":\"com_users\",\"type\":\"component\",\"creationDate\":\"April 2006\",\"author\":\"Joomla! Project\",\"copyright\":\"(C) 2005 - 2020 Open Source Matters. All rights reserved.\",\"authorEmail\":\"admin@joomla.org\",\"authorUrl\":\"www.joomla.org\",\"version\":\"3.0.0\",\"description\":\"COM_USERS_XML_DESCRIPTION\",\"group\":\"\",\"filename\":\"users\"}', '{\"allowUserRegistration\":\"0\",\"new_usertype\":\"2\",\"guest_usergroup\":\"9\",\"sendpassword\":\"0\",\"useractivation\":\"2\",\"mail_to_admin\":\"1\",\"captcha\":\"\",\"frontend_userparams\":\"1\",\"site_language\":\"0\",\"change_login_name\":\"0\",\"reset_count\":\"10\",\"reset_time\":\"1\",\"minimum_length\":\"4\",\"minimum_integers\":\"0\",\"minimum_symbols\":\"0\",\"minimum_uppercase\":\"0\",\"save_history\":\"1\",\"history_limit\":5,\"mailSubjectPrefix\":\"\",\"mailBodySuffix\":\"\"}', '', '', 0, '0000-00-00 00:00:00', 0, 0),
(27, 0, 'com_finder', 'component', 'com_finder', '', 1, 1, 0, 0, '{\"name\":\"com_finder\",\"type\":\"component\",\"creationDate\":\"August 2011\",\"author\":\"Joomla! Project\",\"copyright\":\"(C) 2005 - 2020 Open Source Matters. All rights reserved.\",\"authorEmail\":\"admin@joomla.org\",\"authorUrl\":\"www.joomla.org\",\"version\":\"3.0.0\",\"description\":\"COM_FINDER_XML_DESCRIPTION\",\"group\":\"\",\"filename\":\"finder\"}', '{\"enabled\":\"0\",\"show_description\":\"1\",\"description_length\":255,\"allow_empty_query\":\"0\",\"show_url\":\"1\",\"show_autosuggest\":\"1\",\"show_suggested_query\":\"1\",\"show_explained_query\":\"1\",\"show_advanced\":\"1\",\"show_advanced_tips\":\"1\",\"expand_advanced\":\"0\",\"show_date_filters\":\"0\",\"sort_order\":\"relevance\",\"sort_direction\":\"desc\",\"highlight_terms\":\"1\",\"opensearch_name\":\"\",\"opensearch_description\":\"\",\"batch_size\":\"50\",\"memory_table_limit\":30000,\"title_multiplier\":\"1.7\",\"text_multiplier\":\"0.7\",\"meta_multiplier\":\"1.2\",\"path_multiplier\":\"2.0\",\"misc_multiplier\":\"0.3\",\"stem\":\"1\",\"stemmer\":\"snowball\",\"enable_logging\":\"0\"}', '', '', 0, '0000-00-00 00:00:00', 0, 0),
(28, 0, 'com_joomlaupdate', 'component', 'com_joomlaupdate', '', 1, 1, 0, 1, '{\"name\":\"com_joomlaupdate\",\"type\":\"component\",\"creationDate\":\"February 2012\",\"author\":\"Joomla! Project\",\"copyright\":\"(C) 2005 - 2020 Open Source Matters. All rights reserved.\",\"authorEmail\":\"admin@joomla.org\",\"authorUrl\":\"www.joomla.org\",\"version\":\"3.6.2\",\"description\":\"COM_JOOMLAUPDATE_XML_DESCRIPTION\",\"group\":\"\"}', '{\"updatesource\":\"default\",\"customurl\":\"\"}', '', '', 0, '0000-00-00 00:00:00', 0, 0),
(29, 0, 'com_tags', 'component', 'com_tags', '', 1, 1, 1, 1, '{\"name\":\"com_tags\",\"type\":\"component\",\"creationDate\":\"December 2013\",\"author\":\"Joomla! Project\",\"copyright\":\"(C) 2005 - 2020 Open Source Matters. All rights reserved.\",\"authorEmail\":\"admin@joomla.org\",\"authorUrl\":\"www.joomla.org\",\"version\":\"3.1.0\",\"description\":\"COM_TAGS_XML_DESCRIPTION\",\"group\":\"\",\"filename\":\"tags\"}', '{\"tag_layout\":\"_:default\",\"save_history\":\"1\",\"history_limit\":5,\"show_tag_title\":\"0\",\"tag_list_show_tag_image\":\"0\",\"tag_list_show_tag_description\":\"0\",\"tag_list_image\":\"\",\"tag_list_orderby\":\"title\",\"tag_list_orderby_direction\":\"ASC\",\"show_headings\":\"0\",\"tag_list_show_date\":\"0\",\"tag_list_show_item_image\":\"0\",\"tag_list_show_item_description\":\"0\",\"tag_list_item_maximum_characters\":0,\"return_any_or_all\":\"1\",\"include_children\":\"0\",\"maximum\":200,\"tag_list_language_filter\":\"all\",\"tags_layout\":\"_:default\",\"all_tags_orderby\":\"title\",\"all_tags_orderby_direction\":\"ASC\",\"all_tags_show_tag_image\":\"0\",\"all_tags_show_tag_description\":\"0\",\"all_tags_tag_maximum_characters\":20,\"all_tags_show_tag_hits\":\"0\",\"filter_field\":\"1\",\"show_pagination_limit\":\"1\",\"show_pagination\":\"2\",\"show_pagination_results\":\"1\",\"tag_field_ajax_mode\":\"1\",\"show_feed_link\":\"1\"}', '', '', 0, '0000-00-00 00:00:00', 0, 0),
(30, 0, 'com_contenthistory', 'component', 'com_contenthistory', '', 1, 1, 1, 0, '{\"name\":\"com_contenthistory\",\"type\":\"component\",\"creationDate\":\"May 2013\",\"author\":\"Joomla! Project\",\"copyright\":\"(C) 2005 - 2020 Open Source Matters. All rights reserved.\",\"authorEmail\":\"admin@joomla.org\",\"authorUrl\":\"www.joomla.org\",\"version\":\"3.2.0\",\"description\":\"COM_CONTENTHISTORY_XML_DESCRIPTION\",\"group\":\"\",\"filename\":\"contenthistory\"}', '', '', '', 0, '0000-00-00 00:00:00', 0, 0),
(31, 0, 'com_ajax', 'component', 'com_ajax', '', 1, 1, 1, 1, '{\"name\":\"com_ajax\",\"type\":\"component\",\"creationDate\":\"August 2013\",\"author\":\"Joomla! Project\",\"copyright\":\"(C) 2005 - 2020 Open Source Matters. All rights reserved.\",\"authorEmail\":\"admin@joomla.org\",\"authorUrl\":\"www.joomla.org\",\"version\":\"3.2.0\",\"description\":\"COM_AJAX_XML_DESCRIPTION\",\"group\":\"\",\"filename\":\"ajax\"}', '', '', '', 0, '0000-00-00 00:00:00', 0, 0),
(32, 0, 'com_postinstall', 'component', 'com_postinstall', '', 1, 1, 1, 1, '{\"name\":\"com_postinstall\",\"type\":\"component\",\"creationDate\":\"September 2013\",\"author\":\"Joomla! Project\",\"copyright\":\"(C) 2005 - 2020 Open Source Matters. All rights reserved.\",\"authorEmail\":\"admin@joomla.org\",\"authorUrl\":\"www.joomla.org\",\"version\":\"3.2.0\",\"description\":\"COM_POSTINSTALL_XML_DESCRIPTION\",\"group\":\"\"}', '', '', '', 0, '0000-00-00 00:00:00', 0, 0),
(33, 0, 'com_fields', 'component', 'com_fields', '', 1, 1, 1, 0, '{\"name\":\"com_fields\",\"type\":\"component\",\"creationDate\":\"March 2016\",\"author\":\"Joomla! Project\",\"copyright\":\"(C) 2005 - 2020 Open Source Matters. All rights reserved.\",\"authorEmail\":\"admin@joomla.org\",\"authorUrl\":\"www.joomla.org\",\"version\":\"3.7.0\",\"description\":\"COM_FIELDS_XML_DESCRIPTION\",\"group\":\"\",\"filename\":\"fields\"}', '', '', '', 0, '0000-00-00 00:00:00', 0, 0),
(34, 0, 'com_associations', 'component', 'com_associations', '', 1, 1, 1, 0, '{\"name\":\"com_associations\",\"type\":\"component\",\"creationDate\":\"January 2017\",\"author\":\"Joomla! Project\",\"copyright\":\"(C) 2005 - 2020 Open Source Matters. All rights reserved.\",\"authorEmail\":\"admin@joomla.org\",\"authorUrl\":\"www.joomla.org\",\"version\":\"3.7.0\",\"description\":\"COM_ASSOCIATIONS_XML_DESCRIPTION\",\"group\":\"\"}', '', '', '', 0, '0000-00-00 00:00:00', 0, 0),
(35, 0, 'com_privacy', 'component', 'com_privacy', '', 1, 1, 1, 1, '{\"name\":\"com_privacy\",\"type\":\"component\",\"creationDate\":\"May 2018\",\"author\":\"Joomla! Project\",\"copyright\":\"(C) 2005 - 2020 Open Source Matters. All rights reserved.\",\"authorEmail\":\"admin@joomla.org\",\"authorUrl\":\"www.joomla.org\",\"version\":\"3.9.0\",\"description\":\"COM_PRIVACY_XML_DESCRIPTION\",\"group\":\"\",\"filename\":\"privacy\"}', '', '', '', 0, '0000-00-00 00:00:00', 0, 0),
(36, 0, 'com_actionlogs', 'component', 'com_actionlogs', '', 1, 1, 1, 1, '{\"name\":\"com_actionlogs\",\"type\":\"component\",\"creationDate\":\"May 2018\",\"author\":\"Joomla! Project\",\"copyright\":\"Copyright (C) 2005 - 2020 Open Source Matters. All rights reserved.\",\"authorEmail\":\"admin@joomla.org\",\"authorUrl\":\"www.joomla.org\",\"version\":\"3.9.0\",\"description\":\"COM_ACTIONLOGS_XML_DESCRIPTION\",\"group\":\"\"}', '{\"ip_logging\":0,\"csv_delimiter\":\",\",\"loggable_extensions\":[\"com_banners\",\"com_cache\",\"com_categories\",\"com_checkin\",\"com_config\",\"com_contact\",\"com_content\",\"com_installer\",\"com_media\",\"com_menus\",\"com_messages\",\"com_modules\",\"com_newsfeeds\",\"com_plugins\",\"com_redirect\",\"com_tags\",\"com_templates\",\"com_users\"]}', '', '', 0, '0000-00-00 00:00:00', 0, 0),
(102, 0, 'LIB_PHPUTF8', 'library', 'phputf8', '', 0, 1, 1, 1, '{\"name\":\"LIB_PHPUTF8\",\"type\":\"library\",\"creationDate\":\"2006\",\"author\":\"Harry Fuecks\",\"copyright\":\"Copyright various authors\",\"authorEmail\":\"hfuecks@gmail.com\",\"authorUrl\":\"http:\\/\\/sourceforge.net\\/projects\\/phputf8\",\"version\":\"0.5\",\"description\":\"LIB_PHPUTF8_XML_DESCRIPTION\",\"group\":\"\",\"filename\":\"phputf8\"}', '', '', '', 0, '0000-00-00 00:00:00', 0, 0),
(103, 0, 'LIB_JOOMLA', 'library', 'joomla', '', 0, 1, 1, 1, '{\"name\":\"LIB_JOOMLA\",\"type\":\"library\",\"creationDate\":\"2008\",\"author\":\"Joomla! Project\",\"copyright\":\"Copyright (C) 2005 - 2020 Open Source Matters. All rights reserved.\",\"authorEmail\":\"admin@joomla.org\",\"authorUrl\":\"https:\\/\\/www.joomla.org\",\"version\":\"13.1\",\"description\":\"LIB_JOOMLA_XML_DESCRIPTION\",\"group\":\"\",\"filename\":\"joomla\"}', '{\"mediaversion\":\"dca4952ad925f9ecef6a167851dfdde3\"}', '', '', 0, '0000-00-00 00:00:00', 0, 0),
(104, 0, 'LIB_IDNA', 'library', 'idna_convert', '', 0, 1, 1, 1, '{\"name\":\"LIB_IDNA\",\"type\":\"library\",\"creationDate\":\"2004\",\"author\":\"phlyLabs\",\"copyright\":\"2004-2011 phlyLabs Berlin, http:\\/\\/phlylabs.de\",\"authorEmail\":\"phlymail@phlylabs.de\",\"authorUrl\":\"http:\\/\\/phlylabs.de\",\"version\":\"0.8.0\",\"description\":\"LIB_IDNA_XML_DESCRIPTION\",\"group\":\"\",\"filename\":\"idna_convert\"}', '', '', '', 0, '0000-00-00 00:00:00', 0, 0),
(105, 0, 'FOF', 'library', 'fof', '', 0, 1, 1, 1, '{\"name\":\"FOF\",\"type\":\"library\",\"creationDate\":\"2015-04-22 13:15:32\",\"author\":\"Nicholas K. Dionysopoulos \\/ Akeeba Ltd\",\"copyright\":\"(C)2011-2015 Nicholas K. Dionysopoulos\",\"authorEmail\":\"nicholas@akeebabackup.com\",\"authorUrl\":\"https:\\/\\/www.akeebabackup.com\",\"version\":\"2.4.3\",\"description\":\"LIB_FOF_XML_DESCRIPTION\",\"group\":\"\",\"filename\":\"fof\"}', '', '', '', 0, '0000-00-00 00:00:00', 0, 0),
(106, 0, 'LIB_PHPASS', 'library', 'phpass', '', 0, 1, 1, 1, '{\"name\":\"LIB_PHPASS\",\"type\":\"library\",\"creationDate\":\"2004-2006\",\"author\":\"Solar Designer\",\"copyright\":\"\",\"authorEmail\":\"solar@openwall.com\",\"authorUrl\":\"http:\\/\\/www.openwall.com\\/phpass\\/\",\"version\":\"0.3\",\"description\":\"LIB_PHPASS_XML_DESCRIPTION\",\"group\":\"\",\"filename\":\"phpass\"}', '', '', '', 0, '0000-00-00 00:00:00', 0, 0),
(200, 0, 'mod_articles_archive', 'module', 'mod_articles_archive', '', 0, 1, 1, 0, '{\"name\":\"mod_articles_archive\",\"type\":\"module\",\"creationDate\":\"July 2006\",\"author\":\"Joomla! Project\",\"copyright\":\"Copyright (C) 2005 - 2020 Open Source Matters. All rights reserved.\",\"authorEmail\":\"admin@joomla.org\",\"authorUrl\":\"www.joomla.org\",\"version\":\"3.0.0\",\"description\":\"MOD_ARTICLES_ARCHIVE_XML_DESCRIPTION\",\"group\":\"\",\"filename\":\"mod_articles_archive\"}', '', '', '', 0, '0000-00-00 00:00:00', 0, 0),
(201, 0, 'mod_articles_latest', 'module', 'mod_articles_latest', '', 0, 1, 1, 0, '{\"name\":\"mod_articles_latest\",\"type\":\"module\",\"creationDate\":\"July 2004\",\"author\":\"Joomla! Project\",\"copyright\":\"Copyright (C) 2005 - 2020 Open Source Matters. All rights reserved.\",\"authorEmail\":\"admin@joomla.org\",\"authorUrl\":\"www.joomla.org\",\"version\":\"3.0.0\",\"description\":\"MOD_LATEST_NEWS_XML_DESCRIPTION\",\"group\":\"\",\"filename\":\"mod_articles_latest\"}', '', '', '', 0, '0000-00-00 00:00:00', 0, 0),
(202, 0, 'mod_articles_popular', 'module', 'mod_articles_popular', '', 0, 1, 1, 0, '{\"name\":\"mod_articles_popular\",\"type\":\"module\",\"creationDate\":\"July 2006\",\"author\":\"Joomla! Project\",\"copyright\":\"Copyright (C) 2005 - 2020 Open Source Matters. All rights reserved.\",\"authorEmail\":\"admin@joomla.org\",\"authorUrl\":\"www.joomla.org\",\"version\":\"3.0.0\",\"description\":\"MOD_POPULAR_XML_DESCRIPTION\",\"group\":\"\",\"filename\":\"mod_articles_popular\"}', '', '', '', 0, '0000-00-00 00:00:00', 0, 0),
(203, 0, 'mod_banners', 'module', 'mod_banners', '', 0, 1, 1, 0, '{\"name\":\"mod_banners\",\"type\":\"module\",\"creationDate\":\"July 2006\",\"author\":\"Joomla! Project\",\"copyright\":\"Copyright (C) 2005 - 2020 Open Source Matters. All rights reserved.\",\"authorEmail\":\"admin@joomla.org\",\"authorUrl\":\"www.joomla.org\",\"version\":\"3.0.0\",\"description\":\"MOD_BANNERS_XML_DESCRIPTION\",\"group\":\"\",\"filename\":\"mod_banners\"}', '', '', '', 0, '0000-00-00 00:00:00', 0, 0),
(204, 0, 'mod_breadcrumbs', 'module', 'mod_breadcrumbs', '', 0, 1, 1, 1, '{\"name\":\"mod_breadcrumbs\",\"type\":\"module\",\"creationDate\":\"July 2006\",\"author\":\"Joomla! Project\",\"copyright\":\"Copyright (C) 2005 - 2020 Open Source Matters. All rights reserved.\",\"authorEmail\":\"admin@joomla.org\",\"authorUrl\":\"www.joomla.org\",\"version\":\"3.0.0\",\"description\":\"MOD_BREADCRUMBS_XML_DESCRIPTION\",\"group\":\"\",\"filename\":\"mod_breadcrumbs\"}', '', '', '', 0, '0000-00-00 00:00:00', 0, 0),
(205, 0, 'mod_custom', 'module', 'mod_custom', '', 0, 1, 1, 1, '{\"name\":\"mod_custom\",\"type\":\"module\",\"creationDate\":\"July 2004\",\"author\":\"Joomla! Project\",\"copyright\":\"Copyright (C) 2005 - 2020 Open Source Matters. All rights reserved.\",\"authorEmail\":\"admin@joomla.org\",\"authorUrl\":\"www.joomla.org\",\"version\":\"3.0.0\",\"description\":\"MOD_CUSTOM_XML_DESCRIPTION\",\"group\":\"\",\"filename\":\"mod_custom\"}', '', '', '', 0, '0000-00-00 00:00:00', 0, 0),
(206, 0, 'mod_feed', 'module', 'mod_feed', '', 0, 1, 1, 0, '{\"name\":\"mod_feed\",\"type\":\"module\",\"creationDate\":\"July 2005\",\"author\":\"Joomla! Project\",\"copyright\":\"Copyright (C) 2005 - 2020 Open Source Matters. All rights reserved.\",\"authorEmail\":\"admin@joomla.org\",\"authorUrl\":\"www.joomla.org\",\"version\":\"3.0.0\",\"description\":\"MOD_FEED_XML_DESCRIPTION\",\"group\":\"\",\"filename\":\"mod_feed\"}', '', '', '', 0, '0000-00-00 00:00:00', 0, 0),
(207, 0, 'mod_footer', 'module', 'mod_footer', '', 0, 1, 1, 0, '{\"name\":\"mod_footer\",\"type\":\"module\",\"creationDate\":\"July 2006\",\"author\":\"Joomla! Project\",\"copyright\":\"Copyright (C) 2005 - 2020 Open Source Matters. All rights reserved.\",\"authorEmail\":\"admin@joomla.org\",\"authorUrl\":\"www.joomla.org\",\"version\":\"3.0.0\",\"description\":\"MOD_FOOTER_XML_DESCRIPTION\",\"group\":\"\",\"filename\":\"mod_footer\"}', '', '', '', 0, '0000-00-00 00:00:00', 0, 0),
(208, 0, 'mod_login', 'module', 'mod_login', '', 0, 1, 1, 1, '{\"name\":\"mod_login\",\"type\":\"module\",\"creationDate\":\"July 2006\",\"author\":\"Joomla! Project\",\"copyright\":\"Copyright (C) 2005 - 2020 Open Source Matters. All rights reserved.\",\"authorEmail\":\"admin@joomla.org\",\"authorUrl\":\"www.joomla.org\",\"version\":\"3.0.0\",\"description\":\"MOD_LOGIN_XML_DESCRIPTION\",\"group\":\"\",\"filename\":\"mod_login\"}', '', '', '', 0, '0000-00-00 00:00:00', 0, 0),
(209, 0, 'mod_menu', 'module', 'mod_menu', '', 0, 1, 1, 1, '{\"name\":\"mod_menu\",\"type\":\"module\",\"creationDate\":\"July 2004\",\"author\":\"Joomla! Project\",\"copyright\":\"Copyright (C) 2005 - 2020 Open Source Matters. All rights reserved.\",\"authorEmail\":\"admin@joomla.org\",\"authorUrl\":\"www.joomla.org\",\"version\":\"3.0.0\",\"description\":\"MOD_MENU_XML_DESCRIPTION\",\"group\":\"\",\"filename\":\"mod_menu\"}', '', '', '', 0, '0000-00-00 00:00:00', 0, 0),
(210, 0, 'mod_articles_news', 'module', 'mod_articles_news', '', 0, 1, 1, 0, '{\"name\":\"mod_articles_news\",\"type\":\"module\",\"creationDate\":\"July 2006\",\"author\":\"Joomla! Project\",\"copyright\":\"Copyright (C) 2005 - 2020 Open Source Matters. All rights reserved.\",\"authorEmail\":\"admin@joomla.org\",\"authorUrl\":\"www.joomla.org\",\"version\":\"3.0.0\",\"description\":\"MOD_ARTICLES_NEWS_XML_DESCRIPTION\",\"group\":\"\",\"filename\":\"mod_articles_news\"}', '', '', '', 0, '0000-00-00 00:00:00', 0, 0),
(211, 0, 'mod_random_image', 'module', 'mod_random_image', '', 0, 1, 1, 0, '{\"name\":\"mod_random_image\",\"type\":\"module\",\"creationDate\":\"July 2006\",\"author\":\"Joomla! Project\",\"copyright\":\"Copyright (C) 2005 - 2020 Open Source Matters. All rights reserved.\",\"authorEmail\":\"admin@joomla.org\",\"authorUrl\":\"www.joomla.org\",\"version\":\"3.0.0\",\"description\":\"MOD_RANDOM_IMAGE_XML_DESCRIPTION\",\"group\":\"\",\"filename\":\"mod_random_image\"}', '', '', '', 0, '0000-00-00 00:00:00', 0, 0),
(212, 0, 'mod_related_items', 'module', 'mod_related_items', '', 0, 1, 1, 0, '{\"name\":\"mod_related_items\",\"type\":\"module\",\"creationDate\":\"July 2004\",\"author\":\"Joomla! Project\",\"copyright\":\"Copyright (C) 2005 - 2020 Open Source Matters. All rights reserved.\",\"authorEmail\":\"admin@joomla.org\",\"authorUrl\":\"www.joomla.org\",\"version\":\"3.0.0\",\"description\":\"MOD_RELATED_XML_DESCRIPTION\",\"group\":\"\",\"filename\":\"mod_related_items\"}', '', '', '', 0, '0000-00-00 00:00:00', 0, 0),
(213, 0, 'mod_search', 'module', 'mod_search', '', 0, 1, 1, 0, '{\"name\":\"mod_search\",\"type\":\"module\",\"creationDate\":\"July 2004\",\"author\":\"Joomla! Project\",\"copyright\":\"Copyright (C) 2005 - 2020 Open Source Matters. All rights reserved.\",\"authorEmail\":\"admin@joomla.org\",\"authorUrl\":\"www.joomla.org\",\"version\":\"3.0.0\",\"description\":\"MOD_SEARCH_XML_DESCRIPTION\",\"group\":\"\",\"filename\":\"mod_search\"}', '', '', '', 0, '0000-00-00 00:00:00', 0, 0),
(214, 0, 'mod_stats', 'module', 'mod_stats', '', 0, 1, 1, 0, '{\"name\":\"mod_stats\",\"type\":\"module\",\"creationDate\":\"July 2004\",\"author\":\"Joomla! Project\",\"copyright\":\"Copyright (C) 2005 - 2020 Open Source Matters. All rights reserved.\",\"authorEmail\":\"admin@joomla.org\",\"authorUrl\":\"www.joomla.org\",\"version\":\"3.0.0\",\"description\":\"MOD_STATS_XML_DESCRIPTION\",\"group\":\"\",\"filename\":\"mod_stats\"}', '', '', '', 0, '0000-00-00 00:00:00', 0, 0),
(215, 0, 'mod_syndicate', 'module', 'mod_syndicate', '', 0, 1, 1, 1, '{\"name\":\"mod_syndicate\",\"type\":\"module\",\"creationDate\":\"May 2006\",\"author\":\"Joomla! Project\",\"copyright\":\"Copyright (C) 2005 - 2020 Open Source Matters. All rights reserved.\",\"authorEmail\":\"admin@joomla.org\",\"authorUrl\":\"www.joomla.org\",\"version\":\"3.0.0\",\"description\":\"MOD_SYNDICATE_XML_DESCRIPTION\",\"group\":\"\",\"filename\":\"mod_syndicate\"}', '', '', '', 0, '0000-00-00 00:00:00', 0, 0),
(216, 0, 'mod_users_latest', 'module', 'mod_users_latest', '', 0, 1, 1, 0, '{\"name\":\"mod_users_latest\",\"type\":\"module\",\"creationDate\":\"December 2009\",\"author\":\"Joomla! Project\",\"copyright\":\"Copyright (C) 2005 - 2020 Open Source Matters. All rights reserved.\",\"authorEmail\":\"admin@joomla.org\",\"authorUrl\":\"www.joomla.org\",\"version\":\"3.0.0\",\"description\":\"MOD_USERS_LATEST_XML_DESCRIPTION\",\"group\":\"\",\"filename\":\"mod_users_latest\"}', '', '', '', 0, '0000-00-00 00:00:00', 0, 0),
(218, 0, 'mod_whosonline', 'module', 'mod_whosonline', '', 0, 1, 1, 0, '{\"name\":\"mod_whosonline\",\"type\":\"module\",\"creationDate\":\"July 2004\",\"author\":\"Joomla! Project\",\"copyright\":\"Copyright (C) 2005 - 2020 Open Source Matters. All rights reserved.\",\"authorEmail\":\"admin@joomla.org\",\"authorUrl\":\"www.joomla.org\",\"version\":\"3.0.0\",\"description\":\"MOD_WHOSONLINE_XML_DESCRIPTION\",\"group\":\"\",\"filename\":\"mod_whosonline\"}', '', '', '', 0, '0000-00-00 00:00:00', 0, 0),
(219, 0, 'mod_wrapper', 'module', 'mod_wrapper', '', 0, 1, 1, 0, '{\"name\":\"mod_wrapper\",\"type\":\"module\",\"creationDate\":\"October 2004\",\"author\":\"Joomla! Project\",\"copyright\":\"Copyright (C) 2005 - 2020 Open Source Matters. All rights reserved.\",\"authorEmail\":\"admin@joomla.org\",\"authorUrl\":\"www.joomla.org\",\"version\":\"3.0.0\",\"description\":\"MOD_WRAPPER_XML_DESCRIPTION\",\"group\":\"\",\"filename\":\"mod_wrapper\"}', '', '', '', 0, '0000-00-00 00:00:00', 0, 0),
(220, 0, 'mod_articles_category', 'module', 'mod_articles_category', '', 0, 1, 1, 0, '{\"name\":\"mod_articles_category\",\"type\":\"module\",\"creationDate\":\"February 2010\",\"author\":\"Joomla! Project\",\"copyright\":\"Copyright (C) 2005 - 2020 Open Source Matters. All rights reserved.\",\"authorEmail\":\"admin@joomla.org\",\"authorUrl\":\"www.joomla.org\",\"version\":\"3.0.0\",\"description\":\"MOD_ARTICLES_CATEGORY_XML_DESCRIPTION\",\"group\":\"\",\"filename\":\"mod_articles_category\"}', '', '', '', 0, '0000-00-00 00:00:00', 0, 0),
(221, 0, 'mod_articles_categories', 'module', 'mod_articles_categories', '', 0, 1, 1, 0, '{\"name\":\"mod_articles_categories\",\"type\":\"module\",\"creationDate\":\"February 2010\",\"author\":\"Joomla! Project\",\"copyright\":\"Copyright (C) 2005 - 2020 Open Source Matters. All rights reserved.\",\"authorEmail\":\"admin@joomla.org\",\"authorUrl\":\"www.joomla.org\",\"version\":\"3.0.0\",\"description\":\"MOD_ARTICLES_CATEGORIES_XML_DESCRIPTION\",\"group\":\"\",\"filename\":\"mod_articles_categories\"}', '', '', '', 0, '0000-00-00 00:00:00', 0, 0),
(222, 0, 'mod_languages', 'module', 'mod_languages', '', 0, 1, 1, 1, '{\"name\":\"mod_languages\",\"type\":\"module\",\"creationDate\":\"February 2010\",\"author\":\"Joomla! Project\",\"copyright\":\"Copyright (C) 2005 - 2020 Open Source Matters. All rights reserved.\",\"authorEmail\":\"admin@joomla.org\",\"authorUrl\":\"www.joomla.org\",\"version\":\"3.5.0\",\"description\":\"MOD_LANGUAGES_XML_DESCRIPTION\",\"group\":\"\",\"filename\":\"mod_languages\"}', '', '', '', 0, '0000-00-00 00:00:00', 0, 0),
(223, 0, 'mod_finder', 'module', 'mod_finder', '', 0, 1, 0, 0, '{\"name\":\"mod_finder\",\"type\":\"module\",\"creationDate\":\"August 2011\",\"author\":\"Joomla! Project\",\"copyright\":\"(C) 2005 - 2020 Open Source Matters. All rights reserved.\",\"authorEmail\":\"admin@joomla.org\",\"authorUrl\":\"www.joomla.org\",\"version\":\"3.0.0\",\"description\":\"MOD_FINDER_XML_DESCRIPTION\",\"group\":\"\",\"filename\":\"mod_finder\"}', '', '', '', 0, '0000-00-00 00:00:00', 0, 0),
(300, 0, 'mod_custom', 'module', 'mod_custom', '', 1, 1, 1, 1, '{\"name\":\"mod_custom\",\"type\":\"module\",\"creationDate\":\"July 2004\",\"author\":\"Joomla! Project\",\"copyright\":\"Copyright (C) 2005 - 2020 Open Source Matters. All rights reserved.\",\"authorEmail\":\"admin@joomla.org\",\"authorUrl\":\"www.joomla.org\",\"version\":\"3.0.0\",\"description\":\"MOD_CUSTOM_XML_DESCRIPTION\",\"group\":\"\",\"filename\":\"mod_custom\"}', '', '', '', 0, '0000-00-00 00:00:00', 0, 0),
(301, 0, 'mod_feed', 'module', 'mod_feed', '', 1, 1, 1, 0, '{\"name\":\"mod_feed\",\"type\":\"module\",\"creationDate\":\"July 2005\",\"author\":\"Joomla! Project\",\"copyright\":\"Copyright (C) 2005 - 2020 Open Source Matters. All rights reserved.\",\"authorEmail\":\"admin@joomla.org\",\"authorUrl\":\"www.joomla.org\",\"version\":\"3.0.0\",\"description\":\"MOD_FEED_XML_DESCRIPTION\",\"group\":\"\",\"filename\":\"mod_feed\"}', '', '', '', 0, '0000-00-00 00:00:00', 0, 0),
(302, 0, 'mod_latest', 'module', 'mod_latest', '', 1, 1, 1, 0, '{\"name\":\"mod_latest\",\"type\":\"module\",\"creationDate\":\"July 2004\",\"author\":\"Joomla! Project\",\"copyright\":\"Copyright (C) 2005 - 2020 Open Source Matters. All rights reserved.\",\"authorEmail\":\"admin@joomla.org\",\"authorUrl\":\"www.joomla.org\",\"version\":\"3.0.0\",\"description\":\"MOD_LATEST_XML_DESCRIPTION\",\"group\":\"\",\"filename\":\"mod_latest\"}', '', '', '', 0, '0000-00-00 00:00:00', 0, 0),
(303, 0, 'mod_logged', 'module', 'mod_logged', '', 1, 1, 1, 0, '{\"name\":\"mod_logged\",\"type\":\"module\",\"creationDate\":\"January 2005\",\"author\":\"Joomla! Project\",\"copyright\":\"Copyright (C) 2005 - 2020 Open Source Matters. All rights reserved.\",\"authorEmail\":\"admin@joomla.org\",\"authorUrl\":\"www.joomla.org\",\"version\":\"3.0.0\",\"description\":\"MOD_LOGGED_XML_DESCRIPTION\",\"group\":\"\",\"filename\":\"mod_logged\"}', '', '', '', 0, '0000-00-00 00:00:00', 0, 0),
(304, 0, 'mod_login', 'module', 'mod_login', '', 1, 1, 1, 1, '{\"name\":\"mod_login\",\"type\":\"module\",\"creationDate\":\"March 2005\",\"author\":\"Joomla! Project\",\"copyright\":\"Copyright (C) 2005 - 2020 Open Source Matters. All rights reserved.\",\"authorEmail\":\"admin@joomla.org\",\"authorUrl\":\"www.joomla.org\",\"version\":\"3.0.0\",\"description\":\"MOD_LOGIN_XML_DESCRIPTION\",\"group\":\"\",\"filename\":\"mod_login\"}', '', '', '', 0, '0000-00-00 00:00:00', 0, 0),
(305, 0, 'mod_menu', 'module', 'mod_menu', '', 1, 1, 1, 0, '{\"name\":\"mod_menu\",\"type\":\"module\",\"creationDate\":\"March 2006\",\"author\":\"Joomla! Project\",\"copyright\":\"Copyright (C) 2005 - 2020 Open Source Matters. All rights reserved.\",\"authorEmail\":\"admin@joomla.org\",\"authorUrl\":\"www.joomla.org\",\"version\":\"3.0.0\",\"description\":\"MOD_MENU_XML_DESCRIPTION\",\"group\":\"\",\"filename\":\"mod_menu\"}', '', '', '', 0, '0000-00-00 00:00:00', 0, 0),
(307, 0, 'mod_popular', 'module', 'mod_popular', '', 1, 1, 1, 0, '{\"name\":\"mod_popular\",\"type\":\"module\",\"creationDate\":\"July 2004\",\"author\":\"Joomla! Project\",\"copyright\":\"Copyright (C) 2005 - 2020 Open Source Matters. All rights reserved.\",\"authorEmail\":\"admin@joomla.org\",\"authorUrl\":\"www.joomla.org\",\"version\":\"3.0.0\",\"description\":\"MOD_POPULAR_XML_DESCRIPTION\",\"group\":\"\",\"filename\":\"mod_popular\"}', '', '', '', 0, '0000-00-00 00:00:00', 0, 0),
(308, 0, 'mod_quickicon', 'module', 'mod_quickicon', '', 1, 1, 1, 1, '{\"name\":\"mod_quickicon\",\"type\":\"module\",\"creationDate\":\"November 2005\",\"author\":\"Joomla! Project\",\"copyright\":\"Copyright (C) 2005 - 2020 Open Source Matters. All rights reserved.\",\"authorEmail\":\"admin@joomla.org\",\"authorUrl\":\"www.joomla.org\",\"version\":\"3.0.0\",\"description\":\"MOD_QUICKICON_XML_DESCRIPTION\",\"group\":\"\",\"filename\":\"mod_quickicon\"}', '', '', '', 0, '0000-00-00 00:00:00', 0, 0),
(309, 0, 'mod_status', 'module', 'mod_status', '', 1, 1, 1, 0, '{\"name\":\"mod_status\",\"type\":\"module\",\"creationDate\":\"February 2006\",\"author\":\"Joomla! Project\",\"copyright\":\"(C) 2005 - 2020 Open Source Matters. All rights reserved.\",\"authorEmail\":\"admin@joomla.org\",\"authorUrl\":\"www.joomla.org\",\"version\":\"3.0.0\",\"description\":\"MOD_STATUS_XML_DESCRIPTION\",\"group\":\"\",\"filename\":\"mod_status\"}', '', '', '', 0, '0000-00-00 00:00:00', 0, 0),
(310, 0, 'mod_submenu', 'module', 'mod_submenu', '', 1, 1, 1, 0, '{\"name\":\"mod_submenu\",\"type\":\"module\",\"creationDate\":\"February 2006\",\"author\":\"Joomla! Project\",\"copyright\":\"Copyright (C) 2005 - 2020 Open Source Matters. All rights reserved.\",\"authorEmail\":\"admin@joomla.org\",\"authorUrl\":\"www.joomla.org\",\"version\":\"3.0.0\",\"description\":\"MOD_SUBMENU_XML_DESCRIPTION\",\"group\":\"\",\"filename\":\"mod_submenu\"}', '', '', '', 0, '0000-00-00 00:00:00', 0, 0),
(311, 0, 'mod_title', 'module', 'mod_title', '', 1, 1, 1, 0, '{\"name\":\"mod_title\",\"type\":\"module\",\"creationDate\":\"November 2005\",\"author\":\"Joomla! Project\",\"copyright\":\"Copyright (C) 2005 - 2020 Open Source Matters. All rights reserved.\",\"authorEmail\":\"admin@joomla.org\",\"authorUrl\":\"www.joomla.org\",\"version\":\"3.0.0\",\"description\":\"MOD_TITLE_XML_DESCRIPTION\",\"group\":\"\",\"filename\":\"mod_title\"}', '', '', '', 0, '0000-00-00 00:00:00', 0, 0),
(312, 0, 'mod_toolbar', 'module', 'mod_toolbar', '', 1, 1, 1, 1, '{\"name\":\"mod_toolbar\",\"type\":\"module\",\"creationDate\":\"November 2005\",\"author\":\"Joomla! Project\",\"copyright\":\"Copyright (C) 2005 - 2020 Open Source Matters. All rights reserved.\",\"authorEmail\":\"admin@joomla.org\",\"authorUrl\":\"www.joomla.org\",\"version\":\"3.0.0\",\"description\":\"MOD_TOOLBAR_XML_DESCRIPTION\",\"group\":\"\",\"filename\":\"mod_toolbar\"}', '', '', '', 0, '0000-00-00 00:00:00', 0, 0),
(313, 0, 'mod_multilangstatus', 'module', 'mod_multilangstatus', '', 1, 1, 1, 0, '{\"name\":\"mod_multilangstatus\",\"type\":\"module\",\"creationDate\":\"September 2011\",\"author\":\"Joomla! Project\",\"copyright\":\"Copyright (C) 2005 - 2020 Open Source Matters. All rights reserved.\",\"authorEmail\":\"admin@joomla.org\",\"authorUrl\":\"www.joomla.org\",\"version\":\"3.0.0\",\"description\":\"MOD_MULTILANGSTATUS_XML_DESCRIPTION\",\"group\":\"\",\"filename\":\"mod_multilangstatus\"}', '{\"cache\":\"0\"}', '', '', 0, '0000-00-00 00:00:00', 0, 0),
(314, 0, 'mod_version', 'module', 'mod_version', '', 1, 1, 1, 0, '{\"name\":\"mod_version\",\"type\":\"module\",\"creationDate\":\"January 2012\",\"author\":\"Joomla! Project\",\"copyright\":\"Copyright (C) 2005 - 2020 Open Source Matters. All rights reserved.\",\"authorEmail\":\"admin@joomla.org\",\"authorUrl\":\"www.joomla.org\",\"version\":\"3.0.0\",\"description\":\"MOD_VERSION_XML_DESCRIPTION\",\"group\":\"\",\"filename\":\"mod_version\"}', '{\"format\":\"short\",\"product\":\"1\",\"cache\":\"0\"}', '', '', 0, '0000-00-00 00:00:00', 0, 0),
(315, 0, 'mod_stats_admin', 'module', 'mod_stats_admin', '', 1, 1, 1, 0, '{\"name\":\"mod_stats_admin\",\"type\":\"module\",\"creationDate\":\"July 2004\",\"author\":\"Joomla! Project\",\"copyright\":\"Copyright (C) 2005 - 2020 Open Source Matters. All rights reserved.\",\"authorEmail\":\"admin@joomla.org\",\"authorUrl\":\"www.joomla.org\",\"version\":\"3.0.0\",\"description\":\"MOD_STATS_XML_DESCRIPTION\",\"group\":\"\",\"filename\":\"mod_stats_admin\"}', '{\"serverinfo\":\"0\",\"siteinfo\":\"0\",\"counter\":\"0\",\"increase\":\"0\",\"cache\":\"1\",\"cache_time\":\"900\",\"cachemode\":\"static\"}', '', '', 0, '0000-00-00 00:00:00', 0, 0),
(316, 0, 'mod_tags_popular', 'module', 'mod_tags_popular', '', 0, 1, 1, 0, '{\"name\":\"mod_tags_popular\",\"type\":\"module\",\"creationDate\":\"January 2013\",\"author\":\"Joomla! Project\",\"copyright\":\"Copyright (C) 2005 - 2020 Open Source Matters. All rights reserved.\",\"authorEmail\":\"admin@joomla.org\",\"authorUrl\":\"www.joomla.org\",\"version\":\"3.1.0\",\"description\":\"MOD_TAGS_POPULAR_XML_DESCRIPTION\",\"group\":\"\",\"filename\":\"mod_tags_popular\"}', '{\"maximum\":\"5\",\"timeframe\":\"alltime\",\"owncache\":\"1\"}', '', '', 0, '0000-00-00 00:00:00', 0, 0),
(317, 0, 'mod_tags_similar', 'module', 'mod_tags_similar', '', 0, 1, 1, 0, '{\"name\":\"mod_tags_similar\",\"type\":\"module\",\"creationDate\":\"January 2013\",\"author\":\"Joomla! Project\",\"copyright\":\"Copyright (C) 2005 - 2020 Open Source Matters. All rights reserved.\",\"authorEmail\":\"admin@joomla.org\",\"authorUrl\":\"www.joomla.org\",\"version\":\"3.1.0\",\"description\":\"MOD_TAGS_SIMILAR_XML_DESCRIPTION\",\"group\":\"\",\"filename\":\"mod_tags_similar\"}', '{\"maximum\":\"5\",\"matchtype\":\"any\",\"owncache\":\"1\"}', '', '', 0, '0000-00-00 00:00:00', 0, 0),
(318, 0, 'mod_sampledata', 'module', 'mod_sampledata', '', 1, 1, 1, 0, '{\"name\":\"mod_sampledata\",\"type\":\"module\",\"creationDate\":\"July 2017\",\"author\":\"Joomla! Project\",\"copyright\":\"Copyright (C) 2005 - 2020 Open Source Matters. All rights reserved.\",\"authorEmail\":\"admin@joomla.org\",\"authorUrl\":\"www.joomla.org\",\"version\":\"3.8.0\",\"description\":\"MOD_SAMPLEDATA_XML_DESCRIPTION\",\"group\":\"\",\"filename\":\"mod_sampledata\"}', '{}', '', '', 0, '0000-00-00 00:00:00', 0, 0),
(319, 0, 'mod_latestactions', 'module', 'mod_latestactions', '', 1, 1, 1, 0, '{\"name\":\"mod_latestactions\",\"type\":\"module\",\"creationDate\":\"May 2018\",\"author\":\"Joomla! Project\",\"copyright\":\"Copyright (C) 2005 - 2020 Open Source Matters. All rights reserved.\",\"authorEmail\":\"admin@joomla.org\",\"authorUrl\":\"www.joomla.org\",\"version\":\"3.9.0\",\"description\":\"MOD_LATESTACTIONS_XML_DESCRIPTION\",\"group\":\"\",\"filename\":\"mod_latestactions\"}', '{}', '', '', 0, '0000-00-00 00:00:00', 0, 0),
(320, 0, 'mod_privacy_dashboard', 'module', 'mod_privacy_dashboard', '', 1, 1, 1, 0, '{\"name\":\"mod_privacy_dashboard\",\"type\":\"module\",\"creationDate\":\"June 2018\",\"author\":\"Joomla! Project\",\"copyright\":\"Copyright (C) 2005 - 2020 Open Source Matters. All rights reserved.\",\"authorEmail\":\"admin@joomla.org\",\"authorUrl\":\"www.joomla.org\",\"version\":\"3.9.0\",\"description\":\"MOD_PRIVACY_DASHBOARD_XML_DESCRIPTION\",\"group\":\"\",\"filename\":\"mod_privacy_dashboard\"}', '{}', '', '', 0, '0000-00-00 00:00:00', 0, 0);
INSERT INTO `zzux2_extensions` (`extension_id`, `package_id`, `name`, `type`, `element`, `folder`, `client_id`, `enabled`, `access`, `protected`, `manifest_cache`, `params`, `custom_data`, `system_data`, `checked_out`, `checked_out_time`, `ordering`, `state`) VALUES
(400, 0, 'plg_authentication_gmail', 'plugin', 'gmail', 'authentication', 0, 0, 1, 0, '{\"name\":\"plg_authentication_gmail\",\"type\":\"plugin\",\"creationDate\":\"February 2006\",\"author\":\"Joomla! Project\",\"copyright\":\"Copyright (C) 2005 - 2020 Open Source Matters. All rights reserved.\",\"authorEmail\":\"admin@joomla.org\",\"authorUrl\":\"www.joomla.org\",\"version\":\"3.0.0\",\"description\":\"PLG_GMAIL_XML_DESCRIPTION\",\"group\":\"\",\"filename\":\"gmail\"}', '{\"applysuffix\":\"0\",\"suffix\":\"\",\"verifypeer\":\"1\",\"user_blacklist\":\"\"}', '', '', 0, '0000-00-00 00:00:00', 1, 0),
(401, 0, 'plg_authentication_joomla', 'plugin', 'joomla', 'authentication', 0, 1, 1, 1, '{\"name\":\"plg_authentication_joomla\",\"type\":\"plugin\",\"creationDate\":\"November 2005\",\"author\":\"Joomla! Project\",\"copyright\":\"Copyright (C) 2005 - 2020 Open Source Matters. All rights reserved.\",\"authorEmail\":\"admin@joomla.org\",\"authorUrl\":\"www.joomla.org\",\"version\":\"3.0.0\",\"description\":\"PLG_AUTH_JOOMLA_XML_DESCRIPTION\",\"group\":\"\",\"filename\":\"joomla\"}', '', '', '', 0, '0000-00-00 00:00:00', 0, 0),
(402, 0, 'plg_authentication_ldap', 'plugin', 'ldap', 'authentication', 0, 0, 1, 0, '{\"name\":\"plg_authentication_ldap\",\"type\":\"plugin\",\"creationDate\":\"November 2005\",\"author\":\"Joomla! Project\",\"copyright\":\"Copyright (C) 2005 - 2020 Open Source Matters. All rights reserved.\",\"authorEmail\":\"admin@joomla.org\",\"authorUrl\":\"www.joomla.org\",\"version\":\"3.0.0\",\"description\":\"PLG_LDAP_XML_DESCRIPTION\",\"group\":\"\",\"filename\":\"ldap\"}', '{\"host\":\"\",\"port\":\"389\",\"use_ldapV3\":\"0\",\"negotiate_tls\":\"0\",\"no_referrals\":\"0\",\"auth_method\":\"bind\",\"base_dn\":\"\",\"search_string\":\"\",\"users_dn\":\"\",\"username\":\"admin\",\"password\":\"bobby7\",\"ldap_fullname\":\"fullName\",\"ldap_email\":\"mail\",\"ldap_uid\":\"uid\"}', '', '', 0, '0000-00-00 00:00:00', 3, 0),
(403, 0, 'plg_content_contact', 'plugin', 'contact', 'content', 0, 1, 1, 0, '{\"name\":\"plg_content_contact\",\"type\":\"plugin\",\"creationDate\":\"January 2014\",\"author\":\"Joomla! Project\",\"copyright\":\"Copyright (C) 2005 - 2020 Open Source Matters. All rights reserved.\",\"authorEmail\":\"admin@joomla.org\",\"authorUrl\":\"www.joomla.org\",\"version\":\"3.2.2\",\"description\":\"PLG_CONTENT_CONTACT_XML_DESCRIPTION\",\"group\":\"\",\"filename\":\"contact\"}', '', '', '', 0, '0000-00-00 00:00:00', 1, 0),
(404, 0, 'plg_content_emailcloak', 'plugin', 'emailcloak', 'content', 0, 1, 1, 0, '{\"name\":\"plg_content_emailcloak\",\"type\":\"plugin\",\"creationDate\":\"November 2005\",\"author\":\"Joomla! Project\",\"copyright\":\"Copyright (C) 2005 - 2020 Open Source Matters. All rights reserved.\",\"authorEmail\":\"admin@joomla.org\",\"authorUrl\":\"www.joomla.org\",\"version\":\"3.0.0\",\"description\":\"PLG_CONTENT_EMAILCLOAK_XML_DESCRIPTION\",\"group\":\"\",\"filename\":\"emailcloak\"}', '{\"mode\":\"1\"}', '', '', 0, '0000-00-00 00:00:00', 1, 0),
(406, 0, 'plg_content_loadmodule', 'plugin', 'loadmodule', 'content', 0, 1, 1, 0, '{\"name\":\"plg_content_loadmodule\",\"type\":\"plugin\",\"creationDate\":\"November 2005\",\"author\":\"Joomla! Project\",\"copyright\":\"Copyright (C) 2005 - 2020 Open Source Matters. All rights reserved.\",\"authorEmail\":\"admin@joomla.org\",\"authorUrl\":\"www.joomla.org\",\"version\":\"3.0.0\",\"description\":\"PLG_LOADMODULE_XML_DESCRIPTION\",\"group\":\"\",\"filename\":\"loadmodule\"}', '{\"style\":\"xhtml\"}', '', '', 0, '2011-09-18 15:22:50', 0, 0),
(407, 0, 'plg_content_pagebreak', 'plugin', 'pagebreak', 'content', 0, 1, 1, 0, '{\"name\":\"plg_content_pagebreak\",\"type\":\"plugin\",\"creationDate\":\"November 2005\",\"author\":\"Joomla! Project\",\"copyright\":\"Copyright (C) 2005 - 2020 Open Source Matters. All rights reserved.\",\"authorEmail\":\"admin@joomla.org\",\"authorUrl\":\"www.joomla.org\",\"version\":\"3.0.0\",\"description\":\"PLG_CONTENT_PAGEBREAK_XML_DESCRIPTION\",\"group\":\"\",\"filename\":\"pagebreak\"}', '{\"title\":\"1\",\"multipage_toc\":\"1\",\"showall\":\"1\"}', '', '', 0, '0000-00-00 00:00:00', 4, 0),
(408, 0, 'plg_content_pagenavigation', 'plugin', 'pagenavigation', 'content', 0, 1, 1, 0, '{\"name\":\"plg_content_pagenavigation\",\"type\":\"plugin\",\"creationDate\":\"January 2006\",\"author\":\"Joomla! Project\",\"copyright\":\"Copyright (C) 2005 - 2020 Open Source Matters. All rights reserved.\",\"authorEmail\":\"admin@joomla.org\",\"authorUrl\":\"www.joomla.org\",\"version\":\"3.0.0\",\"description\":\"PLG_PAGENAVIGATION_XML_DESCRIPTION\",\"group\":\"\",\"filename\":\"pagenavigation\"}', '{\"position\":\"1\"}', '', '', 0, '0000-00-00 00:00:00', 5, 0),
(409, 0, 'plg_content_vote', 'plugin', 'vote', 'content', 0, 0, 1, 0, '{\"name\":\"plg_content_vote\",\"type\":\"plugin\",\"creationDate\":\"November 2005\",\"author\":\"Joomla! Project\",\"copyright\":\"Copyright (C) 2005 - 2020 Open Source Matters. All rights reserved.\",\"authorEmail\":\"admin@joomla.org\",\"authorUrl\":\"www.joomla.org\",\"version\":\"3.0.0\",\"description\":\"PLG_VOTE_XML_DESCRIPTION\",\"group\":\"\",\"filename\":\"vote\"}', '', '', '', 0, '0000-00-00 00:00:00', 6, 0),
(410, 0, 'plg_editors_codemirror', 'plugin', 'codemirror', 'editors', 0, 1, 1, 1, '{\"name\":\"plg_editors_codemirror\",\"type\":\"plugin\",\"creationDate\":\"28 March 2011\",\"author\":\"Marijn Haverbeke\",\"copyright\":\"Copyright (C) 2014 - 2021 by Marijn Haverbeke <marijnh@gmail.com> and others\",\"authorEmail\":\"marijnh@gmail.com\",\"authorUrl\":\"https:\\/\\/codemirror.net\\/\",\"version\":\"5.60.0\",\"description\":\"PLG_CODEMIRROR_XML_DESCRIPTION\",\"group\":\"\",\"filename\":\"codemirror\"}', '{\"lineNumbers\":\"1\",\"lineWrapping\":\"1\",\"matchTags\":\"1\",\"matchBrackets\":\"1\",\"marker-gutter\":\"1\",\"autoCloseTags\":\"1\",\"autoCloseBrackets\":\"1\",\"autoFocus\":\"1\",\"theme\":\"default\",\"tabmode\":\"indent\"}', '', '', 0, '0000-00-00 00:00:00', 1, 0),
(411, 0, 'plg_editors_none', 'plugin', 'none', 'editors', 0, 1, 1, 1, '{\"name\":\"plg_editors_none\",\"type\":\"plugin\",\"creationDate\":\"September 2005\",\"author\":\"Joomla! Project\",\"copyright\":\"Copyright (C) 2005 - 2020 Open Source Matters. All rights reserved.\",\"authorEmail\":\"admin@joomla.org\",\"authorUrl\":\"www.joomla.org\",\"version\":\"3.0.0\",\"description\":\"PLG_NONE_XML_DESCRIPTION\",\"group\":\"\",\"filename\":\"none\"}', '', '', '', 0, '0000-00-00 00:00:00', 2, 0),
(412, 0, 'plg_editors_tinymce', 'plugin', 'tinymce', 'editors', 0, 1, 1, 0, '{\"name\":\"plg_editors_tinymce\",\"type\":\"plugin\",\"creationDate\":\"2005-2020\",\"author\":\"Tiny Technologies, Inc\",\"copyright\":\"Tiny Technologies, Inc\",\"authorEmail\":\"N\\/A\",\"authorUrl\":\"https:\\/\\/www.tiny.cloud\",\"version\":\"4.5.12\",\"description\":\"PLG_TINY_XML_DESCRIPTION\",\"group\":\"\",\"filename\":\"tinymce\"}', '{\"configuration\":{\"toolbars\":{\"2\":{\"toolbar1\":[\"bold\",\"underline\",\"strikethrough\",\"|\",\"undo\",\"redo\",\"|\",\"bullist\",\"numlist\",\"|\",\"pastetext\"]},\"1\":{\"menu\":[\"edit\",\"insert\",\"view\",\"format\",\"table\",\"tools\"],\"toolbar1\":[\"bold\",\"italic\",\"underline\",\"strikethrough\",\"|\",\"alignleft\",\"aligncenter\",\"alignright\",\"alignjustify\",\"|\",\"formatselect\",\"|\",\"bullist\",\"numlist\",\"|\",\"outdent\",\"indent\",\"|\",\"undo\",\"redo\",\"|\",\"link\",\"unlink\",\"anchor\",\"code\",\"|\",\"hr\",\"table\",\"|\",\"subscript\",\"superscript\",\"|\",\"charmap\",\"pastetext\",\"preview\"]},\"0\":{\"menu\":[\"edit\",\"insert\",\"view\",\"format\",\"table\",\"tools\"],\"toolbar1\":[\"bold\",\"italic\",\"underline\",\"strikethrough\",\"|\",\"alignleft\",\"aligncenter\",\"alignright\",\"alignjustify\",\"|\",\"styleselect\",\"|\",\"formatselect\",\"fontselect\",\"fontsizeselect\",\"|\",\"searchreplace\",\"|\",\"bullist\",\"numlist\",\"|\",\"outdent\",\"indent\",\"|\",\"undo\",\"redo\",\"|\",\"link\",\"unlink\",\"anchor\",\"image\",\"|\",\"code\",\"|\",\"forecolor\",\"backcolor\",\"|\",\"fullscreen\",\"|\",\"table\",\"|\",\"subscript\",\"superscript\",\"|\",\"charmap\",\"emoticons\",\"media\",\"hr\",\"ltr\",\"rtl\",\"|\",\"cut\",\"copy\",\"paste\",\"pastetext\",\"|\",\"visualchars\",\"visualblocks\",\"nonbreaking\",\"blockquote\",\"template\",\"|\",\"print\",\"preview\",\"codesample\",\"insertdatetime\",\"removeformat\"]}},\"setoptions\":{\"2\":{\"access\":[\"1\"],\"skin\":\"0\",\"skin_admin\":\"0\",\"mobile\":\"0\",\"drag_drop\":\"1\",\"path\":\"\",\"entity_encoding\":\"raw\",\"lang_mode\":\"1\",\"text_direction\":\"ltr\",\"content_css\":\"1\",\"content_css_custom\":\"\",\"relative_urls\":\"1\",\"newlines\":\"0\",\"use_config_textfilters\":\"0\",\"invalid_elements\":\"script,applet,iframe\",\"valid_elements\":\"\",\"extended_elements\":\"\",\"resizing\":\"1\",\"resize_horizontal\":\"1\",\"element_path\":\"1\",\"wordcount\":\"1\",\"image_advtab\":\"0\",\"advlist\":\"1\",\"autosave\":\"1\",\"contextmenu\":\"1\",\"custom_plugin\":\"\",\"custom_button\":\"\"},\"1\":{\"access\":[\"6\",\"2\"],\"skin\":\"0\",\"skin_admin\":\"0\",\"mobile\":\"0\",\"drag_drop\":\"1\",\"path\":\"\",\"entity_encoding\":\"raw\",\"lang_mode\":\"1\",\"text_direction\":\"ltr\",\"content_css\":\"1\",\"content_css_custom\":\"\",\"relative_urls\":\"1\",\"newlines\":\"0\",\"use_config_textfilters\":\"0\",\"invalid_elements\":\"script,applet,iframe\",\"valid_elements\":\"\",\"extended_elements\":\"\",\"resizing\":\"1\",\"resize_horizontal\":\"1\",\"element_path\":\"1\",\"wordcount\":\"1\",\"image_advtab\":\"0\",\"advlist\":\"1\",\"autosave\":\"1\",\"contextmenu\":\"1\",\"custom_plugin\":\"\",\"custom_button\":\"\"},\"0\":{\"access\":[\"7\",\"4\",\"8\"],\"skin\":\"0\",\"skin_admin\":\"0\",\"mobile\":\"0\",\"drag_drop\":\"1\",\"path\":\"\",\"entity_encoding\":\"raw\",\"lang_mode\":\"1\",\"text_direction\":\"ltr\",\"content_css\":\"1\",\"content_css_custom\":\"\",\"relative_urls\":\"1\",\"newlines\":\"0\",\"use_config_textfilters\":\"0\",\"invalid_elements\":\"script,applet,iframe\",\"valid_elements\":\"\",\"extended_elements\":\"\",\"resizing\":\"1\",\"resize_horizontal\":\"1\",\"element_path\":\"1\",\"wordcount\":\"1\",\"image_advtab\":\"1\",\"advlist\":\"1\",\"autosave\":\"1\",\"contextmenu\":\"1\",\"custom_plugin\":\"\",\"custom_button\":\"\"}}},\"sets_amount\":3,\"html_height\":\"550\",\"html_width\":\"750\"}', '', '', 0, '0000-00-00 00:00:00', 3, 0),
(413, 0, 'plg_editors-xtd_article', 'plugin', 'article', 'editors-xtd', 0, 1, 1, 0, '{\"name\":\"plg_editors-xtd_article\",\"type\":\"plugin\",\"creationDate\":\"October 2009\",\"author\":\"Joomla! Project\",\"copyright\":\"Copyright (C) 2005 - 2020 Open Source Matters. All rights reserved.\",\"authorEmail\":\"admin@joomla.org\",\"authorUrl\":\"www.joomla.org\",\"version\":\"3.0.0\",\"description\":\"PLG_ARTICLE_XML_DESCRIPTION\",\"group\":\"\",\"filename\":\"article\"}', '', '', '', 0, '0000-00-00 00:00:00', 1, 0),
(414, 0, 'plg_editors-xtd_image', 'plugin', 'image', 'editors-xtd', 0, 1, 1, 0, '{\"name\":\"plg_editors-xtd_image\",\"type\":\"plugin\",\"creationDate\":\"August 2004\",\"author\":\"Joomla! Project\",\"copyright\":\"Copyright (C) 2005 - 2020 Open Source Matters. All rights reserved.\",\"authorEmail\":\"admin@joomla.org\",\"authorUrl\":\"www.joomla.org\",\"version\":\"3.0.0\",\"description\":\"PLG_IMAGE_XML_DESCRIPTION\",\"group\":\"\",\"filename\":\"image\"}', '', '', '', 0, '0000-00-00 00:00:00', 2, 0),
(415, 0, 'plg_editors-xtd_pagebreak', 'plugin', 'pagebreak', 'editors-xtd', 0, 1, 1, 0, '{\"name\":\"plg_editors-xtd_pagebreak\",\"type\":\"plugin\",\"creationDate\":\"August 2004\",\"author\":\"Joomla! Project\",\"copyright\":\"Copyright (C) 2005 - 2020 Open Source Matters. All rights reserved.\",\"authorEmail\":\"admin@joomla.org\",\"authorUrl\":\"www.joomla.org\",\"version\":\"3.0.0\",\"description\":\"PLG_EDITORSXTD_PAGEBREAK_XML_DESCRIPTION\",\"group\":\"\",\"filename\":\"pagebreak\"}', '', '', '', 0, '0000-00-00 00:00:00', 3, 0),
(416, 0, 'plg_editors-xtd_readmore', 'plugin', 'readmore', 'editors-xtd', 0, 1, 1, 0, '{\"name\":\"plg_editors-xtd_readmore\",\"type\":\"plugin\",\"creationDate\":\"March 2006\",\"author\":\"Joomla! Project\",\"copyright\":\"Copyright (C) 2005 - 2020 Open Source Matters. All rights reserved.\",\"authorEmail\":\"admin@joomla.org\",\"authorUrl\":\"www.joomla.org\",\"version\":\"3.0.0\",\"description\":\"PLG_READMORE_XML_DESCRIPTION\",\"group\":\"\",\"filename\":\"readmore\"}', '', '', '', 0, '0000-00-00 00:00:00', 4, 0),
(417, 0, 'plg_search_categories', 'plugin', 'categories', 'search', 0, 1, 1, 0, '{\"name\":\"plg_search_categories\",\"type\":\"plugin\",\"creationDate\":\"November 2005\",\"author\":\"Joomla! Project\",\"copyright\":\"Copyright (C) 2005 - 2020 Open Source Matters. All rights reserved.\",\"authorEmail\":\"admin@joomla.org\",\"authorUrl\":\"www.joomla.org\",\"version\":\"3.0.0\",\"description\":\"PLG_SEARCH_CATEGORIES_XML_DESCRIPTION\",\"group\":\"\",\"filename\":\"categories\"}', '{\"search_limit\":\"50\",\"search_content\":\"1\",\"search_archived\":\"1\"}', '', '', 0, '0000-00-00 00:00:00', 0, 0),
(418, 0, 'plg_search_contacts', 'plugin', 'contacts', 'search', 0, 1, 1, 0, '{\"name\":\"plg_search_contacts\",\"type\":\"plugin\",\"creationDate\":\"November 2005\",\"author\":\"Joomla! Project\",\"copyright\":\"Copyright (C) 2005 - 2020 Open Source Matters. All rights reserved.\",\"authorEmail\":\"admin@joomla.org\",\"authorUrl\":\"www.joomla.org\",\"version\":\"3.0.0\",\"description\":\"PLG_SEARCH_CONTACTS_XML_DESCRIPTION\",\"group\":\"\",\"filename\":\"contacts\"}', '{\"search_limit\":\"50\",\"search_content\":\"1\",\"search_archived\":\"1\"}', '', '', 0, '0000-00-00 00:00:00', 0, 0),
(419, 0, 'plg_search_content', 'plugin', 'content', 'search', 0, 1, 1, 0, '{\"name\":\"plg_search_content\",\"type\":\"plugin\",\"creationDate\":\"November 2005\",\"author\":\"Joomla! Project\",\"copyright\":\"Copyright (C) 2005 - 2020 Open Source Matters. All rights reserved.\",\"authorEmail\":\"admin@joomla.org\",\"authorUrl\":\"www.joomla.org\",\"version\":\"3.0.0\",\"description\":\"PLG_SEARCH_CONTENT_XML_DESCRIPTION\",\"group\":\"\",\"filename\":\"content\"}', '{\"search_limit\":\"50\",\"search_content\":\"1\",\"search_archived\":\"1\"}', '', '', 0, '0000-00-00 00:00:00', 0, 0),
(420, 0, 'plg_search_newsfeeds', 'plugin', 'newsfeeds', 'search', 0, 1, 1, 0, '{\"name\":\"plg_search_newsfeeds\",\"type\":\"plugin\",\"creationDate\":\"November 2005\",\"author\":\"Joomla! Project\",\"copyright\":\"Copyright (C) 2005 - 2020 Open Source Matters. All rights reserved.\",\"authorEmail\":\"admin@joomla.org\",\"authorUrl\":\"www.joomla.org\",\"version\":\"3.0.0\",\"description\":\"PLG_SEARCH_NEWSFEEDS_XML_DESCRIPTION\",\"group\":\"\",\"filename\":\"newsfeeds\"}', '{\"search_limit\":\"50\",\"search_content\":\"1\",\"search_archived\":\"1\"}', '', '', 0, '0000-00-00 00:00:00', 0, 0),
(422, 0, 'plg_system_languagefilter', 'plugin', 'languagefilter', 'system', 0, 0, 1, 1, '{\"name\":\"plg_system_languagefilter\",\"type\":\"plugin\",\"creationDate\":\"July 2010\",\"author\":\"Joomla! Project\",\"copyright\":\"Copyright (C) 2005 - 2020 Open Source Matters. All rights reserved.\",\"authorEmail\":\"admin@joomla.org\",\"authorUrl\":\"www.joomla.org\",\"version\":\"3.0.0\",\"description\":\"PLG_SYSTEM_LANGUAGEFILTER_XML_DESCRIPTION\",\"group\":\"\",\"filename\":\"languagefilter\"}', '', '', '', 0, '0000-00-00 00:00:00', 1, 0),
(423, 0, 'plg_system_p3p', 'plugin', 'p3p', 'system', 0, 0, 1, 0, '{\"name\":\"plg_system_p3p\",\"type\":\"plugin\",\"creationDate\":\"September 2010\",\"author\":\"Joomla! Project\",\"copyright\":\"Copyright (C) 2005 - 2020 Open Source Matters. All rights reserved.\",\"authorEmail\":\"admin@joomla.org\",\"authorUrl\":\"www.joomla.org\",\"version\":\"3.0.0\",\"description\":\"PLG_P3P_XML_DESCRIPTION\",\"group\":\"\",\"filename\":\"p3p\"}', '{\"headers\":\"NOI ADM DEV PSAi COM NAV OUR OTRo STP IND DEM\"}', '', '', 0, '0000-00-00 00:00:00', 2, 0),
(424, 0, 'plg_system_cache', 'plugin', 'cache', 'system', 0, 0, 1, 1, '{\"name\":\"plg_system_cache\",\"type\":\"plugin\",\"creationDate\":\"February 2007\",\"author\":\"Joomla! Project\",\"copyright\":\"Copyright (C) 2005 - 2020 Open Source Matters. All rights reserved.\",\"authorEmail\":\"admin@joomla.org\",\"authorUrl\":\"www.joomla.org\",\"version\":\"3.0.0\",\"description\":\"PLG_CACHE_XML_DESCRIPTION\",\"group\":\"\",\"filename\":\"cache\"}', '{\"browsercache\":\"0\",\"cachetime\":\"15\"}', '', '', 0, '0000-00-00 00:00:00', 9, 0),
(425, 0, 'plg_system_debug', 'plugin', 'debug', 'system', 0, 1, 1, 0, '{\"name\":\"plg_system_debug\",\"type\":\"plugin\",\"creationDate\":\"December 2006\",\"author\":\"Joomla! Project\",\"copyright\":\"Copyright (C) 2005 - 2020 Open Source Matters. All rights reserved.\",\"authorEmail\":\"admin@joomla.org\",\"authorUrl\":\"www.joomla.org\",\"version\":\"3.0.0\",\"description\":\"PLG_DEBUG_XML_DESCRIPTION\",\"group\":\"\",\"filename\":\"debug\"}', '{\"profile\":\"1\",\"queries\":\"1\",\"memory\":\"1\",\"language_files\":\"1\",\"language_strings\":\"1\",\"strip-first\":\"1\",\"strip-prefix\":\"\",\"strip-suffix\":\"\"}', '', '', 0, '0000-00-00 00:00:00', 4, 0),
(426, 0, 'plg_system_log', 'plugin', 'log', 'system', 0, 1, 1, 1, '{\"name\":\"plg_system_log\",\"type\":\"plugin\",\"creationDate\":\"April 2007\",\"author\":\"Joomla! Project\",\"copyright\":\"Copyright (C) 2005 - 2020 Open Source Matters. All rights reserved.\",\"authorEmail\":\"admin@joomla.org\",\"authorUrl\":\"www.joomla.org\",\"version\":\"3.0.0\",\"description\":\"PLG_LOG_XML_DESCRIPTION\",\"group\":\"\",\"filename\":\"log\"}', '', '', '', 0, '0000-00-00 00:00:00', 5, 0),
(427, 0, 'plg_system_redirect', 'plugin', 'redirect', 'system', 0, 0, 1, 1, '{\"name\":\"plg_system_redirect\",\"type\":\"plugin\",\"creationDate\":\"April 2009\",\"author\":\"Joomla! Project\",\"copyright\":\"Copyright (C) 2005 - 2020 Open Source Matters. All rights reserved.\",\"authorEmail\":\"admin@joomla.org\",\"authorUrl\":\"www.joomla.org\",\"version\":\"3.0.0\",\"description\":\"PLG_SYSTEM_REDIRECT_XML_DESCRIPTION\",\"group\":\"\",\"filename\":\"redirect\"}', '', '', '', 0, '0000-00-00 00:00:00', 3, 0),
(428, 0, 'plg_system_remember', 'plugin', 'remember', 'system', 0, 1, 1, 1, '{\"name\":\"plg_system_remember\",\"type\":\"plugin\",\"creationDate\":\"April 2007\",\"author\":\"Joomla! Project\",\"copyright\":\"Copyright (C) 2005 - 2020 Open Source Matters. All rights reserved.\",\"authorEmail\":\"admin@joomla.org\",\"authorUrl\":\"www.joomla.org\",\"version\":\"3.0.0\",\"description\":\"PLG_REMEMBER_XML_DESCRIPTION\",\"group\":\"\",\"filename\":\"remember\"}', '', '', '', 0, '0000-00-00 00:00:00', 7, 0),
(429, 0, 'plg_system_sef', 'plugin', 'sef', 'system', 0, 1, 1, 0, '{\"name\":\"plg_system_sef\",\"type\":\"plugin\",\"creationDate\":\"December 2007\",\"author\":\"Joomla! Project\",\"copyright\":\"Copyright (C) 2005 - 2020 Open Source Matters. All rights reserved.\",\"authorEmail\":\"admin@joomla.org\",\"authorUrl\":\"www.joomla.org\",\"version\":\"3.0.0\",\"description\":\"PLG_SEF_XML_DESCRIPTION\",\"group\":\"\",\"filename\":\"sef\"}', '', '', '', 0, '0000-00-00 00:00:00', 8, 0),
(430, 0, 'plg_system_logout', 'plugin', 'logout', 'system', 0, 1, 1, 1, '{\"name\":\"plg_system_logout\",\"type\":\"plugin\",\"creationDate\":\"April 2009\",\"author\":\"Joomla! Project\",\"copyright\":\"Copyright (C) 2005 - 2020 Open Source Matters. All rights reserved.\",\"authorEmail\":\"admin@joomla.org\",\"authorUrl\":\"www.joomla.org\",\"version\":\"3.0.0\",\"description\":\"PLG_SYSTEM_LOGOUT_XML_DESCRIPTION\",\"group\":\"\",\"filename\":\"logout\"}', '', '', '', 0, '0000-00-00 00:00:00', 6, 0),
(431, 0, 'plg_user_contactcreator', 'plugin', 'contactcreator', 'user', 0, 0, 1, 0, '{\"name\":\"plg_user_contactcreator\",\"type\":\"plugin\",\"creationDate\":\"August 2009\",\"author\":\"Joomla! Project\",\"copyright\":\"(C) 2005 - 2020 Open Source Matters. All rights reserved.\",\"authorEmail\":\"admin@joomla.org\",\"authorUrl\":\"www.joomla.org\",\"version\":\"3.0.0\",\"description\":\"PLG_CONTACTCREATOR_XML_DESCRIPTION\",\"group\":\"\",\"filename\":\"contactcreator\"}', '{\"autowebpage\":\"\",\"category\":\"4\",\"autopublish\":\"0\"}', '', '', 0, '0000-00-00 00:00:00', 1, 0),
(432, 0, 'plg_user_joomla', 'plugin', 'joomla', 'user', 0, 1, 1, 0, '{\"name\":\"plg_user_joomla\",\"type\":\"plugin\",\"creationDate\":\"December 2006\",\"author\":\"Joomla! Project\",\"copyright\":\"(C) 2005 - 2020 Open Source Matters. All rights reserved.\",\"authorEmail\":\"admin@joomla.org\",\"authorUrl\":\"www.joomla.org\",\"version\":\"3.0.0\",\"description\":\"PLG_USER_JOOMLA_XML_DESCRIPTION\",\"group\":\"\",\"filename\":\"joomla\"}', '{\"autoregister\":\"1\",\"mail_to_user\":\"1\",\"forceLogout\":\"1\"}', '', '', 0, '0000-00-00 00:00:00', 2, 0),
(433, 0, 'plg_user_profile', 'plugin', 'profile', 'user', 0, 0, 1, 0, '{\"name\":\"plg_user_profile\",\"type\":\"plugin\",\"creationDate\":\"January 2008\",\"author\":\"Joomla! Project\",\"copyright\":\"(C) 2005 - 2020 Open Source Matters. All rights reserved.\",\"authorEmail\":\"admin@joomla.org\",\"authorUrl\":\"www.joomla.org\",\"version\":\"3.0.0\",\"description\":\"PLG_USER_PROFILE_XML_DESCRIPTION\",\"group\":\"\",\"filename\":\"profile\"}', '{\"register-require_address1\":\"1\",\"register-require_address2\":\"1\",\"register-require_city\":\"1\",\"register-require_region\":\"1\",\"register-require_country\":\"1\",\"register-require_postal_code\":\"1\",\"register-require_phone\":\"1\",\"register-require_website\":\"1\",\"register-require_favoritebook\":\"1\",\"register-require_aboutme\":\"1\",\"register-require_tos\":\"1\",\"register-require_dob\":\"1\",\"profile-require_address1\":\"1\",\"profile-require_address2\":\"1\",\"profile-require_city\":\"1\",\"profile-require_region\":\"1\",\"profile-require_country\":\"1\",\"profile-require_postal_code\":\"1\",\"profile-require_phone\":\"1\",\"profile-require_website\":\"1\",\"profile-require_favoritebook\":\"1\",\"profile-require_aboutme\":\"1\",\"profile-require_tos\":\"1\",\"profile-require_dob\":\"1\"}', '', '', 0, '0000-00-00 00:00:00', 0, 0),
(434, 0, 'plg_extension_joomla', 'plugin', 'joomla', 'extension', 0, 1, 1, 1, '{\"name\":\"plg_extension_joomla\",\"type\":\"plugin\",\"creationDate\":\"May 2010\",\"author\":\"Joomla! Project\",\"copyright\":\"Copyright (C) 2005 - 2020 Open Source Matters. All rights reserved.\",\"authorEmail\":\"admin@joomla.org\",\"authorUrl\":\"www.joomla.org\",\"version\":\"3.0.0\",\"description\":\"PLG_EXTENSION_JOOMLA_XML_DESCRIPTION\",\"group\":\"\",\"filename\":\"joomla\"}', '', '', '', 0, '0000-00-00 00:00:00', 1, 0),
(435, 0, 'plg_content_joomla', 'plugin', 'joomla', 'content', 0, 1, 1, 0, '{\"name\":\"plg_content_joomla\",\"type\":\"plugin\",\"creationDate\":\"November 2010\",\"author\":\"Joomla! Project\",\"copyright\":\"Copyright (C) 2005 - 2020 Open Source Matters. All rights reserved.\",\"authorEmail\":\"admin@joomla.org\",\"authorUrl\":\"www.joomla.org\",\"version\":\"3.0.0\",\"description\":\"PLG_CONTENT_JOOMLA_XML_DESCRIPTION\",\"group\":\"\",\"filename\":\"joomla\"}', '', '', '', 0, '0000-00-00 00:00:00', 0, 0),
(436, 0, 'plg_system_languagecode', 'plugin', 'languagecode', 'system', 0, 0, 1, 0, '{\"name\":\"plg_system_languagecode\",\"type\":\"plugin\",\"creationDate\":\"November 2011\",\"author\":\"Joomla! Project\",\"copyright\":\"Copyright (C) 2005 - 2020 Open Source Matters. All rights reserved.\",\"authorEmail\":\"admin@joomla.org\",\"authorUrl\":\"www.joomla.org\",\"version\":\"3.0.0\",\"description\":\"PLG_SYSTEM_LANGUAGECODE_XML_DESCRIPTION\",\"group\":\"\",\"filename\":\"languagecode\"}', '', '', '', 0, '0000-00-00 00:00:00', 10, 0),
(437, 0, 'plg_quickicon_joomlaupdate', 'plugin', 'joomlaupdate', 'quickicon', 0, 1, 1, 1, '{\"name\":\"plg_quickicon_joomlaupdate\",\"type\":\"plugin\",\"creationDate\":\"August 2011\",\"author\":\"Joomla! Project\",\"copyright\":\"Copyright (C) 2005 - 2020 Open Source Matters. All rights reserved.\",\"authorEmail\":\"admin@joomla.org\",\"authorUrl\":\"www.joomla.org\",\"version\":\"3.0.0\",\"description\":\"PLG_QUICKICON_JOOMLAUPDATE_XML_DESCRIPTION\",\"group\":\"\",\"filename\":\"joomlaupdate\"}', '', '', '', 0, '0000-00-00 00:00:00', 0, 0),
(438, 0, 'plg_quickicon_extensionupdate', 'plugin', 'extensionupdate', 'quickicon', 0, 1, 1, 1, '{\"name\":\"plg_quickicon_extensionupdate\",\"type\":\"plugin\",\"creationDate\":\"August 2011\",\"author\":\"Joomla! Project\",\"copyright\":\"Copyright (C) 2005 - 2020 Open Source Matters. All rights reserved.\",\"authorEmail\":\"admin@joomla.org\",\"authorUrl\":\"www.joomla.org\",\"version\":\"3.0.0\",\"description\":\"PLG_QUICKICON_EXTENSIONUPDATE_XML_DESCRIPTION\",\"group\":\"\",\"filename\":\"extensionupdate\"}', '', '', '', 0, '0000-00-00 00:00:00', 0, 0),
(439, 0, 'plg_captcha_recaptcha', 'plugin', 'recaptcha', 'captcha', 0, 0, 1, 0, '{\"name\":\"plg_captcha_recaptcha\",\"type\":\"plugin\",\"creationDate\":\"December 2011\",\"author\":\"Joomla! Project\",\"copyright\":\"Copyright (C) 2005 - 2020 Open Source Matters. All rights reserved.\",\"authorEmail\":\"admin@joomla.org\",\"authorUrl\":\"www.joomla.org\",\"version\":\"3.4.0\",\"description\":\"PLG_CAPTCHA_RECAPTCHA_XML_DESCRIPTION\",\"group\":\"\",\"filename\":\"recaptcha\"}', '{\"public_key\":\"\",\"private_key\":\"\",\"theme\":\"clean\"}', '', '', 0, '0000-00-00 00:00:00', 0, 0),
(440, 0, 'plg_system_highlight', 'plugin', 'highlight', 'system', 0, 1, 1, 0, '{\"name\":\"plg_system_highlight\",\"type\":\"plugin\",\"creationDate\":\"August 2011\",\"author\":\"Joomla! Project\",\"copyright\":\"(C) 2005 - 2020 Open Source Matters. All rights reserved.\",\"authorEmail\":\"admin@joomla.org\",\"authorUrl\":\"www.joomla.org\",\"version\":\"3.0.0\",\"description\":\"PLG_SYSTEM_HIGHLIGHT_XML_DESCRIPTION\",\"group\":\"\",\"filename\":\"highlight\"}', '', '', '', 0, '0000-00-00 00:00:00', 7, 0),
(441, 0, 'plg_content_finder', 'plugin', 'finder', 'content', 0, 0, 1, 0, '{\"name\":\"plg_content_finder\",\"type\":\"plugin\",\"creationDate\":\"December 2011\",\"author\":\"Joomla! Project\",\"copyright\":\"Copyright (C) 2005 - 2020 Open Source Matters. All rights reserved.\",\"authorEmail\":\"admin@joomla.org\",\"authorUrl\":\"www.joomla.org\",\"version\":\"3.0.0\",\"description\":\"PLG_CONTENT_FINDER_XML_DESCRIPTION\",\"group\":\"\",\"filename\":\"finder\"}', '', '', '', 0, '0000-00-00 00:00:00', 0, 0),
(442, 0, 'plg_finder_categories', 'plugin', 'categories', 'finder', 0, 1, 1, 0, '{\"name\":\"plg_finder_categories\",\"type\":\"plugin\",\"creationDate\":\"August 2011\",\"author\":\"Joomla! Project\",\"copyright\":\"(C) 2005 - 2020 Open Source Matters. All rights reserved.\",\"authorEmail\":\"admin@joomla.org\",\"authorUrl\":\"www.joomla.org\",\"version\":\"3.0.0\",\"description\":\"PLG_FINDER_CATEGORIES_XML_DESCRIPTION\",\"group\":\"\",\"filename\":\"categories\"}', '', '', '', 0, '0000-00-00 00:00:00', 1, 0),
(443, 0, 'plg_finder_contacts', 'plugin', 'contacts', 'finder', 0, 1, 1, 0, '{\"name\":\"plg_finder_contacts\",\"type\":\"plugin\",\"creationDate\":\"August 2011\",\"author\":\"Joomla! Project\",\"copyright\":\"(C) 2005 - 2020 Open Source Matters. All rights reserved.\",\"authorEmail\":\"admin@joomla.org\",\"authorUrl\":\"www.joomla.org\",\"version\":\"3.0.0\",\"description\":\"PLG_FINDER_CONTACTS_XML_DESCRIPTION\",\"group\":\"\",\"filename\":\"contacts\"}', '', '', '', 0, '0000-00-00 00:00:00', 2, 0),
(444, 0, 'plg_finder_content', 'plugin', 'content', 'finder', 0, 1, 1, 0, '{\"name\":\"plg_finder_content\",\"type\":\"plugin\",\"creationDate\":\"August 2011\",\"author\":\"Joomla! Project\",\"copyright\":\"(C) 2005 - 2020 Open Source Matters. All rights reserved.\",\"authorEmail\":\"admin@joomla.org\",\"authorUrl\":\"www.joomla.org\",\"version\":\"3.0.0\",\"description\":\"PLG_FINDER_CONTENT_XML_DESCRIPTION\",\"group\":\"\",\"filename\":\"content\"}', '', '', '', 0, '0000-00-00 00:00:00', 3, 0),
(445, 0, 'plg_finder_newsfeeds', 'plugin', 'newsfeeds', 'finder', 0, 1, 1, 0, '{\"name\":\"plg_finder_newsfeeds\",\"type\":\"plugin\",\"creationDate\":\"August 2011\",\"author\":\"Joomla! Project\",\"copyright\":\"(C) 2005 - 2020 Open Source Matters. All rights reserved.\",\"authorEmail\":\"admin@joomla.org\",\"authorUrl\":\"www.joomla.org\",\"version\":\"3.0.0\",\"description\":\"PLG_FINDER_NEWSFEEDS_XML_DESCRIPTION\",\"group\":\"\",\"filename\":\"newsfeeds\"}', '', '', '', 0, '0000-00-00 00:00:00', 4, 0),
(447, 0, 'plg_finder_tags', 'plugin', 'tags', 'finder', 0, 1, 1, 0, '{\"name\":\"plg_finder_tags\",\"type\":\"plugin\",\"creationDate\":\"February 2013\",\"author\":\"Joomla! Project\",\"copyright\":\"(C) 2005 - 2020 Open Source Matters. All rights reserved.\",\"authorEmail\":\"admin@joomla.org\",\"authorUrl\":\"www.joomla.org\",\"version\":\"3.0.0\",\"description\":\"PLG_FINDER_TAGS_XML_DESCRIPTION\",\"group\":\"\",\"filename\":\"tags\"}', '', '', '', 0, '0000-00-00 00:00:00', 0, 0),
(448, 0, 'plg_twofactorauth_totp', 'plugin', 'totp', 'twofactorauth', 0, 0, 1, 0, '{\"name\":\"plg_twofactorauth_totp\",\"type\":\"plugin\",\"creationDate\":\"August 2013\",\"author\":\"Joomla! Project\",\"copyright\":\"Copyright (C) 2005 - 2020 Open Source Matters. All rights reserved.\",\"authorEmail\":\"admin@joomla.org\",\"authorUrl\":\"www.joomla.org\",\"version\":\"3.2.0\",\"description\":\"PLG_TWOFACTORAUTH_TOTP_XML_DESCRIPTION\",\"group\":\"\",\"filename\":\"totp\"}', '', '', '', 0, '0000-00-00 00:00:00', 0, 0),
(449, 0, 'plg_authentication_cookie', 'plugin', 'cookie', 'authentication', 0, 1, 1, 0, '{\"name\":\"plg_authentication_cookie\",\"type\":\"plugin\",\"creationDate\":\"July 2013\",\"author\":\"Joomla! Project\",\"copyright\":\"Copyright (C) 2005 - 2020 Open Source Matters. All rights reserved.\",\"authorEmail\":\"admin@joomla.org\",\"authorUrl\":\"www.joomla.org\",\"version\":\"3.0.0\",\"description\":\"PLG_AUTH_COOKIE_XML_DESCRIPTION\",\"group\":\"\",\"filename\":\"cookie\"}', '', '', '', 0, '0000-00-00 00:00:00', 0, 0),
(450, 0, 'plg_twofactorauth_yubikey', 'plugin', 'yubikey', 'twofactorauth', 0, 0, 1, 0, '{\"name\":\"plg_twofactorauth_yubikey\",\"type\":\"plugin\",\"creationDate\":\"September 2013\",\"author\":\"Joomla! Project\",\"copyright\":\"Copyright (C) 2005 - 2020 Open Source Matters. All rights reserved.\",\"authorEmail\":\"admin@joomla.org\",\"authorUrl\":\"www.joomla.org\",\"version\":\"3.2.0\",\"description\":\"PLG_TWOFACTORAUTH_YUBIKEY_XML_DESCRIPTION\",\"group\":\"\",\"filename\":\"yubikey\"}', '', '', '', 0, '0000-00-00 00:00:00', 0, 0),
(451, 0, 'plg_search_tags', 'plugin', 'tags', 'search', 0, 1, 1, 0, '{\"name\":\"plg_search_tags\",\"type\":\"plugin\",\"creationDate\":\"March 2014\",\"author\":\"Joomla! Project\",\"copyright\":\"Copyright (C) 2005 - 2020 Open Source Matters. All rights reserved.\",\"authorEmail\":\"admin@joomla.org\",\"authorUrl\":\"www.joomla.org\",\"version\":\"3.0.0\",\"description\":\"PLG_SEARCH_TAGS_XML_DESCRIPTION\",\"group\":\"\",\"filename\":\"tags\"}', '{\"search_limit\":\"50\",\"show_tagged_items\":\"1\"}', '', '', 0, '0000-00-00 00:00:00', 0, 0),
(452, 0, 'plg_system_updatenotification', 'plugin', 'updatenotification', 'system', 0, 1, 1, 0, '{\"name\":\"plg_system_updatenotification\",\"type\":\"plugin\",\"creationDate\":\"May 2015\",\"author\":\"Joomla! Project\",\"copyright\":\"Copyright (C) 2005 - 2020 Open Source Matters. All rights reserved.\",\"authorEmail\":\"admin@joomla.org\",\"authorUrl\":\"www.joomla.org\",\"version\":\"3.5.0\",\"description\":\"PLG_SYSTEM_UPDATENOTIFICATION_XML_DESCRIPTION\",\"group\":\"\",\"filename\":\"updatenotification\"}', '{\"lastrun\":1618813110}', '', '', 0, '0000-00-00 00:00:00', 0, 0),
(453, 0, 'plg_editors-xtd_module', 'plugin', 'module', 'editors-xtd', 0, 1, 1, 0, '{\"name\":\"plg_editors-xtd_module\",\"type\":\"plugin\",\"creationDate\":\"October 2015\",\"author\":\"Joomla! Project\",\"copyright\":\"Copyright (C) 2005 - 2020 Open Source Matters. All rights reserved.\",\"authorEmail\":\"admin@joomla.org\",\"authorUrl\":\"www.joomla.org\",\"version\":\"3.5.0\",\"description\":\"PLG_MODULE_XML_DESCRIPTION\",\"group\":\"\",\"filename\":\"module\"}', '', '', '', 0, '0000-00-00 00:00:00', 0, 0),
(454, 0, 'plg_system_stats', 'plugin', 'stats', 'system', 0, 1, 1, 0, '{\"name\":\"plg_system_stats\",\"type\":\"plugin\",\"creationDate\":\"November 2013\",\"author\":\"Joomla! Project\",\"copyright\":\"Copyright (C) 2005 - 2020 Open Source Matters. All rights reserved.\",\"authorEmail\":\"admin@joomla.org\",\"authorUrl\":\"www.joomla.org\",\"version\":\"3.5.0\",\"description\":\"PLG_SYSTEM_STATS_XML_DESCRIPTION\",\"group\":\"\",\"filename\":\"stats\"}', '{\"mode\":3,\"lastrun\":\"\",\"unique_id\":\"1dbb665e683214786e1d93a656a320d0d6aca069\",\"interval\":12}', '', '', 0, '0000-00-00 00:00:00', 0, 0),
(455, 0, 'plg_installer_packageinstaller', 'plugin', 'packageinstaller', 'installer', 0, 1, 1, 1, '{\"name\":\"plg_installer_packageinstaller\",\"type\":\"plugin\",\"creationDate\":\"May 2016\",\"author\":\"Joomla! Project\",\"copyright\":\"Copyright (C) 2005 - 2020 Open Source Matters. All rights reserved.\",\"authorEmail\":\"admin@joomla.org\",\"authorUrl\":\"www.joomla.org\",\"version\":\"3.6.0\",\"description\":\"PLG_INSTALLER_PACKAGEINSTALLER_PLUGIN_XML_DESCRIPTION\",\"group\":\"\",\"filename\":\"packageinstaller\"}', '', '', '', 0, '0000-00-00 00:00:00', 1, 0),
(456, 0, 'PLG_INSTALLER_FOLDERINSTALLER', 'plugin', 'folderinstaller', 'installer', 0, 1, 1, 1, '{\"name\":\"PLG_INSTALLER_FOLDERINSTALLER\",\"type\":\"plugin\",\"creationDate\":\"May 2016\",\"author\":\"Joomla! Project\",\"copyright\":\"Copyright (C) 2005 - 2020 Open Source Matters. All rights reserved.\",\"authorEmail\":\"admin@joomla.org\",\"authorUrl\":\"www.joomla.org\",\"version\":\"3.6.0\",\"description\":\"PLG_INSTALLER_FOLDERINSTALLER_PLUGIN_XML_DESCRIPTION\",\"group\":\"\",\"filename\":\"folderinstaller\"}', '', '', '', 0, '0000-00-00 00:00:00', 2, 0),
(457, 0, 'PLG_INSTALLER_URLINSTALLER', 'plugin', 'urlinstaller', 'installer', 0, 1, 1, 1, '{\"name\":\"PLG_INSTALLER_URLINSTALLER\",\"type\":\"plugin\",\"creationDate\":\"May 2016\",\"author\":\"Joomla! Project\",\"copyright\":\"Copyright (C) 2005 - 2020 Open Source Matters. All rights reserved.\",\"authorEmail\":\"admin@joomla.org\",\"authorUrl\":\"www.joomla.org\",\"version\":\"3.6.0\",\"description\":\"PLG_INSTALLER_URLINSTALLER_PLUGIN_XML_DESCRIPTION\",\"group\":\"\",\"filename\":\"urlinstaller\"}', '', '', '', 0, '0000-00-00 00:00:00', 3, 0),
(458, 0, 'plg_quickicon_phpversioncheck', 'plugin', 'phpversioncheck', 'quickicon', 0, 1, 1, 1, '{\"name\":\"plg_quickicon_phpversioncheck\",\"type\":\"plugin\",\"creationDate\":\"August 2016\",\"author\":\"Joomla! Project\",\"copyright\":\"Copyright (C) 2005 - 2020 Open Source Matters. All rights reserved.\",\"authorEmail\":\"admin@joomla.org\",\"authorUrl\":\"www.joomla.org\",\"version\":\"3.7.0\",\"description\":\"PLG_QUICKICON_PHPVERSIONCHECK_XML_DESCRIPTION\",\"group\":\"\",\"filename\":\"phpversioncheck\"}', '', '', '', 0, '0000-00-00 00:00:00', 0, 0),
(459, 0, 'plg_editors-xtd_menu', 'plugin', 'menu', 'editors-xtd', 0, 1, 1, 0, '{\"name\":\"plg_editors-xtd_menu\",\"type\":\"plugin\",\"creationDate\":\"August 2016\",\"author\":\"Joomla! Project\",\"copyright\":\"Copyright (C) 2005 - 2020 Open Source Matters. All rights reserved.\",\"authorEmail\":\"admin@joomla.org\",\"authorUrl\":\"www.joomla.org\",\"version\":\"3.7.0\",\"description\":\"PLG_EDITORS-XTD_MENU_XML_DESCRIPTION\",\"group\":\"\",\"filename\":\"menu\"}', '', '', '', 0, '0000-00-00 00:00:00', 0, 0),
(460, 0, 'plg_editors-xtd_contact', 'plugin', 'contact', 'editors-xtd', 0, 1, 1, 0, '{\"name\":\"plg_editors-xtd_contact\",\"type\":\"plugin\",\"creationDate\":\"October 2016\",\"author\":\"Joomla! Project\",\"copyright\":\"Copyright (C) 2005 - 2020 Open Source Matters. All rights reserved.\",\"authorEmail\":\"admin@joomla.org\",\"authorUrl\":\"www.joomla.org\",\"version\":\"3.7.0\",\"description\":\"PLG_EDITORS-XTD_CONTACT_XML_DESCRIPTION\",\"group\":\"\",\"filename\":\"contact\"}', '', '', '', 0, '0000-00-00 00:00:00', 0, 0),
(461, 0, 'plg_system_fields', 'plugin', 'fields', 'system', 0, 1, 1, 0, '{\"name\":\"plg_system_fields\",\"type\":\"plugin\",\"creationDate\":\"March 2016\",\"author\":\"Joomla! Project\",\"copyright\":\"Copyright (C) 2005 - 2020 Open Source Matters. All rights reserved.\",\"authorEmail\":\"admin@joomla.org\",\"authorUrl\":\"www.joomla.org\",\"version\":\"3.7.0\",\"description\":\"PLG_SYSTEM_FIELDS_XML_DESCRIPTION\",\"group\":\"\",\"filename\":\"fields\"}', '', '', '', 0, '0000-00-00 00:00:00', 0, 0),
(462, 0, 'plg_fields_calendar', 'plugin', 'calendar', 'fields', 0, 1, 1, 0, '{\"name\":\"plg_fields_calendar\",\"type\":\"plugin\",\"creationDate\":\"March 2016\",\"author\":\"Joomla! Project\",\"copyright\":\"Copyright (C) 2005 - 2020 Open Source Matters. All rights reserved.\",\"authorEmail\":\"admin@joomla.org\",\"authorUrl\":\"www.joomla.org\",\"version\":\"3.7.0\",\"description\":\"PLG_FIELDS_CALENDAR_XML_DESCRIPTION\",\"group\":\"\",\"filename\":\"calendar\"}', '', '', '', 0, '0000-00-00 00:00:00', 0, 0),
(463, 0, 'plg_fields_checkboxes', 'plugin', 'checkboxes', 'fields', 0, 1, 1, 0, '{\"name\":\"plg_fields_checkboxes\",\"type\":\"plugin\",\"creationDate\":\"March 2016\",\"author\":\"Joomla! Project\",\"copyright\":\"Copyright (C) 2005 - 2020 Open Source Matters. All rights reserved.\",\"authorEmail\":\"admin@joomla.org\",\"authorUrl\":\"www.joomla.org\",\"version\":\"3.7.0\",\"description\":\"PLG_FIELDS_CHECKBOXES_XML_DESCRIPTION\",\"group\":\"\",\"filename\":\"checkboxes\"}', '', '', '', 0, '0000-00-00 00:00:00', 0, 0),
(464, 0, 'plg_fields_color', 'plugin', 'color', 'fields', 0, 1, 1, 0, '{\"name\":\"plg_fields_color\",\"type\":\"plugin\",\"creationDate\":\"March 2016\",\"author\":\"Joomla! Project\",\"copyright\":\"Copyright (C) 2005 - 2020 Open Source Matters. All rights reserved.\",\"authorEmail\":\"admin@joomla.org\",\"authorUrl\":\"www.joomla.org\",\"version\":\"3.7.0\",\"description\":\"PLG_FIELDS_COLOR_XML_DESCRIPTION\",\"group\":\"\",\"filename\":\"color\"}', '', '', '', 0, '0000-00-00 00:00:00', 0, 0),
(465, 0, 'plg_fields_editor', 'plugin', 'editor', 'fields', 0, 1, 1, 0, '{\"name\":\"plg_fields_editor\",\"type\":\"plugin\",\"creationDate\":\"March 2016\",\"author\":\"Joomla! Project\",\"copyright\":\"Copyright (C) 2005 - 2020 Open Source Matters. All rights reserved.\",\"authorEmail\":\"admin@joomla.org\",\"authorUrl\":\"www.joomla.org\",\"version\":\"3.7.0\",\"description\":\"PLG_FIELDS_EDITOR_XML_DESCRIPTION\",\"group\":\"\",\"filename\":\"editor\"}', '', '', '', 0, '0000-00-00 00:00:00', 0, 0),
(466, 0, 'plg_fields_imagelist', 'plugin', 'imagelist', 'fields', 0, 1, 1, 0, '{\"name\":\"plg_fields_imagelist\",\"type\":\"plugin\",\"creationDate\":\"March 2016\",\"author\":\"Joomla! Project\",\"copyright\":\"Copyright (C) 2005 - 2020 Open Source Matters. All rights reserved.\",\"authorEmail\":\"admin@joomla.org\",\"authorUrl\":\"www.joomla.org\",\"version\":\"3.7.0\",\"description\":\"PLG_FIELDS_IMAGELIST_XML_DESCRIPTION\",\"group\":\"\",\"filename\":\"imagelist\"}', '', '', '', 0, '0000-00-00 00:00:00', 0, 0),
(467, 0, 'plg_fields_integer', 'plugin', 'integer', 'fields', 0, 1, 1, 0, '{\"name\":\"plg_fields_integer\",\"type\":\"plugin\",\"creationDate\":\"March 2016\",\"author\":\"Joomla! Project\",\"copyright\":\"Copyright (C) 2005 - 2020 Open Source Matters. All rights reserved.\",\"authorEmail\":\"admin@joomla.org\",\"authorUrl\":\"www.joomla.org\",\"version\":\"3.7.0\",\"description\":\"PLG_FIELDS_INTEGER_XML_DESCRIPTION\",\"group\":\"\",\"filename\":\"integer\"}', '{\"multiple\":\"0\",\"first\":\"1\",\"last\":\"100\",\"step\":\"1\"}', '', '', 0, '0000-00-00 00:00:00', 0, 0),
(468, 0, 'plg_fields_list', 'plugin', 'list', 'fields', 0, 1, 1, 0, '{\"name\":\"plg_fields_list\",\"type\":\"plugin\",\"creationDate\":\"March 2016\",\"author\":\"Joomla! Project\",\"copyright\":\"Copyright (C) 2005 - 2020 Open Source Matters. All rights reserved.\",\"authorEmail\":\"admin@joomla.org\",\"authorUrl\":\"www.joomla.org\",\"version\":\"3.7.0\",\"description\":\"PLG_FIELDS_LIST_XML_DESCRIPTION\",\"group\":\"\",\"filename\":\"list\"}', '', '', '', 0, '0000-00-00 00:00:00', 0, 0),
(469, 0, 'plg_fields_media', 'plugin', 'media', 'fields', 0, 1, 1, 0, '{\"name\":\"plg_fields_media\",\"type\":\"plugin\",\"creationDate\":\"March 2016\",\"author\":\"Joomla! Project\",\"copyright\":\"Copyright (C) 2005 - 2020 Open Source Matters. All rights reserved.\",\"authorEmail\":\"admin@joomla.org\",\"authorUrl\":\"www.joomla.org\",\"version\":\"3.7.0\",\"description\":\"PLG_FIELDS_MEDIA_XML_DESCRIPTION\",\"group\":\"\",\"filename\":\"media\"}', '', '', '', 0, '0000-00-00 00:00:00', 0, 0),
(470, 0, 'plg_fields_radio', 'plugin', 'radio', 'fields', 0, 1, 1, 0, '{\"name\":\"plg_fields_radio\",\"type\":\"plugin\",\"creationDate\":\"March 2016\",\"author\":\"Joomla! Project\",\"copyright\":\"Copyright (C) 2005 - 2020 Open Source Matters. All rights reserved.\",\"authorEmail\":\"admin@joomla.org\",\"authorUrl\":\"www.joomla.org\",\"version\":\"3.7.0\",\"description\":\"PLG_FIELDS_RADIO_XML_DESCRIPTION\",\"group\":\"\",\"filename\":\"radio\"}', '', '', '', 0, '0000-00-00 00:00:00', 0, 0),
(471, 0, 'plg_fields_sql', 'plugin', 'sql', 'fields', 0, 1, 1, 0, '{\"name\":\"plg_fields_sql\",\"type\":\"plugin\",\"creationDate\":\"March 2016\",\"author\":\"Joomla! Project\",\"copyright\":\"Copyright (C) 2005 - 2020 Open Source Matters. All rights reserved.\",\"authorEmail\":\"admin@joomla.org\",\"authorUrl\":\"www.joomla.org\",\"version\":\"3.7.0\",\"description\":\"PLG_FIELDS_SQL_XML_DESCRIPTION\",\"group\":\"\",\"filename\":\"sql\"}', '', '', '', 0, '0000-00-00 00:00:00', 0, 0),
(472, 0, 'plg_fields_text', 'plugin', 'text', 'fields', 0, 1, 1, 0, '{\"name\":\"plg_fields_text\",\"type\":\"plugin\",\"creationDate\":\"March 2016\",\"author\":\"Joomla! Project\",\"copyright\":\"Copyright (C) 2005 - 2020 Open Source Matters. All rights reserved.\",\"authorEmail\":\"admin@joomla.org\",\"authorUrl\":\"www.joomla.org\",\"version\":\"3.7.0\",\"description\":\"PLG_FIELDS_TEXT_XML_DESCRIPTION\",\"group\":\"\",\"filename\":\"text\"}', '', '', '', 0, '0000-00-00 00:00:00', 0, 0),
(473, 0, 'plg_fields_textarea', 'plugin', 'textarea', 'fields', 0, 1, 1, 0, '{\"name\":\"plg_fields_textarea\",\"type\":\"plugin\",\"creationDate\":\"March 2016\",\"author\":\"Joomla! Project\",\"copyright\":\"Copyright (C) 2005 - 2020 Open Source Matters. All rights reserved.\",\"authorEmail\":\"admin@joomla.org\",\"authorUrl\":\"www.joomla.org\",\"version\":\"3.7.0\",\"description\":\"PLG_FIELDS_TEXTAREA_XML_DESCRIPTION\",\"group\":\"\",\"filename\":\"textarea\"}', '', '', '', 0, '0000-00-00 00:00:00', 0, 0),
(474, 0, 'plg_fields_url', 'plugin', 'url', 'fields', 0, 1, 1, 0, '{\"name\":\"plg_fields_url\",\"type\":\"plugin\",\"creationDate\":\"March 2016\",\"author\":\"Joomla! Project\",\"copyright\":\"Copyright (C) 2005 - 2020 Open Source Matters. All rights reserved.\",\"authorEmail\":\"admin@joomla.org\",\"authorUrl\":\"www.joomla.org\",\"version\":\"3.7.0\",\"description\":\"PLG_FIELDS_URL_XML_DESCRIPTION\",\"group\":\"\",\"filename\":\"url\"}', '', '', '', 0, '0000-00-00 00:00:00', 0, 0),
(475, 0, 'plg_fields_user', 'plugin', 'user', 'fields', 0, 1, 1, 0, '{\"name\":\"plg_fields_user\",\"type\":\"plugin\",\"creationDate\":\"March 2016\",\"author\":\"Joomla! Project\",\"copyright\":\"Copyright (C) 2005 - 2020 Open Source Matters. All rights reserved.\",\"authorEmail\":\"admin@joomla.org\",\"authorUrl\":\"www.joomla.org\",\"version\":\"3.7.0\",\"description\":\"PLG_FIELDS_USER_XML_DESCRIPTION\",\"group\":\"\",\"filename\":\"user\"}', '', '', '', 0, '0000-00-00 00:00:00', 0, 0),
(476, 0, 'plg_fields_usergrouplist', 'plugin', 'usergrouplist', 'fields', 0, 1, 1, 0, '{\"name\":\"plg_fields_usergrouplist\",\"type\":\"plugin\",\"creationDate\":\"March 2016\",\"author\":\"Joomla! Project\",\"copyright\":\"Copyright (C) 2005 - 2020 Open Source Matters. All rights reserved.\",\"authorEmail\":\"admin@joomla.org\",\"authorUrl\":\"www.joomla.org\",\"version\":\"3.7.0\",\"description\":\"PLG_FIELDS_USERGROUPLIST_XML_DESCRIPTION\",\"group\":\"\",\"filename\":\"usergrouplist\"}', '', '', '', 0, '0000-00-00 00:00:00', 0, 0),
(477, 0, 'plg_content_fields', 'plugin', 'fields', 'content', 0, 1, 1, 0, '{\"name\":\"plg_content_fields\",\"type\":\"plugin\",\"creationDate\":\"February 2017\",\"author\":\"Joomla! Project\",\"copyright\":\"Copyright (C) 2005 - 2020 Open Source Matters. All rights reserved.\",\"authorEmail\":\"admin@joomla.org\",\"authorUrl\":\"www.joomla.org\",\"version\":\"3.7.0\",\"description\":\"PLG_CONTENT_FIELDS_XML_DESCRIPTION\",\"group\":\"\",\"filename\":\"fields\"}', '', '', '', 0, '0000-00-00 00:00:00', 0, 0),
(478, 0, 'plg_editors-xtd_fields', 'plugin', 'fields', 'editors-xtd', 0, 1, 1, 0, '{\"name\":\"plg_editors-xtd_fields\",\"type\":\"plugin\",\"creationDate\":\"February 2017\",\"author\":\"Joomla! Project\",\"copyright\":\"Copyright (C) 2005 - 2020 Open Source Matters. All rights reserved.\",\"authorEmail\":\"admin@joomla.org\",\"authorUrl\":\"www.joomla.org\",\"version\":\"3.7.0\",\"description\":\"PLG_EDITORS-XTD_FIELDS_XML_DESCRIPTION\",\"group\":\"\",\"filename\":\"fields\"}', '', '', '', 0, '0000-00-00 00:00:00', 0, 0),
(479, 0, 'plg_sampledata_blog', 'plugin', 'blog', 'sampledata', 0, 1, 1, 0, '{\"name\":\"plg_sampledata_blog\",\"type\":\"plugin\",\"creationDate\":\"July 2017\",\"author\":\"Joomla! Project\",\"copyright\":\"Copyright (C) 2005 - 2020 Open Source Matters. All rights reserved.\",\"authorEmail\":\"admin@joomla.org\",\"authorUrl\":\"www.joomla.org\",\"version\":\"3.8.0\",\"description\":\"PLG_SAMPLEDATA_BLOG_XML_DESCRIPTION\",\"group\":\"\",\"filename\":\"blog\"}', '', '', '', 0, '0000-00-00 00:00:00', 0, 0),
(480, 0, 'plg_system_sessiongc', 'plugin', 'sessiongc', 'system', 0, 1, 1, 0, '{\"name\":\"plg_system_sessiongc\",\"type\":\"plugin\",\"creationDate\":\"February 2018\",\"author\":\"Joomla! Project\",\"copyright\":\"Copyright (C) 2005 - 2020 Open Source Matters. All rights reserved.\",\"authorEmail\":\"admin@joomla.org\",\"authorUrl\":\"www.joomla.org\",\"version\":\"3.8.6\",\"description\":\"PLG_SYSTEM_SESSIONGC_XML_DESCRIPTION\",\"group\":\"\",\"filename\":\"sessiongc\"}', '', '', '', 0, '0000-00-00 00:00:00', 0, 0),
(481, 0, 'plg_fields_repeatable', 'plugin', 'repeatable', 'fields', 0, 1, 1, 0, '{\"name\":\"plg_fields_repeatable\",\"type\":\"plugin\",\"creationDate\":\"April 2018\",\"author\":\"Joomla! Project\",\"copyright\":\"Copyright (C) 2005 - 2020 Open Source Matters. All rights reserved.\",\"authorEmail\":\"admin@joomla.org\",\"authorUrl\":\"www.joomla.org\",\"version\":\"3.9.0\",\"description\":\"PLG_FIELDS_REPEATABLE_XML_DESCRIPTION\",\"group\":\"\",\"filename\":\"repeatable\"}', '', '', '', 0, '0000-00-00 00:00:00', 0, 0),
(482, 0, 'plg_content_confirmconsent', 'plugin', 'confirmconsent', 'content', 0, 0, 1, 0, '{\"name\":\"plg_content_confirmconsent\",\"type\":\"plugin\",\"creationDate\":\"May 2018\",\"author\":\"Joomla! Project\",\"copyright\":\"Copyright (C) 2005 - 2020 Open Source Matters. All rights reserved.\",\"authorEmail\":\"admin@joomla.org\",\"authorUrl\":\"www.joomla.org\",\"version\":\"3.9.0\",\"description\":\"PLG_CONTENT_CONFIRMCONSENT_XML_DESCRIPTION\",\"group\":\"\",\"filename\":\"confirmconsent\"}', '{}', '', '', 0, '0000-00-00 00:00:00', 0, 0),
(483, 0, 'PLG_SYSTEM_ACTIONLOGS', 'plugin', 'actionlogs', 'system', 0, 1, 1, 0, '{\"name\":\"PLG_SYSTEM_ACTIONLOGS\",\"type\":\"plugin\",\"creationDate\":\"May 2018\",\"author\":\"Joomla! Project\",\"copyright\":\"Copyright (C) 2005 - 2020 Open Source Matters. All rights reserved.\",\"authorEmail\":\"admin@joomla.org\",\"authorUrl\":\"www.joomla.org\",\"version\":\"3.9.0\",\"description\":\"PLG_SYSTEM_ACTIONLOGS_XML_DESCRIPTION\",\"group\":\"\",\"filename\":\"actionlogs\"}', '{}', '', '', 0, '0000-00-00 00:00:00', 0, 0),
(484, 0, 'PLG_ACTIONLOG_JOOMLA', 'plugin', 'joomla', 'actionlog', 0, 1, 1, 0, '{\"name\":\"PLG_ACTIONLOG_JOOMLA\",\"type\":\"plugin\",\"creationDate\":\"May 2018\",\"author\":\"Joomla! Project\",\"copyright\":\"Copyright (C) 2005 - 2020 Open Source Matters. All rights reserved.\",\"authorEmail\":\"admin@joomla.org\",\"authorUrl\":\"www.joomla.org\",\"version\":\"3.9.0\",\"description\":\"PLG_ACTIONLOG_JOOMLA_XML_DESCRIPTION\",\"group\":\"\",\"filename\":\"joomla\"}', '{}', '', '', 0, '0000-00-00 00:00:00', 0, 0),
(485, 0, 'plg_system_privacyconsent', 'plugin', 'privacyconsent', 'system', 0, 0, 1, 0, '{\"name\":\"plg_system_privacyconsent\",\"type\":\"plugin\",\"creationDate\":\"April 2018\",\"author\":\"Joomla! Project\",\"copyright\":\"(C) 2005 - 2020 Open Source Matters. All rights reserved.\",\"authorEmail\":\"admin@joomla.org\",\"authorUrl\":\"www.joomla.org\",\"version\":\"3.9.0\",\"description\":\"PLG_SYSTEM_PRIVACYCONSENT_XML_DESCRIPTION\",\"group\":\"\",\"filename\":\"privacyconsent\"}', '{}', '', '', 0, '0000-00-00 00:00:00', 0, 0),
(486, 0, 'plg_system_logrotation', 'plugin', 'logrotation', 'system', 0, 1, 1, 0, '{\"name\":\"plg_system_logrotation\",\"type\":\"plugin\",\"creationDate\":\"May 2018\",\"author\":\"Joomla! Project\",\"copyright\":\"Copyright (C) 2005 - 2020 Open Source Matters. All rights reserved.\",\"authorEmail\":\"admin@joomla.org\",\"authorUrl\":\"www.joomla.org\",\"version\":\"3.9.0\",\"description\":\"PLG_SYSTEM_LOGROTATION_XML_DESCRIPTION\",\"group\":\"\",\"filename\":\"logrotation\"}', '{\"lastrun\":1618210034}', '', '', 0, '0000-00-00 00:00:00', 0, 0);
INSERT INTO `zzux2_extensions` (`extension_id`, `package_id`, `name`, `type`, `element`, `folder`, `client_id`, `enabled`, `access`, `protected`, `manifest_cache`, `params`, `custom_data`, `system_data`, `checked_out`, `checked_out_time`, `ordering`, `state`) VALUES
(487, 0, 'plg_privacy_user', 'plugin', 'user', 'privacy', 0, 1, 1, 0, '{\"name\":\"plg_privacy_user\",\"type\":\"plugin\",\"creationDate\":\"May 2018\",\"author\":\"Joomla! Project\",\"copyright\":\"(C) 2005 - 2020 Open Source Matters. All rights reserved.\",\"authorEmail\":\"admin@joomla.org\",\"authorUrl\":\"www.joomla.org\",\"version\":\"3.9.0\",\"description\":\"PLG_PRIVACY_USER_XML_DESCRIPTION\",\"group\":\"\",\"filename\":\"user\"}', '{}', '', '', 0, '0000-00-00 00:00:00', 0, 0),
(488, 0, 'plg_quickicon_privacycheck', 'plugin', 'privacycheck', 'quickicon', 0, 1, 1, 0, '{\"name\":\"plg_quickicon_privacycheck\",\"type\":\"plugin\",\"creationDate\":\"June 2018\",\"author\":\"Joomla! Project\",\"copyright\":\"Copyright (C) 2005 - 2020 Open Source Matters. All rights reserved.\",\"authorEmail\":\"admin@joomla.org\",\"authorUrl\":\"www.joomla.org\",\"version\":\"3.9.0\",\"description\":\"PLG_QUICKICON_PRIVACYCHECK_XML_DESCRIPTION\",\"group\":\"\",\"filename\":\"privacycheck\"}', '{}', '', '', 0, '0000-00-00 00:00:00', 0, 0),
(489, 0, 'plg_user_terms', 'plugin', 'terms', 'user', 0, 0, 1, 0, '{\"name\":\"plg_user_terms\",\"type\":\"plugin\",\"creationDate\":\"June 2018\",\"author\":\"Joomla! Project\",\"copyright\":\"(C) 2005 - 2020 Open Source Matters. All rights reserved.\",\"authorEmail\":\"admin@joomla.org\",\"authorUrl\":\"www.joomla.org\",\"version\":\"3.9.0\",\"description\":\"PLG_USER_TERMS_XML_DESCRIPTION\",\"group\":\"\",\"filename\":\"terms\"}', '{}', '', '', 0, '0000-00-00 00:00:00', 0, 0),
(490, 0, 'plg_privacy_contact', 'plugin', 'contact', 'privacy', 0, 1, 1, 0, '{\"name\":\"plg_privacy_contact\",\"type\":\"plugin\",\"creationDate\":\"July 2018\",\"author\":\"Joomla! Project\",\"copyright\":\"(C) 2005 - 2020 Open Source Matters. All rights reserved.\",\"authorEmail\":\"admin@joomla.org\",\"authorUrl\":\"www.joomla.org\",\"version\":\"3.9.0\",\"description\":\"PLG_PRIVACY_CONTACT_XML_DESCRIPTION\",\"group\":\"\",\"filename\":\"contact\"}', '{}', '', '', 0, '0000-00-00 00:00:00', 0, 0),
(491, 0, 'plg_privacy_content', 'plugin', 'content', 'privacy', 0, 1, 1, 0, '{\"name\":\"plg_privacy_content\",\"type\":\"plugin\",\"creationDate\":\"July 2018\",\"author\":\"Joomla! Project\",\"copyright\":\"(C) 2005 - 2020 Open Source Matters. All rights reserved.\",\"authorEmail\":\"admin@joomla.org\",\"authorUrl\":\"www.joomla.org\",\"version\":\"3.9.0\",\"description\":\"PLG_PRIVACY_CONTENT_XML_DESCRIPTION\",\"group\":\"\",\"filename\":\"content\"}', '{}', '', '', 0, '0000-00-00 00:00:00', 0, 0),
(492, 0, 'plg_privacy_message', 'plugin', 'message', 'privacy', 0, 1, 1, 0, '{\"name\":\"plg_privacy_message\",\"type\":\"plugin\",\"creationDate\":\"July 2018\",\"author\":\"Joomla! Project\",\"copyright\":\"(C) 2005 - 2020 Open Source Matters. All rights reserved.\",\"authorEmail\":\"admin@joomla.org\",\"authorUrl\":\"www.joomla.org\",\"version\":\"3.9.0\",\"description\":\"PLG_PRIVACY_MESSAGE_XML_DESCRIPTION\",\"group\":\"\",\"filename\":\"message\"}', '{}', '', '', 0, '0000-00-00 00:00:00', 0, 0),
(493, 0, 'plg_privacy_actionlogs', 'plugin', 'actionlogs', 'privacy', 0, 1, 1, 0, '{\"name\":\"plg_privacy_actionlogs\",\"type\":\"plugin\",\"creationDate\":\"July 2018\",\"author\":\"Joomla! Project\",\"copyright\":\"(C) 2005 - 2020 Open Source Matters. All rights reserved.\",\"authorEmail\":\"admin@joomla.org\",\"authorUrl\":\"www.joomla.org\",\"version\":\"3.9.0\",\"description\":\"PLG_PRIVACY_ACTIONLOGS_XML_DESCRIPTION\",\"group\":\"\",\"filename\":\"actionlogs\"}', '{}', '', '', 0, '0000-00-00 00:00:00', 0, 0),
(494, 0, 'plg_captcha_recaptcha_invisible', 'plugin', 'recaptcha_invisible', 'captcha', 0, 0, 1, 0, '{\"name\":\"plg_captcha_recaptcha_invisible\",\"type\":\"plugin\",\"creationDate\":\"November 2017\",\"author\":\"Joomla! Project\",\"copyright\":\"Copyright (C) 2005 - 2020 Open Source Matters. All rights reserved.\",\"authorEmail\":\"admin@joomla.org\",\"authorUrl\":\"www.joomla.org\",\"version\":\"3.8\",\"description\":\"PLG_CAPTCHA_RECAPTCHA_INVISIBLE_XML_DESCRIPTION\",\"group\":\"\",\"filename\":\"recaptcha_invisible\"}', '{\"public_key\":\"\",\"private_key\":\"\",\"theme\":\"clean\"}', '', '', 0, '0000-00-00 00:00:00', 0, 0),
(495, 0, 'plg_privacy_consents', 'plugin', 'consents', 'privacy', 0, 1, 1, 0, '{\"name\":\"plg_privacy_consents\",\"type\":\"plugin\",\"creationDate\":\"July 2018\",\"author\":\"Joomla! Project\",\"copyright\":\"(C) 2005 - 2020 Open Source Matters. All rights reserved.\",\"authorEmail\":\"admin@joomla.org\",\"authorUrl\":\"www.joomla.org\",\"version\":\"3.9.0\",\"description\":\"PLG_PRIVACY_CONSENTS_XML_DESCRIPTION\",\"group\":\"\",\"filename\":\"consents\"}', '{}', '', '', 0, '0000-00-00 00:00:00', 0, 0),
(503, 0, 'beez3', 'template', 'beez3', '', 0, 1, 1, 0, '{\"name\":\"beez3\",\"type\":\"template\",\"creationDate\":\"25 November 2009\",\"author\":\"Angie Radtke\",\"copyright\":\"Copyright (C) 2005 - 2020 Open Source Matters, Inc. All rights reserved.\",\"authorEmail\":\"a.radtke@derauftritt.de\",\"authorUrl\":\"http:\\/\\/www.der-auftritt.de\",\"version\":\"3.1.0\",\"description\":\"TPL_BEEZ3_XML_DESCRIPTION\",\"group\":\"\",\"filename\":\"templateDetails\"}', '{\"wrapperSmall\":\"53\",\"wrapperLarge\":\"72\",\"sitetitle\":\"\",\"sitedescription\":\"\",\"navposition\":\"center\",\"templatecolor\":\"nature\"}', '', '', 0, '0000-00-00 00:00:00', 0, 0),
(504, 0, 'hathor', 'template', 'hathor', '', 1, 1, 1, 0, '{\"name\":\"hathor\",\"type\":\"template\",\"creationDate\":\"May 2010\",\"author\":\"Andrea Tarr\",\"copyright\":\"Copyright (C) 2005 - 2020 Open Source Matters, Inc. All rights reserved.\",\"authorEmail\":\"admin@joomla.org\",\"authorUrl\":\"\",\"version\":\"3.0.0\",\"description\":\"TPL_HATHOR_XML_DESCRIPTION\",\"group\":\"\",\"filename\":\"templateDetails\"}', '{\"showSiteName\":\"0\",\"colourChoice\":\"0\",\"boldText\":\"0\"}', '', '', 0, '0000-00-00 00:00:00', 0, 0),
(506, 0, 'protostar', 'template', 'protostar', '', 0, 1, 1, 0, '{\"name\":\"protostar\",\"type\":\"template\",\"creationDate\":\"4\\/30\\/2012\",\"author\":\"Kyle Ledbetter\",\"copyright\":\"Copyright (C) 2005 - 2020 Open Source Matters, Inc. All rights reserved.\",\"authorEmail\":\"admin@joomla.org\",\"authorUrl\":\"\",\"version\":\"1.0\",\"description\":\"TPL_PROTOSTAR_XML_DESCRIPTION\",\"group\":\"\",\"filename\":\"templateDetails\"}', '{\"templateColor\":\"\",\"logoFile\":\"\",\"googleFont\":\"1\",\"googleFontName\":\"Open+Sans\",\"fluidContainer\":\"0\"}', '', '', 0, '0000-00-00 00:00:00', 0, 0),
(507, 0, 'isis', 'template', 'isis', '', 1, 1, 1, 0, '{\"name\":\"isis\",\"type\":\"template\",\"creationDate\":\"3\\/30\\/2012\",\"author\":\"Kyle Ledbetter\",\"copyright\":\"Copyright (C) 2005 - 2020 Open Source Matters, Inc. All rights reserved.\",\"authorEmail\":\"admin@joomla.org\",\"authorUrl\":\"\",\"version\":\"1.0\",\"description\":\"TPL_ISIS_XML_DESCRIPTION\",\"group\":\"\",\"filename\":\"templateDetails\"}', '{\"templateColor\":\"\",\"logoFile\":\"\"}', '', '', 0, '0000-00-00 00:00:00', 0, 0),
(600, 802, 'English (en-GB)', 'language', 'en-GB', '', 0, 1, 1, 1, '{\"name\":\"English (en-GB)\",\"type\":\"language\",\"creationDate\":\"April 2021\",\"author\":\"Joomla! Project\",\"copyright\":\"Copyright (C) 2005 - 2020 Open Source Matters. All rights reserved.\",\"authorEmail\":\"admin@joomla.org\",\"authorUrl\":\"www.joomla.org\",\"version\":\"3.9.26\",\"description\":\"en-GB site language\",\"group\":\"\"}', '', '', '', 0, '0000-00-00 00:00:00', 0, 0),
(601, 802, 'English (en-GB)', 'language', 'en-GB', '', 1, 1, 1, 1, '{\"name\":\"English (en-GB)\",\"type\":\"language\",\"creationDate\":\"April 2021\",\"author\":\"Joomla! Project\",\"copyright\":\"Copyright (C) 2005 - 2020 Open Source Matters. All rights reserved.\",\"authorEmail\":\"admin@joomla.org\",\"authorUrl\":\"www.joomla.org\",\"version\":\"3.9.26\",\"description\":\"en-GB administrator language\",\"group\":\"\"}', '', '', '', 0, '0000-00-00 00:00:00', 0, 0),
(700, 0, 'files_joomla', 'file', 'joomla', '', 0, 1, 1, 1, '{\"name\":\"files_joomla\",\"type\":\"file\",\"creationDate\":\"April 2021\",\"author\":\"Joomla! Project\",\"copyright\":\"(C) 2005 - 2020 Open Source Matters. All rights reserved\",\"authorEmail\":\"admin@joomla.org\",\"authorUrl\":\"www.joomla.org\",\"version\":\"3.9.26\",\"description\":\"FILES_JOOMLA_XML_DESCRIPTION\",\"group\":\"\"}', '', '', '', 0, '0000-00-00 00:00:00', 0, 0),
(802, 0, 'English (en-GB) Language Pack', 'package', 'pkg_en-GB', '', 0, 1, 1, 1, '{\"name\":\"English (en-GB) Language Pack\",\"type\":\"package\",\"creationDate\":\"April 2021\",\"author\":\"Joomla! Project\",\"copyright\":\"Copyright (C) 2005 - 2020 Open Source Matters, Inc. All rights reserved.\",\"authorEmail\":\"admin@joomla.org\",\"authorUrl\":\"www.joomla.org\",\"version\":\"3.9.26.1\",\"description\":\"en-GB language pack\",\"group\":\"\",\"filename\":\"pkg_en-GB\"}', '', '', '', 0, '0000-00-00 00:00:00', 0, 0),
(10000, 10002, 'PolishPL', 'language', 'pl-PL', '', 0, 1, 0, 0, '{\"name\":\"Polish (PL)\",\"type\":\"language\",\"creationDate\":\"kwiecie\\u0144 2021\",\"author\":\"Polskie Centrum Joomla!\",\"copyright\":\"(C) 2005 - 2021 Open Source Matters. All right reserved.\",\"authorEmail\":\"zwiastun@joomla.pl\",\"authorUrl\":\"https:\\/\\/www.joomla.pl\",\"version\":\"3.9.25.1\",\"description\":\"J\\u0119zyk witryny Joomla 3.9.25 - https:\\/\\/www.joomla.pl\",\"group\":\"\",\"filename\":\"install\"}', '{}', '', '', 0, '0000-00-00 00:00:00', 0, 0),
(10001, 10002, 'PolishPL', 'language', 'pl-PL', '', 1, 1, 0, 0, '{\"name\":\"Polish (PL)\",\"type\":\"language\",\"creationDate\":\"kwiecie\\u0144 2021\",\"author\":\"Polskie Centrum Joomla\",\"copyright\":\"Copyright (C) 2005-2021 Open Source Matters. All right reserved.\",\"authorEmail\":\"zwiastun@joomla.pl\",\"authorUrl\":\"https:\\/\\/www.joomla.pl\",\"version\":\"3.9.25.1\",\"description\":\"J\\u0119zyk zaplecza Joomla! 3.9.25 - https:\\/\\/www. joomla. pl\",\"group\":\"\",\"filename\":\"install\"}', '{}', '', '', 0, '0000-00-00 00:00:00', 0, 0),
(10002, 0, 'Polish (Poland) (pl-PL) Language Pack', 'package', 'pkg_pl-PL', '', 0, 1, 1, 0, '{\"name\":\"Polish (Poland) (pl-PL) Language Pack\",\"type\":\"package\",\"creationDate\":\"listopad 2019\",\"author\":\"Polskie Centrum Joomla\",\"copyright\":\"Copyright (C) 2005-2019 Open Source Matters, Inc. All rights reserved.\",\"authorEmail\":\"zwiastun@joomla.pl\",\"authorUrl\":\"https:\\/\\/www.joomla.pl\",\"version\":\"3.9.13.1\",\"description\":\"\\t\\n\\t\\t<div class=\\\"text-center span12\\\"> \\n\\t\\t<h3>Joomla! - pakiet j\\u0119zyka polskiego - 3.9.13<\\/h3>\\n\\t\\t<p><span style=\\\"font-weight: normal\\\">Polskie Centrum Joomla zapewnia spo\\u0142eczno\\u015bci kompletne t\\u0142umaczenia Joomla!<br \\/>Ich przygotowanie kosztuje wiele czasu i pracy.<\\/span><\\/p>\\n\\t\\t<div class=\\\"alert alert-info\\\">\\n\\t\\t<h3>Wspieramy Ciebie, wi\\u0119c wesprzyj i nas.<\\/h3>\\n\\t\\t<h3>Przeka\\u017c darowizn\\u0119 przez:<\\/h3>\\n\\t\\t<a class=\\\"btn btn-success\\\" href=\\\"http:\\/\\/bit.ly\\/paypal-fundacja\\\">PayPal<\\/a>\\t\\n\\t\\t<a class=\\\"btn btn-success\\\" href=\\\"http:\\/\\/bit.ly\\/przekaz-darowizne-payu\\\">PayU<\\/a> \\n\\t\\t<a class=\\\"btn btn-info\\\" href=\\\"http:\\/\\/bit.ly\\/przekaz-darowizne-pcj\\\">Przelew bankowy<\\/a>\\n\\t\\t<p>&nbsp;<\\/p>\\n\\t\\t<h3>Dzi\\u0119kujemy<\\/h3>\\n\\t\\t<p>Od 15 maja 2019 otrzymali\\u015bmy 36 darowizny od 33 os\\u00f3b i 3 firm, razem 1.485 z\\u0142otych.<\\/p>\\n\\t\\t<p>Serdeczne podzi\\u0119kowania dla Darczy\\u0144c\\u00f3w: Andrzej B., Dominika B., Marek B., Stanis\\u0142aw B., Dariusz D., S\\u0142awomir D., Leszek \\u0141., Jerzy K., Micha\\u0142 K., Waldemar K., Jaros\\u0142aw L., Grzegorz N., Jakub N., Zdzis\\u0142aw N., Zbigniew P., Artur Se., Artur Sk.,  Artur St.,  Maciej S., Dariusz \\u015a., Jaros\\u0142aw W., Jerzy Z. <br\\/>oraz firm: Cedrowa Grupa Grzegorz Zborowski, GIAX Sp\\u00f3\\u0142ka Cywilna, FUH Tomasz Karolski\\t\\t\\n\\t\\t<\\/p>  \\n\\t\\t<\\/div>\\n\\t\\t<\\/div>\\n\\t\",\"group\":\"\",\"filename\":\"pkg_pl-PL\"}', '{}', '', '', 0, '0000-00-00 00:00:00', 0, 0),
(10003, 0, 'com_phocagallery', 'component', 'com_phocagallery', '', 1, 1, 0, 0, '{\"name\":\"com_phocagallery\",\"type\":\"component\",\"creationDate\":\"02\\/03\\/2021\",\"author\":\"Jan Pavelka (www.phoca.cz)\",\"copyright\":\"Jan Pavelka\",\"authorEmail\":\"\",\"authorUrl\":\"https:\\/\\/www.phoca.cz\",\"version\":\"4.4.2\",\"description\":\"COM_PHOCAGALLERY_XML_DESCRIPTION\",\"group\":\"\",\"filename\":\"phocagallery\"}', '{\"enable_thumb_creation\":0}', '', '', 0, '0000-00-00 00:00:00', 0, 0);

-- --------------------------------------------------------

--
-- Struktura tabeli dla tabeli `zzux2_fields`
--

CREATE TABLE `zzux2_fields` (
  `id` int(10) UNSIGNED NOT NULL,
  `asset_id` int(10) UNSIGNED NOT NULL DEFAULT 0,
  `context` varchar(255) COLLATE utf8mb4_unicode_ci NOT NULL DEFAULT '',
  `group_id` int(10) UNSIGNED NOT NULL DEFAULT 0,
  `title` varchar(255) COLLATE utf8mb4_unicode_ci NOT NULL DEFAULT '',
  `name` varchar(255) COLLATE utf8mb4_unicode_ci NOT NULL DEFAULT '',
  `label` varchar(255) COLLATE utf8mb4_unicode_ci NOT NULL DEFAULT '',
  `default_value` text COLLATE utf8mb4_unicode_ci DEFAULT NULL,
  `type` varchar(255) COLLATE utf8mb4_unicode_ci NOT NULL DEFAULT 'text',
  `note` varchar(255) COLLATE utf8mb4_unicode_ci NOT NULL DEFAULT '',
  `description` text COLLATE utf8mb4_unicode_ci NOT NULL,
  `state` tinyint(1) NOT NULL DEFAULT 0,
  `required` tinyint(1) NOT NULL DEFAULT 0,
  `checked_out` int(11) NOT NULL DEFAULT 0,
  `checked_out_time` datetime NOT NULL DEFAULT '0000-00-00 00:00:00',
  `ordering` int(11) NOT NULL DEFAULT 0,
  `params` text COLLATE utf8mb4_unicode_ci NOT NULL,
  `fieldparams` text COLLATE utf8mb4_unicode_ci NOT NULL,
  `language` char(7) COLLATE utf8mb4_unicode_ci NOT NULL DEFAULT '',
  `created_time` datetime NOT NULL DEFAULT '0000-00-00 00:00:00',
  `created_user_id` int(10) UNSIGNED NOT NULL DEFAULT 0,
  `modified_time` datetime NOT NULL DEFAULT '0000-00-00 00:00:00',
  `modified_by` int(10) UNSIGNED NOT NULL DEFAULT 0,
  `access` int(11) NOT NULL DEFAULT 1
) ENGINE=InnoDB DEFAULT CHARSET=utf8mb4 COLLATE=utf8mb4_unicode_ci;

-- --------------------------------------------------------

--
-- Struktura tabeli dla tabeli `zzux2_fields_categories`
--

CREATE TABLE `zzux2_fields_categories` (
  `field_id` int(11) NOT NULL DEFAULT 0,
  `category_id` int(11) NOT NULL DEFAULT 0
) ENGINE=InnoDB DEFAULT CHARSET=utf8mb4 COLLATE=utf8mb4_unicode_ci;

-- --------------------------------------------------------

--
-- Struktura tabeli dla tabeli `zzux2_fields_groups`
--

CREATE TABLE `zzux2_fields_groups` (
  `id` int(10) UNSIGNED NOT NULL,
  `asset_id` int(10) UNSIGNED NOT NULL DEFAULT 0,
  `context` varchar(255) COLLATE utf8mb4_unicode_ci NOT NULL DEFAULT '',
  `title` varchar(255) COLLATE utf8mb4_unicode_ci NOT NULL DEFAULT '',
  `note` varchar(255) COLLATE utf8mb4_unicode_ci NOT NULL DEFAULT '',
  `description` text COLLATE utf8mb4_unicode_ci NOT NULL,
  `state` tinyint(1) NOT NULL DEFAULT 0,
  `checked_out` int(11) NOT NULL DEFAULT 0,
  `checked_out_time` datetime NOT NULL DEFAULT '0000-00-00 00:00:00',
  `ordering` int(11) NOT NULL DEFAULT 0,
  `params` text COLLATE utf8mb4_unicode_ci NOT NULL,
  `language` char(7) COLLATE utf8mb4_unicode_ci NOT NULL DEFAULT '',
  `created` datetime NOT NULL DEFAULT '0000-00-00 00:00:00',
  `created_by` int(10) UNSIGNED NOT NULL DEFAULT 0,
  `modified` datetime NOT NULL DEFAULT '0000-00-00 00:00:00',
  `modified_by` int(10) UNSIGNED NOT NULL DEFAULT 0,
  `access` int(11) NOT NULL DEFAULT 1
) ENGINE=InnoDB DEFAULT CHARSET=utf8mb4 COLLATE=utf8mb4_unicode_ci;

-- --------------------------------------------------------

--
-- Struktura tabeli dla tabeli `zzux2_fields_values`
--

CREATE TABLE `zzux2_fields_values` (
  `field_id` int(10) UNSIGNED NOT NULL,
  `item_id` varchar(255) COLLATE utf8mb4_unicode_ci NOT NULL COMMENT 'Allow references to items which have strings as ids, eg. none db systems.',
  `value` text COLLATE utf8mb4_unicode_ci DEFAULT NULL
) ENGINE=InnoDB DEFAULT CHARSET=utf8mb4 COLLATE=utf8mb4_unicode_ci;

-- --------------------------------------------------------

--
-- Struktura tabeli dla tabeli `zzux2_finder_filters`
--

CREATE TABLE `zzux2_finder_filters` (
  `filter_id` int(10) UNSIGNED NOT NULL,
  `title` varchar(255) NOT NULL,
  `alias` varchar(255) NOT NULL,
  `state` tinyint(1) NOT NULL DEFAULT 1,
  `created` datetime NOT NULL DEFAULT '0000-00-00 00:00:00',
  `created_by` int(10) UNSIGNED NOT NULL,
  `created_by_alias` varchar(255) NOT NULL,
  `modified` datetime NOT NULL DEFAULT '0000-00-00 00:00:00',
  `modified_by` int(10) UNSIGNED NOT NULL DEFAULT 0,
  `checked_out` int(10) UNSIGNED NOT NULL DEFAULT 0,
  `checked_out_time` datetime NOT NULL DEFAULT '0000-00-00 00:00:00',
  `map_count` int(10) UNSIGNED NOT NULL DEFAULT 0,
  `data` text NOT NULL,
  `params` mediumtext DEFAULT NULL
) ENGINE=InnoDB DEFAULT CHARSET=utf8mb4;

-- --------------------------------------------------------

--
-- Struktura tabeli dla tabeli `zzux2_finder_links`
--

CREATE TABLE `zzux2_finder_links` (
  `link_id` int(10) UNSIGNED NOT NULL,
  `url` varchar(255) NOT NULL,
  `route` varchar(255) NOT NULL,
  `title` varchar(400) DEFAULT NULL,
  `description` text DEFAULT NULL,
  `indexdate` datetime NOT NULL DEFAULT '0000-00-00 00:00:00',
  `md5sum` varchar(32) DEFAULT NULL,
  `published` tinyint(1) NOT NULL DEFAULT 1,
  `state` int(5) DEFAULT 1,
  `access` int(5) DEFAULT 0,
  `language` varchar(8) NOT NULL,
  `publish_start_date` datetime NOT NULL DEFAULT '0000-00-00 00:00:00',
  `publish_end_date` datetime NOT NULL DEFAULT '0000-00-00 00:00:00',
  `start_date` datetime NOT NULL DEFAULT '0000-00-00 00:00:00',
  `end_date` datetime NOT NULL DEFAULT '0000-00-00 00:00:00',
  `list_price` double UNSIGNED NOT NULL DEFAULT 0,
  `sale_price` double UNSIGNED NOT NULL DEFAULT 0,
  `type_id` int(11) NOT NULL,
  `object` mediumblob NOT NULL
) ENGINE=InnoDB DEFAULT CHARSET=utf8mb4;

-- --------------------------------------------------------

--
-- Struktura tabeli dla tabeli `zzux2_finder_links_terms0`
--

CREATE TABLE `zzux2_finder_links_terms0` (
  `link_id` int(10) UNSIGNED NOT NULL,
  `term_id` int(10) UNSIGNED NOT NULL,
  `weight` float UNSIGNED NOT NULL
) ENGINE=InnoDB DEFAULT CHARSET=utf8mb4;

-- --------------------------------------------------------

--
-- Struktura tabeli dla tabeli `zzux2_finder_links_terms1`
--

CREATE TABLE `zzux2_finder_links_terms1` (
  `link_id` int(10) UNSIGNED NOT NULL,
  `term_id` int(10) UNSIGNED NOT NULL,
  `weight` float UNSIGNED NOT NULL
) ENGINE=InnoDB DEFAULT CHARSET=utf8mb4;

-- --------------------------------------------------------

--
-- Struktura tabeli dla tabeli `zzux2_finder_links_terms2`
--

CREATE TABLE `zzux2_finder_links_terms2` (
  `link_id` int(10) UNSIGNED NOT NULL,
  `term_id` int(10) UNSIGNED NOT NULL,
  `weight` float UNSIGNED NOT NULL
) ENGINE=InnoDB DEFAULT CHARSET=utf8mb4;

-- --------------------------------------------------------

--
-- Struktura tabeli dla tabeli `zzux2_finder_links_terms3`
--

CREATE TABLE `zzux2_finder_links_terms3` (
  `link_id` int(10) UNSIGNED NOT NULL,
  `term_id` int(10) UNSIGNED NOT NULL,
  `weight` float UNSIGNED NOT NULL
) ENGINE=InnoDB DEFAULT CHARSET=utf8mb4;

-- --------------------------------------------------------

--
-- Struktura tabeli dla tabeli `zzux2_finder_links_terms4`
--

CREATE TABLE `zzux2_finder_links_terms4` (
  `link_id` int(10) UNSIGNED NOT NULL,
  `term_id` int(10) UNSIGNED NOT NULL,
  `weight` float UNSIGNED NOT NULL
) ENGINE=InnoDB DEFAULT CHARSET=utf8mb4;

-- --------------------------------------------------------

--
-- Struktura tabeli dla tabeli `zzux2_finder_links_terms5`
--

CREATE TABLE `zzux2_finder_links_terms5` (
  `link_id` int(10) UNSIGNED NOT NULL,
  `term_id` int(10) UNSIGNED NOT NULL,
  `weight` float UNSIGNED NOT NULL
) ENGINE=InnoDB DEFAULT CHARSET=utf8mb4;

-- --------------------------------------------------------

--
-- Struktura tabeli dla tabeli `zzux2_finder_links_terms6`
--

CREATE TABLE `zzux2_finder_links_terms6` (
  `link_id` int(10) UNSIGNED NOT NULL,
  `term_id` int(10) UNSIGNED NOT NULL,
  `weight` float UNSIGNED NOT NULL
) ENGINE=InnoDB DEFAULT CHARSET=utf8mb4;

-- --------------------------------------------------------

--
-- Struktura tabeli dla tabeli `zzux2_finder_links_terms7`
--

CREATE TABLE `zzux2_finder_links_terms7` (
  `link_id` int(10) UNSIGNED NOT NULL,
  `term_id` int(10) UNSIGNED NOT NULL,
  `weight` float UNSIGNED NOT NULL
) ENGINE=InnoDB DEFAULT CHARSET=utf8mb4;

-- --------------------------------------------------------

--
-- Struktura tabeli dla tabeli `zzux2_finder_links_terms8`
--

CREATE TABLE `zzux2_finder_links_terms8` (
  `link_id` int(10) UNSIGNED NOT NULL,
  `term_id` int(10) UNSIGNED NOT NULL,
  `weight` float UNSIGNED NOT NULL
) ENGINE=InnoDB DEFAULT CHARSET=utf8mb4;

-- --------------------------------------------------------

--
-- Struktura tabeli dla tabeli `zzux2_finder_links_terms9`
--

CREATE TABLE `zzux2_finder_links_terms9` (
  `link_id` int(10) UNSIGNED NOT NULL,
  `term_id` int(10) UNSIGNED NOT NULL,
  `weight` float UNSIGNED NOT NULL
) ENGINE=InnoDB DEFAULT CHARSET=utf8mb4;

-- --------------------------------------------------------

--
-- Struktura tabeli dla tabeli `zzux2_finder_links_termsa`
--

CREATE TABLE `zzux2_finder_links_termsa` (
  `link_id` int(10) UNSIGNED NOT NULL,
  `term_id` int(10) UNSIGNED NOT NULL,
  `weight` float UNSIGNED NOT NULL
) ENGINE=InnoDB DEFAULT CHARSET=utf8mb4;

-- --------------------------------------------------------

--
-- Struktura tabeli dla tabeli `zzux2_finder_links_termsb`
--

CREATE TABLE `zzux2_finder_links_termsb` (
  `link_id` int(10) UNSIGNED NOT NULL,
  `term_id` int(10) UNSIGNED NOT NULL,
  `weight` float UNSIGNED NOT NULL
) ENGINE=InnoDB DEFAULT CHARSET=utf8mb4;

-- --------------------------------------------------------

--
-- Struktura tabeli dla tabeli `zzux2_finder_links_termsc`
--

CREATE TABLE `zzux2_finder_links_termsc` (
  `link_id` int(10) UNSIGNED NOT NULL,
  `term_id` int(10) UNSIGNED NOT NULL,
  `weight` float UNSIGNED NOT NULL
) ENGINE=InnoDB DEFAULT CHARSET=utf8mb4;

-- --------------------------------------------------------

--
-- Struktura tabeli dla tabeli `zzux2_finder_links_termsd`
--

CREATE TABLE `zzux2_finder_links_termsd` (
  `link_id` int(10) UNSIGNED NOT NULL,
  `term_id` int(10) UNSIGNED NOT NULL,
  `weight` float UNSIGNED NOT NULL
) ENGINE=InnoDB DEFAULT CHARSET=utf8mb4;

-- --------------------------------------------------------

--
-- Struktura tabeli dla tabeli `zzux2_finder_links_termse`
--

CREATE TABLE `zzux2_finder_links_termse` (
  `link_id` int(10) UNSIGNED NOT NULL,
  `term_id` int(10) UNSIGNED NOT NULL,
  `weight` float UNSIGNED NOT NULL
) ENGINE=InnoDB DEFAULT CHARSET=utf8mb4;

-- --------------------------------------------------------

--
-- Struktura tabeli dla tabeli `zzux2_finder_links_termsf`
--

CREATE TABLE `zzux2_finder_links_termsf` (
  `link_id` int(10) UNSIGNED NOT NULL,
  `term_id` int(10) UNSIGNED NOT NULL,
  `weight` float UNSIGNED NOT NULL
) ENGINE=InnoDB DEFAULT CHARSET=utf8mb4;

-- --------------------------------------------------------

--
-- Struktura tabeli dla tabeli `zzux2_finder_taxonomy`
--

CREATE TABLE `zzux2_finder_taxonomy` (
  `id` int(10) UNSIGNED NOT NULL,
  `parent_id` int(10) UNSIGNED NOT NULL DEFAULT 0,
  `title` varchar(255) NOT NULL,
  `state` tinyint(1) UNSIGNED NOT NULL DEFAULT 1,
  `access` tinyint(1) UNSIGNED NOT NULL DEFAULT 0,
  `ordering` tinyint(1) UNSIGNED NOT NULL DEFAULT 0
) ENGINE=InnoDB DEFAULT CHARSET=utf8mb4;

--
-- Zrzut danych tabeli `zzux2_finder_taxonomy`
--

INSERT INTO `zzux2_finder_taxonomy` (`id`, `parent_id`, `title`, `state`, `access`, `ordering`) VALUES
(1, 0, 'ROOT', 0, 0, 0);

-- --------------------------------------------------------

--
-- Struktura tabeli dla tabeli `zzux2_finder_taxonomy_map`
--

CREATE TABLE `zzux2_finder_taxonomy_map` (
  `link_id` int(10) UNSIGNED NOT NULL,
  `node_id` int(10) UNSIGNED NOT NULL
) ENGINE=InnoDB DEFAULT CHARSET=utf8mb4;

-- --------------------------------------------------------

--
-- Struktura tabeli dla tabeli `zzux2_finder_terms`
--

CREATE TABLE `zzux2_finder_terms` (
  `term_id` int(10) UNSIGNED NOT NULL,
  `term` varchar(75) NOT NULL,
  `stem` varchar(75) NOT NULL,
  `common` tinyint(1) UNSIGNED NOT NULL DEFAULT 0,
  `phrase` tinyint(1) UNSIGNED NOT NULL DEFAULT 0,
  `weight` float UNSIGNED NOT NULL DEFAULT 0,
  `soundex` varchar(75) NOT NULL,
  `links` int(10) NOT NULL DEFAULT 0,
  `language` char(3) NOT NULL DEFAULT ''
) ENGINE=InnoDB DEFAULT CHARSET=utf8mb4;

-- --------------------------------------------------------

--
-- Struktura tabeli dla tabeli `zzux2_finder_terms_common`
--

CREATE TABLE `zzux2_finder_terms_common` (
  `term` varchar(75) NOT NULL,
  `language` varchar(3) NOT NULL
) ENGINE=InnoDB DEFAULT CHARSET=utf8mb4;

--
-- Zrzut danych tabeli `zzux2_finder_terms_common`
--

INSERT INTO `zzux2_finder_terms_common` (`term`, `language`) VALUES
('a', 'en'),
('about', 'en'),
('after', 'en'),
('ago', 'en'),
('all', 'en'),
('am', 'en'),
('an', 'en'),
('and', 'en'),
('any', 'en'),
('are', 'en'),
('aren\'t', 'en'),
('as', 'en'),
('at', 'en'),
('be', 'en'),
('but', 'en'),
('by', 'en'),
('for', 'en'),
('from', 'en'),
('get', 'en'),
('go', 'en'),
('how', 'en'),
('if', 'en'),
('in', 'en'),
('into', 'en'),
('is', 'en'),
('isn\'t', 'en'),
('it', 'en'),
('its', 'en'),
('me', 'en'),
('more', 'en'),
('most', 'en'),
('must', 'en'),
('my', 'en'),
('new', 'en'),
('no', 'en'),
('none', 'en'),
('not', 'en'),
('nothing', 'en'),
('of', 'en'),
('off', 'en'),
('often', 'en'),
('old', 'en'),
('on', 'en'),
('onc', 'en'),
('once', 'en'),
('only', 'en'),
('or', 'en'),
('other', 'en'),
('our', 'en'),
('ours', 'en'),
('out', 'en'),
('over', 'en'),
('page', 'en'),
('she', 'en'),
('should', 'en'),
('small', 'en'),
('so', 'en'),
('some', 'en'),
('than', 'en'),
('thank', 'en'),
('that', 'en'),
('the', 'en'),
('their', 'en'),
('theirs', 'en'),
('them', 'en'),
('then', 'en'),
('there', 'en'),
('these', 'en'),
('they', 'en'),
('this', 'en'),
('those', 'en'),
('thus', 'en'),
('time', 'en'),
('times', 'en'),
('to', 'en'),
('too', 'en'),
('true', 'en'),
('under', 'en'),
('until', 'en'),
('up', 'en'),
('upon', 'en'),
('use', 'en'),
('user', 'en'),
('users', 'en'),
('version', 'en'),
('very', 'en'),
('via', 'en'),
('want', 'en'),
('was', 'en'),
('way', 'en'),
('were', 'en'),
('what', 'en'),
('when', 'en'),
('where', 'en'),
('which', 'en'),
('who', 'en'),
('whom', 'en'),
('whose', 'en'),
('why', 'en'),
('wide', 'en'),
('will', 'en'),
('with', 'en'),
('within', 'en'),
('without', 'en'),
('would', 'en'),
('yes', 'en'),
('yet', 'en'),
('you', 'en'),
('your', 'en'),
('yours', 'en');

-- --------------------------------------------------------

--
-- Struktura tabeli dla tabeli `zzux2_finder_tokens`
--

CREATE TABLE `zzux2_finder_tokens` (
  `term` varchar(75) NOT NULL,
  `stem` varchar(75) NOT NULL,
  `common` tinyint(1) UNSIGNED NOT NULL DEFAULT 0,
  `phrase` tinyint(1) UNSIGNED NOT NULL DEFAULT 0,
  `weight` float UNSIGNED NOT NULL DEFAULT 1,
  `context` tinyint(1) UNSIGNED NOT NULL DEFAULT 2,
  `language` char(3) NOT NULL DEFAULT ''
) ENGINE=MEMORY DEFAULT CHARSET=utf8mb4;

-- --------------------------------------------------------

--
-- Struktura tabeli dla tabeli `zzux2_finder_tokens_aggregate`
--

CREATE TABLE `zzux2_finder_tokens_aggregate` (
  `term_id` int(10) UNSIGNED NOT NULL,
  `map_suffix` char(1) NOT NULL,
  `term` varchar(75) NOT NULL,
  `stem` varchar(75) NOT NULL,
  `common` tinyint(1) UNSIGNED NOT NULL DEFAULT 0,
  `phrase` tinyint(1) UNSIGNED NOT NULL DEFAULT 0,
  `term_weight` float UNSIGNED NOT NULL,
  `context` tinyint(1) UNSIGNED NOT NULL DEFAULT 2,
  `context_weight` float UNSIGNED NOT NULL,
  `total_weight` float UNSIGNED NOT NULL,
  `language` char(3) NOT NULL DEFAULT ''
) ENGINE=MEMORY DEFAULT CHARSET=utf8mb4;

-- --------------------------------------------------------

--
-- Struktura tabeli dla tabeli `zzux2_finder_types`
--

CREATE TABLE `zzux2_finder_types` (
  `id` int(10) UNSIGNED NOT NULL,
  `title` varchar(100) NOT NULL,
  `mime` varchar(100) NOT NULL
) ENGINE=InnoDB DEFAULT CHARSET=utf8mb4;

-- --------------------------------------------------------

--
-- Struktura tabeli dla tabeli `zzux2_languages`
--

CREATE TABLE `zzux2_languages` (
  `lang_id` int(11) UNSIGNED NOT NULL,
  `asset_id` int(10) UNSIGNED NOT NULL DEFAULT 0,
  `lang_code` char(7) CHARACTER SET utf8mb4 COLLATE utf8mb4_bin NOT NULL,
  `title` varchar(50) COLLATE utf8mb4_unicode_ci NOT NULL,
  `title_native` varchar(50) COLLATE utf8mb4_unicode_ci NOT NULL,
  `sef` varchar(50) COLLATE utf8mb4_unicode_ci NOT NULL,
  `image` varchar(50) COLLATE utf8mb4_unicode_ci NOT NULL,
  `description` varchar(512) COLLATE utf8mb4_unicode_ci NOT NULL,
  `metakey` text COLLATE utf8mb4_unicode_ci NOT NULL,
  `metadesc` text COLLATE utf8mb4_unicode_ci NOT NULL,
  `sitename` varchar(1024) COLLATE utf8mb4_unicode_ci NOT NULL DEFAULT '',
  `published` int(11) NOT NULL DEFAULT 0,
  `access` int(10) UNSIGNED NOT NULL DEFAULT 0,
  `ordering` int(11) NOT NULL DEFAULT 0
) ENGINE=InnoDB DEFAULT CHARSET=utf8mb4 COLLATE=utf8mb4_unicode_ci;

--
-- Zrzut danych tabeli `zzux2_languages`
--

INSERT INTO `zzux2_languages` (`lang_id`, `asset_id`, `lang_code`, `title`, `title_native`, `sef`, `image`, `description`, `metakey`, `metadesc`, `sitename`, `published`, `access`, `ordering`) VALUES
(1, 0, 'en-GB', 'English (en-GB)', 'English (United Kingdom)', 'en', 'en_gb', '', '', '', '', 1, 1, 2),
(2, 60, 'pl-PL', 'Polish (PL)', 'Polski (PL)', 'pl', 'pl_pl', '', '', '', '', 0, 1, 1);

-- --------------------------------------------------------

--
-- Struktura tabeli dla tabeli `zzux2_menu`
--

CREATE TABLE `zzux2_menu` (
  `id` int(11) NOT NULL,
  `menutype` varchar(24) COLLATE utf8mb4_unicode_ci NOT NULL COMMENT 'The type of menu this item belongs to. FK to #__menu_types.menutype',
  `title` varchar(255) COLLATE utf8mb4_unicode_ci NOT NULL COMMENT 'The display title of the menu item.',
  `alias` varchar(400) CHARACTER SET utf8mb4 COLLATE utf8mb4_bin NOT NULL COMMENT 'The SEF alias of the menu item.',
  `note` varchar(255) COLLATE utf8mb4_unicode_ci NOT NULL DEFAULT '',
  `path` varchar(1024) COLLATE utf8mb4_unicode_ci NOT NULL COMMENT 'The computed path of the menu item based on the alias field.',
  `link` varchar(1024) COLLATE utf8mb4_unicode_ci NOT NULL COMMENT 'The actually link the menu item refers to.',
  `type` varchar(16) COLLATE utf8mb4_unicode_ci NOT NULL COMMENT 'The type of link: Component, URL, Alias, Separator',
  `published` tinyint(4) NOT NULL DEFAULT 0 COMMENT 'The published state of the menu link.',
  `parent_id` int(10) UNSIGNED NOT NULL DEFAULT 1 COMMENT 'The parent menu item in the menu tree.',
  `level` int(10) UNSIGNED NOT NULL DEFAULT 0 COMMENT 'The relative level in the tree.',
  `component_id` int(10) UNSIGNED NOT NULL DEFAULT 0 COMMENT 'FK to #__extensions.id',
  `checked_out` int(10) UNSIGNED NOT NULL DEFAULT 0 COMMENT 'FK to #__users.id',
  `checked_out_time` datetime NOT NULL DEFAULT '0000-00-00 00:00:00' COMMENT 'The time the menu item was checked out.',
  `browserNav` tinyint(4) NOT NULL DEFAULT 0 COMMENT 'The click behaviour of the link.',
  `access` int(10) UNSIGNED NOT NULL DEFAULT 0 COMMENT 'The access level required to view the menu item.',
  `img` varchar(255) COLLATE utf8mb4_unicode_ci NOT NULL COMMENT 'The image of the menu item.',
  `template_style_id` int(10) UNSIGNED NOT NULL DEFAULT 0,
  `params` text COLLATE utf8mb4_unicode_ci NOT NULL COMMENT 'JSON encoded data for the menu item.',
  `lft` int(11) NOT NULL DEFAULT 0 COMMENT 'Nested set lft.',
  `rgt` int(11) NOT NULL DEFAULT 0 COMMENT 'Nested set rgt.',
  `home` tinyint(3) UNSIGNED NOT NULL DEFAULT 0 COMMENT 'Indicates if this menu item is the home or default page.',
  `language` char(7) COLLATE utf8mb4_unicode_ci NOT NULL DEFAULT '',
  `client_id` tinyint(4) NOT NULL DEFAULT 0
) ENGINE=InnoDB DEFAULT CHARSET=utf8mb4 COLLATE=utf8mb4_unicode_ci;

--
-- Zrzut danych tabeli `zzux2_menu`
--

INSERT INTO `zzux2_menu` (`id`, `menutype`, `title`, `alias`, `note`, `path`, `link`, `type`, `published`, `parent_id`, `level`, `component_id`, `checked_out`, `checked_out_time`, `browserNav`, `access`, `img`, `template_style_id`, `params`, `lft`, `rgt`, `home`, `language`, `client_id`) VALUES
(1, '', 'Menu_Item_Root', 'root', '', '', '', '', 1, 0, 0, 0, 0, '0000-00-00 00:00:00', 0, 0, '', 0, '', 0, 89, 0, '*', 0),
(2, 'main', 'com_banners', 'Banners', '', 'Banners', 'index.php?option=com_banners', 'component', 1, 1, 1, 4, 0, '0000-00-00 00:00:00', 0, 0, 'class:banners', 0, '', 1, 10, 0, '*', 1),
(3, 'main', 'com_banners', 'Banners', '', 'Banners/Banners', 'index.php?option=com_banners', 'component', 1, 2, 2, 4, 0, '0000-00-00 00:00:00', 0, 0, 'class:banners', 0, '', 2, 3, 0, '*', 1),
(4, 'main', 'com_banners_categories', 'Categories', '', 'Banners/Categories', 'index.php?option=com_categories&extension=com_banners', 'component', 1, 2, 2, 6, 0, '0000-00-00 00:00:00', 0, 0, 'class:banners-cat', 0, '', 4, 5, 0, '*', 1),
(5, 'main', 'com_banners_clients', 'Clients', '', 'Banners/Clients', 'index.php?option=com_banners&view=clients', 'component', 1, 2, 2, 4, 0, '0000-00-00 00:00:00', 0, 0, 'class:banners-clients', 0, '', 6, 7, 0, '*', 1),
(6, 'main', 'com_banners_tracks', 'Tracks', '', 'Banners/Tracks', 'index.php?option=com_banners&view=tracks', 'component', 1, 2, 2, 4, 0, '0000-00-00 00:00:00', 0, 0, 'class:banners-tracks', 0, '', 8, 9, 0, '*', 1),
(7, 'main', 'com_contact', 'Contacts', '', 'Contacts', 'index.php?option=com_contact', 'component', 1, 1, 1, 8, 0, '0000-00-00 00:00:00', 0, 0, 'class:contact', 0, '', 25, 30, 0, '*', 1),
(8, 'main', 'com_contact_contacts', 'Contacts', '', 'Contacts/Contacts', 'index.php?option=com_contact', 'component', 1, 7, 2, 8, 0, '0000-00-00 00:00:00', 0, 0, 'class:contact', 0, '', 26, 27, 0, '*', 1),
(9, 'main', 'com_contact_categories', 'Categories', '', 'Contacts/Categories', 'index.php?option=com_categories&extension=com_contact', 'component', 1, 7, 2, 6, 0, '0000-00-00 00:00:00', 0, 0, 'class:contact-cat', 0, '', 28, 29, 0, '*', 1),
(10, 'main', 'com_messages', 'Messaging', '', 'Messaging', 'index.php?option=com_messages', 'component', 1, 1, 1, 15, 0, '0000-00-00 00:00:00', 0, 0, 'class:messages', 0, '', 31, 34, 0, '*', 1),
(11, 'main', 'com_messages_add', 'New Private Message', '', 'Messaging/New Private Message', 'index.php?option=com_messages&task=message.add', 'component', 1, 10, 2, 15, 0, '0000-00-00 00:00:00', 0, 0, 'class:messages-add', 0, '', 32, 33, 0, '*', 1),
(13, 'main', 'com_newsfeeds', 'News Feeds', '', 'News Feeds', 'index.php?option=com_newsfeeds', 'component', 1, 1, 1, 17, 0, '0000-00-00 00:00:00', 0, 0, 'class:newsfeeds', 0, '', 35, 40, 0, '*', 1),
(14, 'main', 'com_newsfeeds_feeds', 'Feeds', '', 'News Feeds/Feeds', 'index.php?option=com_newsfeeds', 'component', 1, 13, 2, 17, 0, '0000-00-00 00:00:00', 0, 0, 'class:newsfeeds', 0, '', 36, 37, 0, '*', 1),
(15, 'main', 'com_newsfeeds_categories', 'Categories', '', 'News Feeds/Categories', 'index.php?option=com_categories&extension=com_newsfeeds', 'component', 1, 13, 2, 6, 0, '0000-00-00 00:00:00', 0, 0, 'class:newsfeeds-cat', 0, '', 38, 39, 0, '*', 1),
(16, 'main', 'com_redirect', 'Redirect', '', 'Redirect', 'index.php?option=com_redirect', 'component', 1, 1, 1, 24, 0, '0000-00-00 00:00:00', 0, 0, 'class:redirect', 0, '', 41, 42, 0, '*', 1),
(17, 'main', 'com_search', 'Basic Search', '', 'Basic Search', 'index.php?option=com_search', 'component', 1, 1, 1, 19, 0, '0000-00-00 00:00:00', 0, 0, 'class:search', 0, '', 43, 44, 0, '*', 1),
(18, 'main', 'com_finder', 'Smart Search', '', 'Smart Search', 'index.php?option=com_finder', 'component', 1, 1, 1, 27, 0, '0000-00-00 00:00:00', 0, 0, 'class:finder', 0, '', 45, 46, 0, '*', 1),
(19, 'main', 'com_joomlaupdate', 'Joomla! Update', '', 'Joomla! Update', 'index.php?option=com_joomlaupdate', 'component', 1, 1, 1, 28, 0, '0000-00-00 00:00:00', 0, 0, 'class:joomlaupdate', 0, '', 47, 48, 0, '*', 1),
(20, 'main', 'com_tags', 'Tags', '', 'Tags', 'index.php?option=com_tags', 'component', 1, 1, 1, 29, 0, '0000-00-00 00:00:00', 0, 1, 'class:tags', 0, '', 49, 50, 0, '', 1),
(21, 'main', 'com_postinstall', 'Post-installation messages', '', 'Post-installation messages', 'index.php?option=com_postinstall', 'component', 1, 1, 1, 32, 0, '0000-00-00 00:00:00', 0, 1, 'class:postinstall', 0, '', 51, 52, 0, '*', 1),
(22, 'main', 'com_associations', 'Multilingual Associations', '', 'Multilingual Associations', 'index.php?option=com_associations', 'component', 1, 1, 1, 34, 0, '0000-00-00 00:00:00', 0, 0, 'class:associations', 0, '', 53, 54, 0, '*', 1),
(101, 'mainmenu', 'Home', 'home', '', 'home', 'index.php?option=com_content&view=featured', 'component', 1, 1, 1, 22, 0, '0000-00-00 00:00:00', 0, 1, '', 0, '{\"featured_categories\":[\"\"],\"layout_type\":\"blog\",\"num_leading_articles\":\"1\",\"num_intro_articles\":\"3\",\"num_columns\":\"3\",\"num_links\":\"0\",\"multi_column_order\":\"1\",\"orderby_pri\":\"\",\"orderby_sec\":\"front\",\"order_date\":\"\",\"show_pagination\":\"2\",\"show_pagination_results\":\"1\",\"show_title\":\"\",\"link_titles\":\"\",\"show_intro\":\"\",\"info_block_position\":\"\",\"show_category\":\"\",\"link_category\":\"\",\"show_parent_category\":\"\",\"link_parent_category\":\"\",\"show_author\":\"\",\"link_author\":\"\",\"show_create_date\":\"\",\"show_modify_date\":\"\",\"show_publish_date\":\"\",\"show_item_navigation\":\"\",\"show_vote\":\"\",\"show_readmore\":\"\",\"show_readmore_title\":\"\",\"show_icons\":\"\",\"show_print_icon\":\"\",\"show_email_icon\":\"\",\"show_hits\":\"\",\"show_noauth\":\"\",\"show_feed_link\":\"1\",\"feed_summary\":\"\",\"menu-anchor_title\":\"\",\"menu-anchor_css\":\"\",\"menu_image\":\"\",\"menu_text\":1,\"page_title\":\"\",\"show_page_heading\":1,\"page_heading\":\"\",\"pageclass_sfx\":\"\",\"menu-meta_description\":\"\",\"menu-meta_keywords\":\"\",\"robots\":\"\",\"secure\":0}', 11, 12, 1, '*', 0),
(102, 'mainmenu', 'O samochodach', 'o-samochodach', '', 'o-samochodach', 'index.php?option=com_content&view=article&id=1', 'component', -2, 1, 1, 22, 0, '0000-00-00 00:00:00', 0, 1, ' ', 0, '{\"show_title\":\"\",\"link_titles\":\"\",\"show_intro\":\"\",\"info_block_position\":\"\",\"info_block_show_title\":\"\",\"show_category\":\"\",\"link_category\":\"\",\"show_parent_category\":\"\",\"link_parent_category\":\"\",\"show_associations\":\"\",\"show_author\":\"\",\"link_author\":\"\",\"show_create_date\":\"\",\"show_modify_date\":\"\",\"show_publish_date\":\"\",\"show_item_navigation\":\"\",\"show_vote\":\"\",\"show_icons\":\"\",\"show_print_icon\":\"\",\"show_email_icon\":\"\",\"show_hits\":\"\",\"show_tags\":\"\",\"show_noauth\":\"\",\"urls_position\":\"\",\"menu-anchor_title\":\"\",\"menu-anchor_css\":\"\",\"menu_image\":\"\",\"menu_image_css\":\"\",\"menu_text\":1,\"menu_show\":1,\"page_title\":\"\",\"show_page_heading\":\"\",\"page_heading\":\"\",\"pageclass_sfx\":\"\",\"menu-meta_description\":\"\",\"menu-meta_keywords\":\"\",\"robots\":\"\",\"secure\":0}', 55, 56, 0, '*', 0),
(103, 'mainmenu', 'Katalog produktów', 'katalog-produktow', '', 'katalog-produktow', 'index.php?option=com_content&view=categories&id=10', 'component', 1, 1, 1, 22, 0, '0000-00-00 00:00:00', 0, 1, ' ', 0, '{\"show_base_description\":\"\",\"categories_description\":\"\",\"maxLevelcat\":\"\",\"show_empty_categories_cat\":\"\",\"show_subcat_desc_cat\":\"\",\"show_cat_num_articles_cat\":\"\",\"show_category_title\":\"\",\"show_description\":\"\",\"show_description_image\":\"\",\"maxLevel\":\"\",\"show_empty_categories\":\"\",\"show_no_articles\":\"\",\"show_subcat_desc\":\"\",\"show_cat_num_articles\":\"\",\"num_leading_articles\":\"\",\"num_intro_articles\":\"\",\"num_columns\":\"\",\"num_links\":\"\",\"multi_column_order\":\"\",\"show_subcategory_content\":\"\",\"orderby_pri\":\"\",\"orderby_sec\":\"\",\"order_date\":\"\",\"show_pagination_limit\":\"\",\"filter_field\":\"\",\"show_headings\":\"\",\"list_show_date\":\"\",\"date_format\":\"\",\"list_show_hits\":\"\",\"list_show_author\":\"\",\"display_num\":\"10\",\"show_pagination\":\"\",\"show_pagination_results\":\"\",\"article_layout\":\"_:default\",\"show_title\":\"\",\"link_titles\":\"\",\"show_intro\":\"\",\"show_category\":\"\",\"link_category\":\"\",\"show_parent_category\":\"\",\"link_parent_category\":\"\",\"show_author\":\"\",\"link_author\":\"\",\"show_create_date\":\"\",\"show_modify_date\":\"\",\"show_publish_date\":\"\",\"show_item_navigation\":\"\",\"show_vote\":\"\",\"show_readmore\":\"\",\"show_readmore_title\":\"\",\"show_icons\":\"\",\"show_print_icon\":\"\",\"show_email_icon\":\"\",\"show_hits\":\"\",\"show_noauth\":\"\",\"show_feed_link\":\"\",\"feed_summary\":\"\",\"menu-anchor_title\":\"\",\"menu-anchor_css\":\"\",\"menu_image\":\"\",\"menu_image_css\":\"\",\"menu_text\":1,\"menu_show\":1,\"page_title\":\"\",\"show_page_heading\":\"\",\"page_heading\":\"\",\"pageclass_sfx\":\"\",\"menu-meta_description\":\"\",\"menu-meta_keywords\":\"\",\"robots\":\"\",\"secure\":0}', 13, 20, 0, '*', 0),
(104, 'mainmenu', 'Biurowe', 'biurowe', '', 'katalog-produktow/biurowe', 'index.php?option=com_content&view=category&layout=blog&id=11', 'component', 1, 103, 2, 22, 0, '0000-00-00 00:00:00', 0, 1, ' ', 0, '{\"layout_type\":\"blog\",\"show_category_heading_title_text\":\"\",\"show_category_title\":\"\",\"show_description\":\"\",\"show_description_image\":\"\",\"maxLevel\":\"\",\"show_empty_categories\":\"\",\"show_no_articles\":\"\",\"show_subcat_desc\":\"\",\"show_cat_num_articles\":\"\",\"show_cat_tags\":\"\",\"page_subheading\":\"\",\"num_leading_articles\":\"\",\"num_intro_articles\":\"\",\"num_columns\":\"\",\"num_links\":\"\",\"multi_column_order\":\"\",\"show_subcategory_content\":\"\",\"orderby_pri\":\"\",\"orderby_sec\":\"\",\"order_date\":\"\",\"show_pagination\":\"\",\"show_pagination_results\":\"\",\"show_featured\":\"\",\"article_layout\":\"_:default\",\"show_title\":\"\",\"link_titles\":\"\",\"show_intro\":\"\",\"info_block_position\":\"\",\"info_block_show_title\":\"\",\"show_category\":\"\",\"link_category\":\"\",\"show_parent_category\":\"\",\"link_parent_category\":\"\",\"show_associations\":\"\",\"show_author\":\"\",\"link_author\":\"\",\"show_create_date\":\"\",\"show_modify_date\":\"\",\"show_publish_date\":\"\",\"show_item_navigation\":\"\",\"show_vote\":\"\",\"show_readmore\":\"\",\"show_readmore_title\":\"\",\"show_icons\":\"\",\"show_print_icon\":\"\",\"show_email_icon\":\"\",\"show_hits\":\"\",\"show_tags\":\"\",\"show_noauth\":\"\",\"show_feed_link\":\"\",\"feed_summary\":\"\",\"menu-anchor_title\":\"\",\"menu-anchor_css\":\"\",\"menu_image\":\"\",\"menu_image_css\":\"\",\"menu_text\":1,\"menu_show\":1,\"page_title\":\"\",\"show_page_heading\":\"\",\"page_heading\":\"\",\"pageclass_sfx\":\"\",\"menu-meta_description\":\"\",\"menu-meta_keywords\":\"\",\"robots\":\"\",\"secure\":0}', 14, 15, 0, '*', 0),
(105, 'mainmenu', 'Kursy', 'kursy', '', 'kursy', 'index.php?option=com_content&view=category&layout=blog&id=14', 'component', 1, 1, 1, 22, 0, '0000-00-00 00:00:00', 0, 1, ' ', 0, '{\"layout_type\":\"blog\",\"show_category_heading_title_text\":\"\",\"show_category_title\":\"\",\"show_description\":\"\",\"show_description_image\":\"\",\"maxLevel\":\"\",\"show_empty_categories\":\"\",\"show_no_articles\":\"\",\"show_subcat_desc\":\"\",\"show_cat_num_articles\":\"\",\"show_cat_tags\":\"\",\"page_subheading\":\"\",\"num_leading_articles\":\"\",\"num_intro_articles\":\"\",\"num_columns\":\"\",\"num_links\":\"\",\"multi_column_order\":\"\",\"show_subcategory_content\":\"\",\"orderby_pri\":\"\",\"orderby_sec\":\"\",\"order_date\":\"\",\"show_pagination\":\"\",\"show_pagination_results\":\"\",\"show_featured\":\"\",\"article_layout\":\"_:default\",\"show_title\":\"\",\"link_titles\":\"\",\"show_intro\":\"\",\"info_block_position\":\"\",\"info_block_show_title\":\"\",\"show_category\":\"\",\"link_category\":\"\",\"show_parent_category\":\"\",\"link_parent_category\":\"\",\"show_associations\":\"\",\"show_author\":\"\",\"link_author\":\"\",\"show_create_date\":\"\",\"show_modify_date\":\"\",\"show_publish_date\":\"\",\"show_item_navigation\":\"\",\"show_vote\":\"\",\"show_readmore\":\"\",\"show_readmore_title\":\"\",\"show_icons\":\"\",\"show_print_icon\":\"\",\"show_email_icon\":\"\",\"show_hits\":\"\",\"show_tags\":\"\",\"show_noauth\":\"\",\"show_feed_link\":\"\",\"feed_summary\":\"\",\"menu-anchor_title\":\"\",\"menu-anchor_css\":\"\",\"menu_image\":\"\",\"menu_image_css\":\"\",\"menu_text\":1,\"menu_show\":1,\"page_title\":\"\",\"show_page_heading\":\"\",\"page_heading\":\"\",\"pageclass_sfx\":\"\",\"menu-meta_description\":\"\",\"menu-meta_keywords\":\"\",\"robots\":\"\",\"secure\":0}', 23, 24, 0, '*', 0),
(106, 'mainmenu', 'Zamawianie', 'zamawianie', '', 'zamawianie', 'index.php?option=com_content&view=category&layout=blog&id=15', 'component', 1, 1, 1, 22, 0, '0000-00-00 00:00:00', 0, 1, ' ', 0, '{\"layout_type\":\"blog\",\"show_category_heading_title_text\":\"\",\"show_category_title\":\"\",\"show_description\":\"\",\"show_description_image\":\"\",\"maxLevel\":\"\",\"show_empty_categories\":\"\",\"show_no_articles\":\"\",\"show_subcat_desc\":\"\",\"show_cat_num_articles\":\"\",\"show_cat_tags\":\"\",\"page_subheading\":\"\",\"num_leading_articles\":\"\",\"num_intro_articles\":\"\",\"num_columns\":\"\",\"num_links\":\"\",\"multi_column_order\":\"\",\"show_subcategory_content\":\"\",\"orderby_pri\":\"\",\"orderby_sec\":\"\",\"order_date\":\"\",\"show_pagination\":\"\",\"show_pagination_results\":\"\",\"show_featured\":\"\",\"article_layout\":\"_:default\",\"show_title\":\"\",\"link_titles\":\"\",\"show_intro\":\"\",\"info_block_position\":\"\",\"info_block_show_title\":\"\",\"show_category\":\"\",\"link_category\":\"\",\"show_parent_category\":\"\",\"link_parent_category\":\"\",\"show_associations\":\"\",\"show_author\":\"\",\"link_author\":\"\",\"show_create_date\":\"\",\"show_modify_date\":\"\",\"show_publish_date\":\"\",\"show_item_navigation\":\"\",\"show_vote\":\"\",\"show_readmore\":\"\",\"show_readmore_title\":\"\",\"show_icons\":\"\",\"show_print_icon\":\"\",\"show_email_icon\":\"\",\"show_hits\":\"\",\"show_tags\":\"\",\"show_noauth\":\"\",\"show_feed_link\":\"\",\"feed_summary\":\"\",\"menu-anchor_title\":\"\",\"menu-anchor_css\":\"\",\"menu_image\":\"\",\"menu_image_css\":\"\",\"menu_text\":1,\"menu_show\":1,\"page_title\":\"\",\"show_page_heading\":\"\",\"page_heading\":\"\",\"pageclass_sfx\":\"\",\"menu-meta_description\":\"\",\"menu-meta_keywords\":\"\",\"robots\":\"\",\"secure\":0}', 21, 22, 0, '*', 0),
(107, 'mainmenu', 'Grafika', 'grafika', '', 'katalog-produktow/grafika', 'index.php?option=com_content&view=category&layout=blog&id=12', 'component', 1, 103, 2, 22, 0, '0000-00-00 00:00:00', 0, 1, ' ', 0, '{\"layout_type\":\"blog\",\"show_category_heading_title_text\":\"\",\"show_category_title\":\"\",\"show_description\":\"\",\"show_description_image\":\"\",\"maxLevel\":\"\",\"show_empty_categories\":\"\",\"show_no_articles\":\"\",\"show_subcat_desc\":\"\",\"show_cat_num_articles\":\"\",\"show_cat_tags\":\"\",\"page_subheading\":\"\",\"num_leading_articles\":\"\",\"num_intro_articles\":\"\",\"num_columns\":\"\",\"num_links\":\"\",\"multi_column_order\":\"\",\"show_subcategory_content\":\"\",\"orderby_pri\":\"\",\"orderby_sec\":\"\",\"order_date\":\"\",\"show_pagination\":\"\",\"show_pagination_results\":\"\",\"show_featured\":\"\",\"article_layout\":\"_:default\",\"show_title\":\"\",\"link_titles\":\"\",\"show_intro\":\"\",\"info_block_position\":\"\",\"info_block_show_title\":\"\",\"show_category\":\"\",\"link_category\":\"\",\"show_parent_category\":\"\",\"link_parent_category\":\"\",\"show_associations\":\"\",\"show_author\":\"\",\"link_author\":\"\",\"show_create_date\":\"\",\"show_modify_date\":\"\",\"show_publish_date\":\"\",\"show_item_navigation\":\"\",\"show_vote\":\"\",\"show_readmore\":\"\",\"show_readmore_title\":\"\",\"show_icons\":\"\",\"show_print_icon\":\"\",\"show_email_icon\":\"\",\"show_hits\":\"\",\"show_tags\":\"\",\"show_noauth\":\"\",\"show_feed_link\":\"\",\"feed_summary\":\"\",\"menu-anchor_title\":\"\",\"menu-anchor_css\":\"\",\"menu_image\":\"\",\"menu_image_css\":\"\",\"menu_text\":1,\"menu_show\":1,\"page_title\":\"\",\"show_page_heading\":\"\",\"page_heading\":\"\",\"pageclass_sfx\":\"\",\"menu-meta_description\":\"\",\"menu-meta_keywords\":\"\",\"robots\":\"\",\"secure\":0}', 16, 17, 0, '*', 0),
(108, 'mainmenu', 'Internet', 'internet', '', 'katalog-produktow/internet', 'index.php?option=com_content&view=category&layout=blog&id=13', 'component', 1, 103, 2, 22, 0, '0000-00-00 00:00:00', 0, 1, ' ', 0, '{\"layout_type\":\"blog\",\"show_category_heading_title_text\":\"\",\"show_category_title\":\"\",\"show_description\":\"\",\"show_description_image\":\"\",\"maxLevel\":\"\",\"show_empty_categories\":\"\",\"show_no_articles\":\"\",\"show_subcat_desc\":\"\",\"show_cat_num_articles\":\"\",\"show_cat_tags\":\"\",\"page_subheading\":\"\",\"num_leading_articles\":\"\",\"num_intro_articles\":\"\",\"num_columns\":\"\",\"num_links\":\"\",\"multi_column_order\":\"\",\"show_subcategory_content\":\"\",\"orderby_pri\":\"\",\"orderby_sec\":\"\",\"order_date\":\"\",\"show_pagination\":\"\",\"show_pagination_results\":\"\",\"show_featured\":\"\",\"article_layout\":\"_:default\",\"show_title\":\"\",\"link_titles\":\"\",\"show_intro\":\"\",\"info_block_position\":\"\",\"info_block_show_title\":\"\",\"show_category\":\"\",\"link_category\":\"\",\"show_parent_category\":\"\",\"link_parent_category\":\"\",\"show_associations\":\"\",\"show_author\":\"\",\"link_author\":\"\",\"show_create_date\":\"\",\"show_modify_date\":\"\",\"show_publish_date\":\"\",\"show_item_navigation\":\"\",\"show_vote\":\"\",\"show_readmore\":\"\",\"show_readmore_title\":\"\",\"show_icons\":\"\",\"show_print_icon\":\"\",\"show_email_icon\":\"\",\"show_hits\":\"\",\"show_tags\":\"\",\"show_noauth\":\"\",\"show_feed_link\":\"\",\"feed_summary\":\"\",\"menu-anchor_title\":\"\",\"menu-anchor_css\":\"\",\"menu_image\":\"\",\"menu_image_css\":\"\",\"menu_text\":1,\"menu_show\":1,\"page_title\":\"\",\"show_page_heading\":\"\",\"page_heading\":\"\",\"pageclass_sfx\":\"\",\"menu-meta_description\":\"\",\"menu-meta_keywords\":\"\",\"robots\":\"\",\"secure\":0}', 18, 19, 0, '*', 0),
(109, 'mainmenu', 'Dodaj artykuł', 'dodaj-artykul', '', 'dodaj-artykul', 'index.php?option=com_content&view=form&layout=edit', 'component', 1, 1, 1, 22, 0, '0000-00-00 00:00:00', 0, 2, ' ', 0, '{\"enable_category\":\"0\",\"catid\":\"\",\"redirect_menuitem\":\"\",\"custom_cancel_redirect\":\"0\",\"cancel_redirect_menuitem\":\"\",\"menu-anchor_title\":\"\",\"menu-anchor_css\":\"\",\"menu_image\":\"\",\"menu_image_css\":\"\",\"menu_text\":1,\"menu_show\":1,\"page_title\":\"\",\"show_page_heading\":\"\",\"page_heading\":\"\",\"pageclass_sfx\":\"\",\"menu-meta_description\":\"\",\"menu-meta_keywords\":\"\",\"robots\":\"\",\"secure\":0}', 57, 58, 0, '*', 0),
(110, 'mainmenu', 'Różne', 'rozne', '', 'rozne', 'index.php?option=com_content&view=category&layout=blog&id=16', 'component', 1, 1, 1, 22, 0, '0000-00-00 00:00:00', 0, 1, ' ', 0, '{\"layout_type\":\"blog\",\"show_category_heading_title_text\":\"\",\"show_category_title\":\"\",\"show_description\":\"\",\"show_description_image\":\"\",\"maxLevel\":\"\",\"show_empty_categories\":\"\",\"show_no_articles\":\"\",\"show_subcat_desc\":\"\",\"show_cat_num_articles\":\"\",\"show_cat_tags\":\"\",\"page_subheading\":\"\",\"num_leading_articles\":\"\",\"num_intro_articles\":\"\",\"num_columns\":\"\",\"num_links\":\"\",\"multi_column_order\":\"\",\"show_subcategory_content\":\"\",\"orderby_pri\":\"\",\"orderby_sec\":\"\",\"order_date\":\"\",\"show_pagination\":\"\",\"show_pagination_results\":\"\",\"show_featured\":\"\",\"article_layout\":\"_:default\",\"show_title\":\"\",\"link_titles\":\"\",\"show_intro\":\"\",\"info_block_position\":\"\",\"info_block_show_title\":\"\",\"show_category\":\"\",\"link_category\":\"\",\"show_parent_category\":\"\",\"link_parent_category\":\"\",\"show_associations\":\"\",\"show_author\":\"\",\"link_author\":\"\",\"show_create_date\":\"\",\"show_modify_date\":\"\",\"show_publish_date\":\"\",\"show_item_navigation\":\"\",\"show_vote\":\"\",\"show_readmore\":\"\",\"show_readmore_title\":\"\",\"show_icons\":\"\",\"show_print_icon\":\"\",\"show_email_icon\":\"\",\"show_hits\":\"\",\"show_tags\":\"\",\"show_noauth\":\"\",\"show_feed_link\":\"\",\"feed_summary\":\"\",\"menu-anchor_title\":\"\",\"menu-anchor_css\":\"\",\"menu_image\":\"\",\"menu_image_css\":\"\",\"menu_text\":1,\"menu_show\":1,\"page_title\":\"\",\"show_page_heading\":\"\",\"page_heading\":\"\",\"pageclass_sfx\":\"\",\"menu-meta_description\":\"\",\"menu-meta_keywords\":\"\",\"robots\":\"\",\"secure\":0}', 59, 60, 0, '*', 0),
(111, 'main', 'COM_PHOCAGALLERY', 'com-phocagallery', '', 'com-phocagallery', 'index.php?option=com_phocagallery', 'component', 1, 1, 1, 10003, 0, '0000-00-00 00:00:00', 0, 1, 'class:cp', 0, '{}', 61, 86, 0, '', 1),
(112, 'main', 'COM_PHOCAGALLERY_CONTROLPANEL', 'com-phocagallery-controlpanel', '', 'com-phocagallery/com-phocagallery-controlpanel', 'index.php?option=com_phocagallery', 'component', 1, 111, 2, 10003, 0, '0000-00-00 00:00:00', 0, 1, 'class:cp', 0, '{}', 62, 63, 0, '', 1),
(113, 'main', 'COM_PHOCAGALLERY_IMAGES', 'com-phocagallery-images', '', 'com-phocagallery/com-phocagallery-images', 'index.php?option=com_phocagallery&view=phocagalleryimgs', 'component', 1, 111, 2, 10003, 0, '0000-00-00 00:00:00', 0, 1, 'class:images', 0, '{}', 64, 65, 0, '', 1),
(114, 'main', 'COM_PHOCAGALLERY_CATEGORIES', 'com-phocagallery-categories', '', 'com-phocagallery/com-phocagallery-categories', 'index.php?option=com_phocagallery&view=phocagallerycs', 'component', 1, 111, 2, 10003, 0, '0000-00-00 00:00:00', 0, 1, 'class:categories', 0, '{}', 66, 67, 0, '', 1),
(115, 'main', 'COM_PHOCAGALLERY_THEMES', 'com-phocagallery-themes', '', 'com-phocagallery/com-phocagallery-themes', 'index.php?option=com_phocagallery&view=phocagalleryt', 'component', 1, 111, 2, 10003, 0, '0000-00-00 00:00:00', 0, 1, 'class:themes', 0, '{}', 68, 69, 0, '', 1),
(116, 'main', 'COM_PHOCAGALLERY_CATEGORYRATING', 'com-phocagallery-categoryrating', '', 'com-phocagallery/com-phocagallery-categoryrating', 'index.php?option=com_phocagallery&view=phocagalleryra', 'component', 1, 111, 2, 10003, 0, '0000-00-00 00:00:00', 0, 1, 'class:rate-categories', 0, '{}', 70, 71, 0, '', 1),
(117, 'main', 'COM_PHOCAGALLERY_IMAGERATING', 'com-phocagallery-imagerating', '', 'com-phocagallery/com-phocagallery-imagerating', 'index.php?option=com_phocagallery&view=phocagalleryraimg', 'component', 1, 111, 2, 10003, 0, '0000-00-00 00:00:00', 0, 1, 'class:rate-images', 0, '{}', 72, 73, 0, '', 1),
(118, 'main', 'COM_PHOCAGALLERY_CATEGORYCOMMENTS', 'com-phocagallery-categorycomments', '', 'com-phocagallery/com-phocagallery-categorycomments', 'index.php?option=com_phocagallery&view=phocagallerycos', 'component', 1, 111, 2, 10003, 0, '0000-00-00 00:00:00', 0, 1, 'class:comment-categories', 0, '{}', 74, 75, 0, '', 1),
(119, 'main', 'COM_PHOCAGALLERY_IMAGECOMMENTS', 'com-phocagallery-imagecomments', '', 'com-phocagallery/com-phocagallery-imagecomments', 'index.php?option=com_phocagallery&view=phocagallerycoimgs', 'component', 1, 111, 2, 10003, 0, '0000-00-00 00:00:00', 0, 1, 'class:comment-images', 0, '{}', 76, 77, 0, '', 1),
(120, 'main', 'COM_PHOCAGALLERY_USERS', 'com-phocagallery-users', '', 'com-phocagallery/com-phocagallery-users', 'index.php?option=com_phocagallery&view=phocagalleryusers', 'component', 1, 111, 2, 10003, 0, '0000-00-00 00:00:00', 0, 1, 'class:users', 0, '{}', 78, 79, 0, '', 1),
(121, 'main', 'COM_PHOCAGALLERY_TAGS', 'com-phocagallery-tags', '', 'com-phocagallery/com-phocagallery-tags', 'index.php?option=com_phocagallery&view=phocagallerytags', 'component', 1, 111, 2, 10003, 0, '0000-00-00 00:00:00', 0, 1, 'class:tags', 0, '{}', 80, 81, 0, '', 1),
(122, 'main', 'COM_PHOCAGALLERY_STYLES', 'com-phocagallery-styles', '', 'com-phocagallery/com-phocagallery-styles', 'index.php?option=com_phocagallery&view=phocagalleryefs', 'component', 1, 111, 2, 10003, 0, '0000-00-00 00:00:00', 0, 1, 'class:styles', 0, '{}', 82, 83, 0, '', 1),
(123, 'main', 'COM_PHOCAGALLERY_INFO', 'com-phocagallery-info', '', 'com-phocagallery/com-phocagallery-info', 'index.php?option=com_phocagallery&view=phocagalleryin', 'component', 1, 111, 2, 10003, 0, '0000-00-00 00:00:00', 0, 1, 'class:info', 0, '{}', 84, 85, 0, '', 1),
(124, 'mainmenu', 'Galeria borowik', 'galeria-borowik', '', 'galeria-borowik', 'index.php?option=com_phocagallery&view=category&id=1', 'component', 1, 1, 1, 10003, 719, '2021-04-19 07:35:15', 0, 1, ' ', 0, '{\"show_pagination_categories\":\"0\",\"show_pagination_category\":\"1\",\"show_pagination_limit_categories\":\"0\",\"show_pagination_limit_category\":\"1\",\"show_ordering_categories\":\"0\",\"show_ordering_images\":\"1\",\"display_menu_link_title\":\"1\",\"display_cat_name_title\":\"1\",\"display_cat_name_breadcrumbs\":\"0\",\"menu-anchor_title\":\"\",\"menu-anchor_css\":\"\",\"menu_image\":\"\",\"menu_image_css\":\"\",\"menu_text\":1,\"menu_show\":1,\"page_title\":\"\",\"show_page_heading\":\"\",\"page_heading\":\"\",\"pageclass_sfx\":\"\",\"menu-meta_description\":\"\",\"menu-meta_keywords\":\"\",\"robots\":\"\",\"secure\":0}', 87, 88, 0, '*', 0);

-- --------------------------------------------------------

--
-- Struktura tabeli dla tabeli `zzux2_menu_types`
--

CREATE TABLE `zzux2_menu_types` (
  `id` int(10) UNSIGNED NOT NULL,
  `asset_id` int(10) UNSIGNED NOT NULL DEFAULT 0,
  `menutype` varchar(24) COLLATE utf8mb4_unicode_ci NOT NULL,
  `title` varchar(48) COLLATE utf8mb4_unicode_ci NOT NULL,
  `description` varchar(255) COLLATE utf8mb4_unicode_ci NOT NULL DEFAULT '',
  `client_id` int(11) NOT NULL DEFAULT 0
) ENGINE=InnoDB DEFAULT CHARSET=utf8mb4 COLLATE=utf8mb4_unicode_ci;

--
-- Zrzut danych tabeli `zzux2_menu_types`
--

INSERT INTO `zzux2_menu_types` (`id`, `asset_id`, `menutype`, `title`, `description`, `client_id`) VALUES
(1, 0, 'mainmenu', 'Main Menu', 'The main menu for the site', 0);

-- --------------------------------------------------------

--
-- Struktura tabeli dla tabeli `zzux2_messages`
--

CREATE TABLE `zzux2_messages` (
  `message_id` int(10) UNSIGNED NOT NULL,
  `user_id_from` int(10) UNSIGNED NOT NULL DEFAULT 0,
  `user_id_to` int(10) UNSIGNED NOT NULL DEFAULT 0,
  `folder_id` tinyint(3) UNSIGNED NOT NULL DEFAULT 0,
  `date_time` datetime NOT NULL DEFAULT '0000-00-00 00:00:00',
  `state` tinyint(1) NOT NULL DEFAULT 0,
  `priority` tinyint(1) UNSIGNED NOT NULL DEFAULT 0,
  `subject` varchar(255) COLLATE utf8mb4_unicode_ci NOT NULL DEFAULT '',
  `message` text COLLATE utf8mb4_unicode_ci NOT NULL
) ENGINE=InnoDB DEFAULT CHARSET=utf8mb4 COLLATE=utf8mb4_unicode_ci;

--
-- Zrzut danych tabeli `zzux2_messages`
--

INSERT INTO `zzux2_messages` (`message_id`, `user_id_from`, `user_id_to`, `folder_id`, `date_time`, `state`, `priority`, `subject`, `message`) VALUES
(1, 721, 719, 0, '2021-04-19 06:32:45', 0, 0, 'New Article', 'A new Article has been submitted by \'autor\' entitled \'Artykuł autora\'.');

-- --------------------------------------------------------

--
-- Struktura tabeli dla tabeli `zzux2_messages_cfg`
--

CREATE TABLE `zzux2_messages_cfg` (
  `user_id` int(10) UNSIGNED NOT NULL DEFAULT 0,
  `cfg_name` varchar(100) COLLATE utf8mb4_unicode_ci NOT NULL DEFAULT '',
  `cfg_value` varchar(255) COLLATE utf8mb4_unicode_ci NOT NULL DEFAULT ''
) ENGINE=InnoDB DEFAULT CHARSET=utf8mb4 COLLATE=utf8mb4_unicode_ci;

-- --------------------------------------------------------

--
-- Struktura tabeli dla tabeli `zzux2_modules`
--

CREATE TABLE `zzux2_modules` (
  `id` int(11) NOT NULL,
  `asset_id` int(10) UNSIGNED NOT NULL DEFAULT 0 COMMENT 'FK to the #__assets table.',
  `title` varchar(100) COLLATE utf8mb4_unicode_ci NOT NULL DEFAULT '',
  `note` varchar(255) COLLATE utf8mb4_unicode_ci NOT NULL DEFAULT '',
  `content` text COLLATE utf8mb4_unicode_ci DEFAULT NULL,
  `ordering` int(11) NOT NULL DEFAULT 0,
  `position` varchar(50) COLLATE utf8mb4_unicode_ci NOT NULL DEFAULT '',
  `checked_out` int(10) UNSIGNED NOT NULL DEFAULT 0,
  `checked_out_time` datetime NOT NULL DEFAULT '0000-00-00 00:00:00',
  `publish_up` datetime NOT NULL DEFAULT '0000-00-00 00:00:00',
  `publish_down` datetime NOT NULL DEFAULT '0000-00-00 00:00:00',
  `published` tinyint(1) NOT NULL DEFAULT 0,
  `module` varchar(50) COLLATE utf8mb4_unicode_ci DEFAULT NULL,
  `access` int(10) UNSIGNED NOT NULL DEFAULT 0,
  `showtitle` tinyint(3) UNSIGNED NOT NULL DEFAULT 1,
  `params` text COLLATE utf8mb4_unicode_ci NOT NULL,
  `client_id` tinyint(4) NOT NULL DEFAULT 0,
  `language` char(7) COLLATE utf8mb4_unicode_ci NOT NULL
) ENGINE=InnoDB DEFAULT CHARSET=utf8mb4 COLLATE=utf8mb4_unicode_ci;

--
-- Zrzut danych tabeli `zzux2_modules`
--

INSERT INTO `zzux2_modules` (`id`, `asset_id`, `title`, `note`, `content`, `ordering`, `position`, `checked_out`, `checked_out_time`, `publish_up`, `publish_down`, `published`, `module`, `access`, `showtitle`, `params`, `client_id`, `language`) VALUES
(1, 39, 'Main Menu', '', '', 1, 'position-7', 0, '0000-00-00 00:00:00', '0000-00-00 00:00:00', '0000-00-00 00:00:00', 1, 'mod_menu', 1, 1, '{\"menutype\":\"mainmenu\",\"startLevel\":\"0\",\"endLevel\":\"0\",\"showAllChildren\":\"1\",\"tag_id\":\"\",\"class_sfx\":\"\",\"window_open\":\"\",\"layout\":\"\",\"moduleclass_sfx\":\"_menu\",\"cache\":\"1\",\"cache_time\":\"900\",\"cachemode\":\"itemid\"}', 0, '*'),
(2, 40, 'Login', '', '', 1, 'login', 0, '0000-00-00 00:00:00', '0000-00-00 00:00:00', '0000-00-00 00:00:00', 1, 'mod_login', 1, 1, '', 1, '*'),
(3, 41, 'Popular Articles', '', '', 3, 'cpanel', 0, '0000-00-00 00:00:00', '0000-00-00 00:00:00', '0000-00-00 00:00:00', 1, 'mod_popular', 3, 1, '{\"count\":\"5\",\"catid\":\"\",\"user_id\":\"0\",\"layout\":\"_:default\",\"moduleclass_sfx\":\"\",\"cache\":\"0\"}', 1, '*'),
(4, 42, 'Recently Added Articles', '', '', 4, 'cpanel', 0, '0000-00-00 00:00:00', '0000-00-00 00:00:00', '0000-00-00 00:00:00', 1, 'mod_latest', 3, 1, '{\"count\":\"5\",\"ordering\":\"c_dsc\",\"catid\":\"\",\"user_id\":\"0\",\"layout\":\"_:default\",\"moduleclass_sfx\":\"\",\"cache\":\"0\"}', 1, '*'),
(8, 43, 'Toolbar', '', '', 1, 'toolbar', 0, '0000-00-00 00:00:00', '0000-00-00 00:00:00', '0000-00-00 00:00:00', 1, 'mod_toolbar', 3, 1, '', 1, '*'),
(9, 44, 'Quick Icons', '', '', 1, 'icon', 0, '0000-00-00 00:00:00', '0000-00-00 00:00:00', '0000-00-00 00:00:00', 1, 'mod_quickicon', 3, 1, '', 1, '*'),
(10, 45, 'Logged-in Users', '', '', 2, 'cpanel', 0, '0000-00-00 00:00:00', '0000-00-00 00:00:00', '0000-00-00 00:00:00', 1, 'mod_logged', 3, 1, '{\"count\":\"5\",\"name\":\"1\",\"layout\":\"_:default\",\"moduleclass_sfx\":\"\",\"cache\":\"0\"}', 1, '*'),
(12, 46, 'Admin Menu', '', '', 1, 'menu', 0, '0000-00-00 00:00:00', '0000-00-00 00:00:00', '0000-00-00 00:00:00', 1, 'mod_menu', 3, 1, '{\"layout\":\"\",\"moduleclass_sfx\":\"\",\"shownew\":\"1\",\"showhelp\":\"1\",\"cache\":\"0\"}', 1, '*'),
(13, 47, 'Admin Submenu', '', '', 1, 'submenu', 0, '0000-00-00 00:00:00', '0000-00-00 00:00:00', '0000-00-00 00:00:00', 1, 'mod_submenu', 3, 1, '', 1, '*'),
(14, 48, 'User Status', '', '', 2, 'status', 0, '0000-00-00 00:00:00', '0000-00-00 00:00:00', '0000-00-00 00:00:00', 1, 'mod_status', 3, 1, '', 1, '*'),
(15, 49, 'Title', '', '', 1, 'title', 0, '0000-00-00 00:00:00', '0000-00-00 00:00:00', '0000-00-00 00:00:00', 1, 'mod_title', 3, 1, '', 1, '*'),
(16, 50, 'Login Form', '', '', 7, 'position-7', 719, '2021-04-19 06:18:46', '0000-00-00 00:00:00', '0000-00-00 00:00:00', 1, 'mod_login', 1, 1, '{\"greeting\":\"1\",\"name\":\"0\"}', 0, '*'),
(17, 51, 'Breadcrumbs', '', '', 1, 'position-2', 0, '0000-00-00 00:00:00', '0000-00-00 00:00:00', '0000-00-00 00:00:00', 1, 'mod_breadcrumbs', 1, 1, '{\"moduleclass_sfx\":\"\",\"showHome\":\"1\",\"homeText\":\"\",\"showComponent\":\"1\",\"separator\":\"\",\"cache\":\"0\",\"cache_time\":\"0\",\"cachemode\":\"itemid\"}', 0, '*'),
(79, 52, 'Multilanguage status', '', '', 1, 'status', 0, '0000-00-00 00:00:00', '0000-00-00 00:00:00', '0000-00-00 00:00:00', 0, 'mod_multilangstatus', 3, 1, '{\"layout\":\"_:default\",\"moduleclass_sfx\":\"\",\"cache\":\"0\"}', 1, '*'),
(86, 53, 'Joomla Version', '', '', 1, 'footer', 0, '0000-00-00 00:00:00', '0000-00-00 00:00:00', '0000-00-00 00:00:00', 1, 'mod_version', 3, 1, '{\"format\":\"short\",\"product\":\"1\",\"layout\":\"_:default\",\"moduleclass_sfx\":\"\",\"cache\":\"0\"}', 1, '*'),
(87, 55, 'Sample Data', '', '', 0, 'cpanel', 0, '0000-00-00 00:00:00', '0000-00-00 00:00:00', '0000-00-00 00:00:00', 1, 'mod_sampledata', 6, 1, '{}', 1, '*'),
(88, 58, 'Latest Actions', '', '', 0, 'cpanel', 0, '0000-00-00 00:00:00', '0000-00-00 00:00:00', '0000-00-00 00:00:00', 1, 'mod_latestactions', 6, 1, '{}', 1, '*'),
(89, 59, 'Privacy Dashboard', '', '', 0, 'cpanel', 0, '0000-00-00 00:00:00', '0000-00-00 00:00:00', '0000-00-00 00:00:00', 1, 'mod_privacy_dashboard', 6, 1, '{}', 1, '*');

-- --------------------------------------------------------

--
-- Struktura tabeli dla tabeli `zzux2_modules_menu`
--

CREATE TABLE `zzux2_modules_menu` (
  `moduleid` int(11) NOT NULL DEFAULT 0,
  `menuid` int(11) NOT NULL DEFAULT 0
) ENGINE=InnoDB DEFAULT CHARSET=utf8mb4 COLLATE=utf8mb4_unicode_ci;

--
-- Zrzut danych tabeli `zzux2_modules_menu`
--

INSERT INTO `zzux2_modules_menu` (`moduleid`, `menuid`) VALUES
(1, 0),
(2, 0),
(3, 0),
(4, 0),
(6, 0),
(7, 0),
(8, 0),
(9, 0),
(10, 0),
(12, 0),
(13, 0),
(14, 0),
(15, 0),
(16, 0),
(17, 0),
(79, 0),
(86, 0),
(87, 0),
(88, 0),
(89, 0);

-- --------------------------------------------------------

--
-- Struktura tabeli dla tabeli `zzux2_newsfeeds`
--

CREATE TABLE `zzux2_newsfeeds` (
  `catid` int(11) NOT NULL DEFAULT 0,
  `id` int(10) UNSIGNED NOT NULL,
  `name` varchar(100) COLLATE utf8mb4_unicode_ci NOT NULL DEFAULT '',
  `alias` varchar(400) CHARACTER SET utf8mb4 COLLATE utf8mb4_bin NOT NULL DEFAULT '',
  `link` varchar(2048) COLLATE utf8mb4_unicode_ci NOT NULL DEFAULT '',
  `published` tinyint(1) NOT NULL DEFAULT 0,
  `numarticles` int(10) UNSIGNED NOT NULL DEFAULT 1,
  `cache_time` int(10) UNSIGNED NOT NULL DEFAULT 3600,
  `checked_out` int(10) UNSIGNED NOT NULL DEFAULT 0,
  `checked_out_time` datetime NOT NULL DEFAULT '0000-00-00 00:00:00',
  `ordering` int(11) NOT NULL DEFAULT 0,
  `rtl` tinyint(4) NOT NULL DEFAULT 0,
  `access` int(10) UNSIGNED NOT NULL DEFAULT 0,
  `language` char(7) COLLATE utf8mb4_unicode_ci NOT NULL DEFAULT '',
  `params` text COLLATE utf8mb4_unicode_ci NOT NULL,
  `created` datetime NOT NULL DEFAULT '0000-00-00 00:00:00',
  `created_by` int(10) UNSIGNED NOT NULL DEFAULT 0,
  `created_by_alias` varchar(255) COLLATE utf8mb4_unicode_ci NOT NULL DEFAULT '',
  `modified` datetime NOT NULL DEFAULT '0000-00-00 00:00:00',
  `modified_by` int(10) UNSIGNED NOT NULL DEFAULT 0,
  `metakey` text COLLATE utf8mb4_unicode_ci NOT NULL,
  `metadesc` text COLLATE utf8mb4_unicode_ci NOT NULL,
  `metadata` text COLLATE utf8mb4_unicode_ci NOT NULL,
  `xreference` varchar(50) COLLATE utf8mb4_unicode_ci NOT NULL DEFAULT '' COMMENT 'A reference to enable linkages to external data sets.',
  `publish_up` datetime NOT NULL DEFAULT '0000-00-00 00:00:00',
  `publish_down` datetime NOT NULL DEFAULT '0000-00-00 00:00:00',
  `description` text COLLATE utf8mb4_unicode_ci NOT NULL,
  `version` int(10) UNSIGNED NOT NULL DEFAULT 1,
  `hits` int(10) UNSIGNED NOT NULL DEFAULT 0,
  `images` text COLLATE utf8mb4_unicode_ci NOT NULL
) ENGINE=InnoDB DEFAULT CHARSET=utf8mb4 COLLATE=utf8mb4_unicode_ci;

-- --------------------------------------------------------

--
-- Struktura tabeli dla tabeli `zzux2_overrider`
--

CREATE TABLE `zzux2_overrider` (
  `id` int(10) NOT NULL COMMENT 'Primary Key',
  `constant` varchar(255) COLLATE utf8mb4_unicode_ci NOT NULL,
  `string` text COLLATE utf8mb4_unicode_ci NOT NULL,
  `file` varchar(255) COLLATE utf8mb4_unicode_ci NOT NULL
) ENGINE=InnoDB DEFAULT CHARSET=utf8mb4 COLLATE=utf8mb4_unicode_ci;

-- --------------------------------------------------------

--
-- Struktura tabeli dla tabeli `zzux2_phocagallery`
--

CREATE TABLE `zzux2_phocagallery` (
  `id` int(11) UNSIGNED NOT NULL,
  `catid` int(11) NOT NULL DEFAULT 0,
  `sid` int(11) NOT NULL DEFAULT 0,
  `title` varchar(250) NOT NULL DEFAULT '',
  `alias` varchar(255) NOT NULL DEFAULT '',
  `filename` varchar(250) NOT NULL DEFAULT '',
  `format` tinyint(1) NOT NULL DEFAULT 0,
  `description` text DEFAULT NULL,
  `date` datetime NOT NULL DEFAULT '0000-00-00 00:00:00',
  `hits` int(11) NOT NULL DEFAULT 0,
  `latitude` varchar(20) NOT NULL DEFAULT '',
  `longitude` varchar(20) NOT NULL DEFAULT '',
  `zoom` int(3) NOT NULL DEFAULT 0,
  `geotitle` varchar(255) NOT NULL DEFAULT '',
  `userid` int(11) NOT NULL DEFAULT 0,
  `videocode` text DEFAULT NULL,
  `vmproductid` int(11) NOT NULL DEFAULT 0,
  `pcproductid` int(11) NOT NULL DEFAULT 0,
  `imgorigsize` int(11) NOT NULL DEFAULT 0,
  `published` tinyint(1) NOT NULL DEFAULT 0,
  `approved` tinyint(1) NOT NULL DEFAULT 0,
  `checked_out` int(11) NOT NULL DEFAULT 0,
  `checked_out_time` datetime NOT NULL DEFAULT '0000-00-00 00:00:00',
  `ordering` int(11) NOT NULL DEFAULT 0,
  `params` text DEFAULT NULL,
  `metakey` text DEFAULT NULL,
  `metadesc` text DEFAULT NULL,
  `metadata` text DEFAULT NULL,
  `extlink1` text DEFAULT NULL,
  `extlink2` text DEFAULT NULL,
  `extid` varchar(255) NOT NULL DEFAULT '',
  `exttype` tinyint(1) NOT NULL DEFAULT 0,
  `extl` varchar(255) NOT NULL DEFAULT '',
  `extm` varchar(255) NOT NULL DEFAULT '',
  `exts` varchar(255) NOT NULL DEFAULT '',
  `exto` varchar(255) NOT NULL DEFAULT '',
  `extw` varchar(255) NOT NULL DEFAULT '',
  `exth` varchar(255) NOT NULL DEFAULT '',
  `language` char(7) NOT NULL DEFAULT ''
) ENGINE=InnoDB DEFAULT CHARSET=utf8;

--
-- Zrzut danych tabeli `zzux2_phocagallery`
--

INSERT INTO `zzux2_phocagallery` (`id`, `catid`, `sid`, `title`, `alias`, `filename`, `format`, `description`, `date`, `hits`, `latitude`, `longitude`, `zoom`, `geotitle`, `userid`, `videocode`, `vmproductid`, `pcproductid`, `imgorigsize`, `published`, `approved`, `checked_out`, `checked_out_time`, `ordering`, `params`, `metakey`, `metadesc`, `metadata`, `extlink1`, `extlink2`, `extid`, `exttype`, `extl`, `extm`, `exts`, `exto`, `extw`, `exth`, `language`) VALUES
(17, 1, 0, 'Jeszcze raz', 'raz', 'boczniak.jpg', 1, NULL, '2021-04-19 07:34:11', 0, '45.423666666667', '-77.7345', 8, '', 0, NULL, 0, 0, 27164, 1, 1, 719, '2021-04-19 07:36:18', 1, NULL, NULL, NULL, NULL, NULL, NULL, '', 0, '', '', '', '', '', '', '*'),
(18, 1, 0, 'Jeszcze raz', 'raz', 'borowik.jpg', 1, NULL, '2021-04-19 07:34:11', 0, '', '', 0, '', 0, NULL, 0, 0, 38407, 1, 1, 0, '0000-00-00 00:00:00', 2, NULL, NULL, NULL, NULL, NULL, NULL, '', 0, '', '', '', '', '', '', '*'),
(19, 1, 0, 'Jeszcze raz', 'raz', 'kania.jpg', 1, NULL, '2021-04-19 07:34:11', 0, '', '', 0, '', 0, NULL, 0, 0, 34969, 1, 1, 0, '0000-00-00 00:00:00', 3, NULL, NULL, NULL, NULL, NULL, NULL, '', 0, '', '', '', '', '', '', '*'),
(20, 1, 0, 'Jeszcze raz', 'raz', 'kurka.jpg', 1, NULL, '2021-04-19 07:34:11', 0, '', '', 0, '', 0, NULL, 0, 0, 29112, 1, 1, 0, '0000-00-00 00:00:00', 4, NULL, NULL, NULL, NULL, NULL, NULL, '', 0, '', '', '', '', '', '', '*'),
(21, 1, 0, 'Jeszcze raz', 'raz', 'pieczarka.jpg', 1, NULL, '2021-04-19 07:34:11', 0, '', '', 0, '', 0, NULL, 0, 0, 16890, 1, 1, 0, '0000-00-00 00:00:00', 5, NULL, NULL, NULL, NULL, NULL, NULL, '', 0, '', '', '', '', '', '', '*'),
(22, 1, 0, 'Jeszcze raz', 'raz', 'podgrzybek.jpg', 1, NULL, '2021-04-19 07:34:11', 0, '', '', 0, '', 0, NULL, 0, 0, 38608, 1, 1, 0, '0000-00-00 00:00:00', 6, NULL, NULL, NULL, NULL, NULL, NULL, '', 0, '', '', '', '', '', '', '*'),
(23, 1, 0, 'Jeszcze raz', 'raz', 'szatan.jpg', 1, NULL, '2021-04-19 07:34:11', 0, '', '', 0, '', 0, NULL, 0, 0, 28005, 1, 1, 0, '0000-00-00 00:00:00', 7, NULL, NULL, NULL, NULL, NULL, NULL, '', 0, '', '', '', '', '', '', '*'),
(24, 1, 0, 'Jeszcze raz', 'raz', 'trufla.jpg', 1, NULL, '2021-04-19 07:34:11', 0, '37.911616666667', '13.545794444444', 8, '', 0, NULL, 0, 0, 45563, 1, 1, 0, '0000-00-00 00:00:00', 8, NULL, NULL, NULL, NULL, NULL, NULL, '', 0, '', '', '', '', '', '', '*');

-- --------------------------------------------------------

--
-- Struktura tabeli dla tabeli `zzux2_phocagallery_categories`
--

CREATE TABLE `zzux2_phocagallery_categories` (
  `id` int(11) NOT NULL,
  `parent_id` int(11) NOT NULL DEFAULT 0,
  `owner_id` int(11) NOT NULL DEFAULT 0,
  `image_id` int(11) NOT NULL DEFAULT 0,
  `title` varchar(255) NOT NULL DEFAULT '',
  `name` varchar(255) NOT NULL DEFAULT '',
  `alias` varchar(255) NOT NULL DEFAULT '',
  `image` varchar(255) NOT NULL DEFAULT '',
  `section` varchar(50) NOT NULL DEFAULT '',
  `image_position` varchar(30) NOT NULL DEFAULT '',
  `description` text DEFAULT NULL,
  `date` datetime NOT NULL DEFAULT '0000-00-00 00:00:00',
  `published` tinyint(1) NOT NULL DEFAULT 0,
  `approved` tinyint(1) NOT NULL DEFAULT 0,
  `checked_out` int(11) UNSIGNED NOT NULL DEFAULT 0,
  `checked_out_time` datetime NOT NULL DEFAULT '0000-00-00 00:00:00',
  `editor` varchar(50) DEFAULT NULL,
  `ordering` int(11) NOT NULL DEFAULT 0,
  `access` tinyint(3) UNSIGNED NOT NULL DEFAULT 0,
  `count` int(11) NOT NULL DEFAULT 0,
  `hits` int(11) NOT NULL DEFAULT 0,
  `accessuserid` text DEFAULT NULL,
  `uploaduserid` text DEFAULT NULL,
  `deleteuserid` text DEFAULT NULL,
  `userfolder` text DEFAULT NULL,
  `latitude` varchar(20) NOT NULL DEFAULT '',
  `longitude` varchar(20) NOT NULL DEFAULT '',
  `zoom` int(3) NOT NULL DEFAULT 0,
  `geotitle` varchar(255) NOT NULL DEFAULT '',
  `extid` varchar(255) NOT NULL DEFAULT '',
  `exta` varchar(255) NOT NULL DEFAULT '',
  `extu` varchar(255) NOT NULL DEFAULT '',
  `extauth` varchar(255) NOT NULL DEFAULT '',
  `imgurclient` varchar(255) NOT NULL DEFAULT '',
  `imguralbum` varchar(255) NOT NULL DEFAULT '',
  `extfbuid` int(11) NOT NULL DEFAULT 0,
  `extfbcatid` varchar(255) NOT NULL DEFAULT '',
  `params` text DEFAULT NULL,
  `metakey` text DEFAULT NULL,
  `metadesc` text DEFAULT NULL,
  `metadata` text DEFAULT NULL,
  `language` char(7) NOT NULL DEFAULT ''
) ENGINE=InnoDB DEFAULT CHARSET=utf8;

--
-- Zrzut danych tabeli `zzux2_phocagallery_categories`
--

INSERT INTO `zzux2_phocagallery_categories` (`id`, `parent_id`, `owner_id`, `image_id`, `title`, `name`, `alias`, `image`, `section`, `image_position`, `description`, `date`, `published`, `approved`, `checked_out`, `checked_out_time`, `editor`, `ordering`, `access`, `count`, `hits`, `accessuserid`, `uploaduserid`, `deleteuserid`, `userfolder`, `latitude`, `longitude`, `zoom`, `geotitle`, `extid`, `exta`, `extu`, `extauth`, `imgurclient`, `imguralbum`, `extfbuid`, `extfbcatid`, `params`, `metakey`, `metadesc`, `metadata`, `language`) VALUES
(1, 0, 0, 0, 'Borowik', '', 'borowik', '', '', '', '', '2021-04-19 07:26:06', 1, 1, 0, '0000-00-00 00:00:00', NULL, 1, 1, 0, 32, '0', '0', '0', '', '', '', 0, '', '', '', '', '', '', '', 0, '', NULL, '', '', NULL, '*'),
(2, 1, 0, 0, 'avatars', '', 'avatars', '', '', '', NULL, '2021-04-19 07:34:11', 1, 1, 0, '0000-00-00 00:00:00', NULL, 1, 1, 0, 4, NULL, NULL, NULL, 'avatars', '', '', 0, '', '', '', '', '', '', '', 0, '', NULL, NULL, NULL, NULL, '*');

-- --------------------------------------------------------

--
-- Struktura tabeli dla tabeli `zzux2_phocagallery_comments`
--

CREATE TABLE `zzux2_phocagallery_comments` (
  `id` int(11) NOT NULL,
  `catid` int(11) NOT NULL DEFAULT 0,
  `userid` int(11) NOT NULL DEFAULT 0,
  `date` datetime NOT NULL DEFAULT '0000-00-00 00:00:00',
  `title` varchar(255) NOT NULL DEFAULT '',
  `alias` varchar(255) NOT NULL DEFAULT '',
  `comment` text DEFAULT NULL,
  `published` tinyint(1) NOT NULL DEFAULT 0,
  `checked_out` int(11) UNSIGNED NOT NULL DEFAULT 0,
  `checked_out_time` datetime NOT NULL DEFAULT '0000-00-00 00:00:00',
  `ordering` int(11) NOT NULL DEFAULT 0,
  `params` text DEFAULT NULL,
  `language` char(7) NOT NULL DEFAULT ''
) ENGINE=InnoDB DEFAULT CHARSET=utf8;

-- --------------------------------------------------------

--
-- Struktura tabeli dla tabeli `zzux2_phocagallery_fb_users`
--

CREATE TABLE `zzux2_phocagallery_fb_users` (
  `id` int(11) NOT NULL,
  `appid` varchar(255) NOT NULL DEFAULT '',
  `appsid` varchar(255) NOT NULL DEFAULT '',
  `uid` varchar(255) NOT NULL DEFAULT '',
  `name` varchar(255) NOT NULL DEFAULT '',
  `link` varchar(255) NOT NULL DEFAULT '',
  `secret` varchar(255) NOT NULL DEFAULT '',
  `base_domain` varchar(255) NOT NULL DEFAULT '',
  `expires` varchar(100) NOT NULL DEFAULT '',
  `session_key` text DEFAULT NULL,
  `access_token` text DEFAULT NULL,
  `sig` text DEFAULT NULL,
  `fanpageid` varchar(255) NOT NULL DEFAULT '',
  `published` tinyint(1) NOT NULL DEFAULT 0,
  `checked_out` int(11) UNSIGNED NOT NULL DEFAULT 0,
  `checked_out_time` datetime NOT NULL DEFAULT '0000-00-00 00:00:00',
  `ordering` int(11) NOT NULL DEFAULT 0,
  `comments` text DEFAULT NULL,
  `params` text DEFAULT NULL,
  `language` char(7) NOT NULL DEFAULT ''
) ENGINE=InnoDB DEFAULT CHARSET=utf8;

-- --------------------------------------------------------

--
-- Struktura tabeli dla tabeli `zzux2_phocagallery_img_comments`
--

CREATE TABLE `zzux2_phocagallery_img_comments` (
  `id` int(11) NOT NULL,
  `imgid` int(11) NOT NULL DEFAULT 0,
  `userid` int(11) NOT NULL DEFAULT 0,
  `date` datetime NOT NULL DEFAULT '0000-00-00 00:00:00',
  `title` varchar(255) NOT NULL DEFAULT '',
  `alias` varchar(255) NOT NULL DEFAULT '',
  `comment` text DEFAULT NULL,
  `published` tinyint(1) NOT NULL DEFAULT 0,
  `checked_out` int(11) UNSIGNED NOT NULL DEFAULT 0,
  `checked_out_time` datetime NOT NULL DEFAULT '0000-00-00 00:00:00',
  `ordering` int(11) NOT NULL DEFAULT 0,
  `params` text DEFAULT NULL,
  `language` char(7) NOT NULL DEFAULT ''
) ENGINE=InnoDB DEFAULT CHARSET=utf8;

-- --------------------------------------------------------

--
-- Struktura tabeli dla tabeli `zzux2_phocagallery_img_votes`
--

CREATE TABLE `zzux2_phocagallery_img_votes` (
  `id` int(11) NOT NULL,
  `imgid` int(11) NOT NULL DEFAULT 0,
  `userid` int(11) NOT NULL DEFAULT 0,
  `date` datetime NOT NULL DEFAULT '0000-00-00 00:00:00',
  `rating` tinyint(1) NOT NULL DEFAULT 0,
  `published` tinyint(1) NOT NULL DEFAULT 0,
  `checked_out` int(11) UNSIGNED NOT NULL DEFAULT 0,
  `checked_out_time` datetime NOT NULL DEFAULT '0000-00-00 00:00:00',
  `ordering` int(11) NOT NULL DEFAULT 0,
  `params` text DEFAULT NULL,
  `language` char(7) NOT NULL DEFAULT ''
) ENGINE=InnoDB DEFAULT CHARSET=utf8;

-- --------------------------------------------------------

--
-- Struktura tabeli dla tabeli `zzux2_phocagallery_img_votes_statistics`
--

CREATE TABLE `zzux2_phocagallery_img_votes_statistics` (
  `id` int(11) NOT NULL,
  `imgid` int(11) NOT NULL DEFAULT 0,
  `count` int(11) NOT NULL DEFAULT 0,
  `average` float(8,6) NOT NULL DEFAULT 0.000000,
  `language` char(7) NOT NULL DEFAULT ''
) ENGINE=InnoDB DEFAULT CHARSET=utf8;

-- --------------------------------------------------------

--
-- Struktura tabeli dla tabeli `zzux2_phocagallery_styles`
--

CREATE TABLE `zzux2_phocagallery_styles` (
  `id` int(11) NOT NULL,
  `title` varchar(255) NOT NULL DEFAULT '',
  `alias` varchar(255) NOT NULL DEFAULT '',
  `filename` varchar(255) NOT NULL DEFAULT '',
  `menulink` text DEFAULT NULL,
  `type` tinyint(1) NOT NULL DEFAULT 0,
  `published` tinyint(1) NOT NULL DEFAULT 0,
  `checked_out` int(11) UNSIGNED NOT NULL DEFAULT 0,
  `checked_out_time` datetime NOT NULL DEFAULT '0000-00-00 00:00:00',
  `ordering` int(11) NOT NULL DEFAULT 0,
  `params` text DEFAULT NULL,
  `language` char(7) NOT NULL DEFAULT ''
) ENGINE=InnoDB DEFAULT CHARSET=utf8;

--
-- Zrzut danych tabeli `zzux2_phocagallery_styles`
--

INSERT INTO `zzux2_phocagallery_styles` (`id`, `title`, `alias`, `filename`, `menulink`, `type`, `published`, `checked_out`, `checked_out_time`, `ordering`, `params`, `language`) VALUES
(1, 'Phocagallery', 'phocagallery', 'phocagallery.css', '', 1, 1, 0, '0000-00-00 00:00:00', 1, NULL, '*'),
(2, 'Rating', '', 'rating.css', NULL, 1, 1, 0, '0000-00-00 00:00:00', 2, NULL, '*'),
(3, 'Default', '', 'default.css', NULL, 2, 1, 0, '0000-00-00 00:00:00', 3, NULL, '*');

-- --------------------------------------------------------

--
-- Struktura tabeli dla tabeli `zzux2_phocagallery_tags`
--

CREATE TABLE `zzux2_phocagallery_tags` (
  `id` int(11) NOT NULL,
  `title` varchar(255) NOT NULL DEFAULT '',
  `alias` varchar(255) NOT NULL DEFAULT '',
  `link_cat` int(11) NOT NULL DEFAULT 0,
  `link_ext` varchar(255) NOT NULL DEFAULT '',
  `description` text DEFAULT NULL,
  `published` tinyint(1) NOT NULL DEFAULT 0,
  `checked_out` int(11) UNSIGNED NOT NULL DEFAULT 0,
  `checked_out_time` datetime NOT NULL DEFAULT '0000-00-00 00:00:00',
  `ordering` int(11) NOT NULL DEFAULT 0,
  `params` text DEFAULT NULL,
  `language` char(7) NOT NULL DEFAULT ''
) ENGINE=InnoDB DEFAULT CHARSET=utf8;

-- --------------------------------------------------------

--
-- Struktura tabeli dla tabeli `zzux2_phocagallery_tags_ref`
--

CREATE TABLE `zzux2_phocagallery_tags_ref` (
  `id` bigint(20) UNSIGNED NOT NULL,
  `imgid` int(11) NOT NULL DEFAULT 0,
  `tagid` int(11) NOT NULL DEFAULT 0
) ENGINE=InnoDB DEFAULT CHARSET=utf8;

-- --------------------------------------------------------

--
-- Struktura tabeli dla tabeli `zzux2_phocagallery_user`
--

CREATE TABLE `zzux2_phocagallery_user` (
  `id` int(11) NOT NULL,
  `userid` int(11) NOT NULL DEFAULT 0,
  `avatar` varchar(40) NOT NULL DEFAULT '',
  `published` tinyint(1) NOT NULL DEFAULT 0,
  `approved` tinyint(1) NOT NULL DEFAULT 0,
  `checked_out` int(11) NOT NULL DEFAULT 0,
  `checked_out_time` datetime NOT NULL DEFAULT '0000-00-00 00:00:00',
  `ordering` int(11) NOT NULL DEFAULT 0,
  `params` text DEFAULT NULL,
  `language` char(7) NOT NULL DEFAULT ''
) ENGINE=InnoDB DEFAULT CHARSET=utf8;

-- --------------------------------------------------------

--
-- Struktura tabeli dla tabeli `zzux2_phocagallery_votes`
--

CREATE TABLE `zzux2_phocagallery_votes` (
  `id` int(11) NOT NULL,
  `catid` int(11) NOT NULL DEFAULT 0,
  `userid` int(11) NOT NULL DEFAULT 0,
  `date` datetime NOT NULL DEFAULT '0000-00-00 00:00:00',
  `rating` tinyint(1) NOT NULL DEFAULT 0,
  `published` tinyint(1) NOT NULL DEFAULT 0,
  `checked_out` int(11) UNSIGNED NOT NULL DEFAULT 0,
  `checked_out_time` datetime NOT NULL DEFAULT '0000-00-00 00:00:00',
  `ordering` int(11) NOT NULL DEFAULT 0,
  `params` text DEFAULT NULL,
  `language` char(7) NOT NULL DEFAULT ''
) ENGINE=InnoDB DEFAULT CHARSET=utf8;

-- --------------------------------------------------------

--
-- Struktura tabeli dla tabeli `zzux2_phocagallery_votes_statistics`
--

CREATE TABLE `zzux2_phocagallery_votes_statistics` (
  `id` int(11) NOT NULL,
  `catid` int(11) NOT NULL DEFAULT 0,
  `count` int(11) NOT NULL DEFAULT 0,
  `average` float(8,6) NOT NULL DEFAULT 0.000000,
  `language` char(7) NOT NULL DEFAULT ''
) ENGINE=InnoDB DEFAULT CHARSET=utf8;

-- --------------------------------------------------------

--
-- Struktura tabeli dla tabeli `zzux2_postinstall_messages`
--

CREATE TABLE `zzux2_postinstall_messages` (
  `postinstall_message_id` bigint(20) UNSIGNED NOT NULL,
  `extension_id` bigint(20) NOT NULL DEFAULT 700 COMMENT 'FK to #__extensions',
  `title_key` varchar(255) COLLATE utf8mb4_unicode_ci NOT NULL DEFAULT '' COMMENT 'Lang key for the title',
  `description_key` varchar(255) COLLATE utf8mb4_unicode_ci NOT NULL DEFAULT '' COMMENT 'Lang key for description',
  `action_key` varchar(255) COLLATE utf8mb4_unicode_ci NOT NULL DEFAULT '',
  `language_extension` varchar(255) COLLATE utf8mb4_unicode_ci NOT NULL DEFAULT 'com_postinstall' COMMENT 'Extension holding lang keys',
  `language_client_id` tinyint(3) NOT NULL DEFAULT 1,
  `type` varchar(10) COLLATE utf8mb4_unicode_ci NOT NULL DEFAULT 'link' COMMENT 'Message type - message, link, action',
  `action_file` varchar(255) COLLATE utf8mb4_unicode_ci DEFAULT '' COMMENT 'RAD URI to the PHP file containing action method',
  `action` varchar(255) COLLATE utf8mb4_unicode_ci DEFAULT '' COMMENT 'Action method name or URL',
  `condition_file` varchar(255) COLLATE utf8mb4_unicode_ci DEFAULT NULL COMMENT 'RAD URI to file holding display condition method',
  `condition_method` varchar(255) COLLATE utf8mb4_unicode_ci DEFAULT NULL COMMENT 'Display condition method, must return boolean',
  `version_introduced` varchar(50) COLLATE utf8mb4_unicode_ci NOT NULL DEFAULT '3.2.0' COMMENT 'Version when this message was introduced',
  `enabled` tinyint(3) NOT NULL DEFAULT 1
) ENGINE=InnoDB DEFAULT CHARSET=utf8mb4 COLLATE=utf8mb4_unicode_ci;

--
-- Zrzut danych tabeli `zzux2_postinstall_messages`
--

INSERT INTO `zzux2_postinstall_messages` (`postinstall_message_id`, `extension_id`, `title_key`, `description_key`, `action_key`, `language_extension`, `language_client_id`, `type`, `action_file`, `action`, `condition_file`, `condition_method`, `version_introduced`, `enabled`) VALUES
(1, 700, 'PLG_TWOFACTORAUTH_TOTP_POSTINSTALL_TITLE', 'PLG_TWOFACTORAUTH_TOTP_POSTINSTALL_BODY', 'PLG_TWOFACTORAUTH_TOTP_POSTINSTALL_ACTION', 'plg_twofactorauth_totp', 1, 'action', 'site://plugins/twofactorauth/totp/postinstall/actions.php', 'twofactorauth_postinstall_action', 'site://plugins/twofactorauth/totp/postinstall/actions.php', 'twofactorauth_postinstall_condition', '3.2.0', 1),
(2, 700, 'COM_CPANEL_WELCOME_BEGINNERS_TITLE', 'COM_CPANEL_WELCOME_BEGINNERS_MESSAGE', '', 'com_cpanel', 1, 'message', '', '', '', '', '3.2.0', 1),
(3, 700, 'COM_CPANEL_MSG_STATS_COLLECTION_TITLE', 'COM_CPANEL_MSG_STATS_COLLECTION_BODY', '', 'com_cpanel', 1, 'message', '', '', 'admin://components/com_admin/postinstall/statscollection.php', 'admin_postinstall_statscollection_condition', '3.5.0', 1),
(4, 700, 'PLG_SYSTEM_UPDATENOTIFICATION_POSTINSTALL_UPDATECACHETIME', 'PLG_SYSTEM_UPDATENOTIFICATION_POSTINSTALL_UPDATECACHETIME_BODY', 'PLG_SYSTEM_UPDATENOTIFICATION_POSTINSTALL_UPDATECACHETIME_ACTION', 'plg_system_updatenotification', 1, 'action', 'site://plugins/system/updatenotification/postinstall/updatecachetime.php', 'updatecachetime_postinstall_action', 'site://plugins/system/updatenotification/postinstall/updatecachetime.php', 'updatecachetime_postinstall_condition', '3.6.3', 1),
(5, 700, 'COM_CPANEL_MSG_JOOMLA40_PRE_CHECKS_TITLE', 'COM_CPANEL_MSG_JOOMLA40_PRE_CHECKS_BODY', '', 'com_cpanel', 1, 'message', '', '', 'admin://components/com_admin/postinstall/joomla40checks.php', 'admin_postinstall_joomla40checks_condition', '3.7.0', 1),
(6, 700, 'TPL_HATHOR_MESSAGE_POSTINSTALL_TITLE', 'TPL_HATHOR_MESSAGE_POSTINSTALL_BODY', 'TPL_HATHOR_MESSAGE_POSTINSTALL_ACTION', 'tpl_hathor', 1, 'action', 'admin://templates/hathor/postinstall/hathormessage.php', 'hathormessage_postinstall_action', 'admin://templates/hathor/postinstall/hathormessage.php', 'hathormessage_postinstall_condition', '3.7.0', 1),
(7, 700, 'PLG_PLG_RECAPTCHA_VERSION_1_POSTINSTALL_TITLE', 'PLG_PLG_RECAPTCHA_VERSION_1_POSTINSTALL_BODY', 'PLG_PLG_RECAPTCHA_VERSION_1_POSTINSTALL_ACTION', 'plg_captcha_recaptcha', 1, 'action', 'site://plugins/captcha/recaptcha/postinstall/actions.php', 'recaptcha_postinstall_action', 'site://plugins/captcha/recaptcha/postinstall/actions.php', 'recaptcha_postinstall_condition', '3.8.6', 1),
(8, 700, 'COM_ACTIONLOGS_POSTINSTALL_TITLE', 'COM_ACTIONLOGS_POSTINSTALL_BODY', '', 'com_actionlogs', 1, 'message', '', '', '', '', '3.9.0', 1),
(9, 700, 'COM_PRIVACY_POSTINSTALL_TITLE', 'COM_PRIVACY_POSTINSTALL_BODY', '', 'com_privacy', 1, 'message', '', '', '', '', '3.9.0', 1),
(10, 700, 'COM_ADMIN_POSTINSTALL_MSG_BEHIND_LOAD_BALANCER_TITLE', 'COM_ADMIN_POSTINSTALL_MSG_BEHIND_LOAD_BALANCER_DESCRIPTION', 'COM_ADMIN_POSTINSTALL_MSG_BEHIND_LOAD_BALANCER_ACTION', 'com_admin', 1, 'action', 'admin://components/com_admin/postinstall/behindproxy.php', 'behindproxy_postinstall_action', 'admin://components/com_admin/postinstall/behindproxy.php', 'admin_postinstall_behindproxy_condition', '3.9.26', 1);

-- --------------------------------------------------------

--
-- Struktura tabeli dla tabeli `zzux2_privacy_consents`
--

CREATE TABLE `zzux2_privacy_consents` (
  `id` int(10) UNSIGNED NOT NULL,
  `user_id` int(10) UNSIGNED NOT NULL DEFAULT 0,
  `state` int(10) NOT NULL DEFAULT 1,
  `created` datetime NOT NULL DEFAULT '0000-00-00 00:00:00',
  `subject` varchar(255) COLLATE utf8mb4_unicode_ci NOT NULL DEFAULT '',
  `body` text COLLATE utf8mb4_unicode_ci NOT NULL,
  `remind` tinyint(4) NOT NULL DEFAULT 0,
  `token` varchar(100) COLLATE utf8mb4_unicode_ci NOT NULL DEFAULT ''
) ENGINE=InnoDB DEFAULT CHARSET=utf8mb4 COLLATE=utf8mb4_unicode_ci;

-- --------------------------------------------------------

--
-- Struktura tabeli dla tabeli `zzux2_privacy_requests`
--

CREATE TABLE `zzux2_privacy_requests` (
  `id` int(10) UNSIGNED NOT NULL,
  `email` varchar(100) COLLATE utf8mb4_unicode_ci NOT NULL DEFAULT '',
  `requested_at` datetime NOT NULL DEFAULT '0000-00-00 00:00:00',
  `status` tinyint(4) NOT NULL DEFAULT 0,
  `request_type` varchar(25) COLLATE utf8mb4_unicode_ci NOT NULL DEFAULT '',
  `confirm_token` varchar(100) COLLATE utf8mb4_unicode_ci NOT NULL DEFAULT '',
  `confirm_token_created_at` datetime NOT NULL DEFAULT '0000-00-00 00:00:00'
) ENGINE=InnoDB DEFAULT CHARSET=utf8mb4 COLLATE=utf8mb4_unicode_ci;

-- --------------------------------------------------------

--
-- Struktura tabeli dla tabeli `zzux2_redirect_links`
--

CREATE TABLE `zzux2_redirect_links` (
  `id` int(10) UNSIGNED NOT NULL,
  `old_url` varchar(2048) COLLATE utf8mb4_unicode_ci NOT NULL,
  `new_url` varchar(2048) COLLATE utf8mb4_unicode_ci DEFAULT NULL,
  `referer` varchar(2048) COLLATE utf8mb4_unicode_ci NOT NULL,
  `comment` varchar(255) COLLATE utf8mb4_unicode_ci NOT NULL DEFAULT '',
  `hits` int(10) UNSIGNED NOT NULL DEFAULT 0,
  `published` tinyint(4) NOT NULL,
  `created_date` datetime NOT NULL DEFAULT '0000-00-00 00:00:00',
  `modified_date` datetime NOT NULL DEFAULT '0000-00-00 00:00:00',
  `header` smallint(3) NOT NULL DEFAULT 301
) ENGINE=InnoDB DEFAULT CHARSET=utf8mb4 COLLATE=utf8mb4_unicode_ci;

-- --------------------------------------------------------

--
-- Struktura tabeli dla tabeli `zzux2_schemas`
--

CREATE TABLE `zzux2_schemas` (
  `extension_id` int(11) NOT NULL,
  `version_id` varchar(20) COLLATE utf8mb4_unicode_ci NOT NULL
) ENGINE=InnoDB DEFAULT CHARSET=utf8mb4 COLLATE=utf8mb4_unicode_ci;

--
-- Zrzut danych tabeli `zzux2_schemas`
--

INSERT INTO `zzux2_schemas` (`extension_id`, `version_id`) VALUES
(700, '3.9.26-2021-04-07'),
(10003, '4.3.14');

-- --------------------------------------------------------

--
-- Struktura tabeli dla tabeli `zzux2_session`
--

CREATE TABLE `zzux2_session` (
  `session_id` varbinary(192) NOT NULL,
  `client_id` tinyint(3) UNSIGNED DEFAULT NULL,
  `guest` tinyint(3) UNSIGNED DEFAULT 1,
  `time` int(11) NOT NULL DEFAULT 0,
  `data` mediumtext COLLATE utf8mb4_unicode_ci DEFAULT NULL,
  `userid` int(11) DEFAULT 0,
  `username` varchar(150) COLLATE utf8mb4_unicode_ci DEFAULT ''
) ENGINE=InnoDB DEFAULT CHARSET=utf8mb4 COLLATE=utf8mb4_unicode_ci;

--
-- Zrzut danych tabeli `zzux2_session`
--

INSERT INTO `zzux2_session` (`session_id`, `client_id`, `guest`, `time`, `data`, `userid`, `username`) VALUES
(0x6f6169336b6e3733647675307171766962346471646637726934, 0, 1, 1618818628, 'joomla|s:736:\"TzoyNDoiSm9vbWxhXFJlZ2lzdHJ5XFJlZ2lzdHJ5IjozOntzOjc6IgAqAGRhdGEiO086ODoic3RkQ2xhc3MiOjE6e3M6OToiX19kZWZhdWx0IjtPOjg6InN0ZENsYXNzIjozOntzOjc6InNlc3Npb24iO086ODoic3RkQ2xhc3MiOjM6e3M6NzoiY291bnRlciI7aTo1MTtzOjU6InRpbWVyIjtPOjg6InN0ZENsYXNzIjozOntzOjU6InN0YXJ0IjtpOjE2MTg4MTQ2NTM7czo0OiJsYXN0IjtpOjE2MTg4MTc3ODc7czozOiJub3ciO2k6MTYxODgxODYyODt9czo1OiJ0b2tlbiI7czozMjoiWEJMangzRGhVMW1oQUxKN2lkQUFad1k0bkw5dVVwODMiO31zOjg6InJlZ2lzdHJ5IjtPOjI0OiJKb29tbGFcUmVnaXN0cnlcUmVnaXN0cnkiOjM6e3M6NzoiACoAZGF0YSI7Tzo4OiJzdGRDbGFzcyI6MDp7fXM6MTQ6IgAqAGluaXRpYWxpemVkIjtiOjA7czo5OiJzZXBhcmF0b3IiO3M6MToiLiI7fXM6NDoidXNlciI7TzoyMDoiSm9vbWxhXENNU1xVc2VyXFVzZXIiOjE6e3M6MjoiaWQiO2k6MDt9fX1zOjE0OiIAKgBpbml0aWFsaXplZCI7YjowO3M6OToic2VwYXJhdG9yIjtzOjE6Ii4iO30=\";', 0, ''),
(0x736961316f34327038666d743671666b35626573347438386b67, 1, 0, 1618817788, 'joomla|s:2240:\"TzoyNDoiSm9vbWxhXFJlZ2lzdHJ5XFJlZ2lzdHJ5IjozOntzOjc6IgAqAGRhdGEiO086ODoic3RkQ2xhc3MiOjE6e3M6OToiX19kZWZhdWx0IjtPOjg6InN0ZENsYXNzIjo0OntzOjc6InNlc3Npb24iO086ODoic3RkQ2xhc3MiOjM6e3M6NzoiY291bnRlciI7aToyMDY7czo1OiJ0aW1lciI7Tzo4OiJzdGRDbGFzcyI6Mzp7czo1OiJzdGFydCI7aToxNjE4ODE2MzAwO3M6NDoibGFzdCI7aToxNjE4ODE3Nzg0O3M6Mzoibm93IjtpOjE2MTg4MTc3ODg7fXM6NToidG9rZW4iO3M6MzI6InFJOTBaWjRTTjkydVlnSWNjMTJLYnhuVVpEWjUxWmNCIjt9czo4OiJyZWdpc3RyeSI7TzoyNDoiSm9vbWxhXFJlZ2lzdHJ5XFJlZ2lzdHJ5IjozOntzOjc6IgAqAGRhdGEiO086ODoic3RkQ2xhc3MiOjU6e3M6MTE6ImFwcGxpY2F0aW9uIjtPOjg6InN0ZENsYXNzIjoxOntzOjQ6ImxhbmciO3M6NToicGwtUEwiO31zOjEzOiJjb21faW5zdGFsbGVyIjtPOjg6InN0ZENsYXNzIjozOntzOjc6Im1lc3NhZ2UiO3M6MDoiIjtzOjE3OiJleHRlbnNpb25fbWVzc2FnZSI7czowOiIiO3M6MTI6InJlZGlyZWN0X3VybCI7Tjt9czoxNDoiY29tX2NhdGVnb3JpZXMiO086ODoic3RkQ2xhc3MiOjE6e3M6MTA6ImNhdGVnb3JpZXMiO086ODoic3RkQ2xhc3MiOjE6e3M6NzoiY29udGVudCI7Tzo4OiJzdGRDbGFzcyI6Mjp7czo2OiJmaWx0ZXIiO086ODoic3RkQ2xhc3MiOjE6e3M6OToiZXh0ZW5zaW9uIjtzOjExOiJjb21fY29udGVudCI7fXM6NDoibGlzdCI7YTo0OntzOjk6ImRpcmVjdGlvbiI7czozOiJhc2MiO3M6NToibGltaXQiO3M6MjoiMjAiO3M6ODoib3JkZXJpbmciO3M6NToiYS5sZnQiO3M6NToic3RhcnQiO2Q6MDt9fX19czo5OiJjb21fbWVudXMiO086ODoic3RkQ2xhc3MiOjI6e3M6NToiaXRlbXMiO086ODoic3RkQ2xhc3MiOjQ6e3M6ODoibWVudXR5cGUiO3M6ODoibWFpbm1lbnUiO3M6OToiY2xpZW50X2lkIjtpOjA7czoxMDoibGltaXRzdGFydCI7aTowO3M6NDoibGlzdCI7YTo0OntzOjk6ImRpcmVjdGlvbiI7czozOiJhc2MiO3M6NToibGltaXQiO3M6MjoiMjAiO3M6ODoib3JkZXJpbmciO3M6NToiYS5sZnQiO3M6NToic3RhcnQiO2Q6MDt9fXM6NDoiZWRpdCI7Tzo4OiJzdGRDbGFzcyI6MTp7czo0OiJpdGVtIjtPOjg6InN0ZENsYXNzIjo0OntzOjQ6ImRhdGEiO047czo0OiJ0eXBlIjtOO3M6NDoibGluayI7TjtzOjI6ImlkIjthOjE6e2k6MDtpOjEyNDt9fX19czoxNjoiY29tX3Bob2NhZ2FsbGVyeSI7Tzo4OiJzdGRDbGFzcyI6MTp7czo0OiJlZGl0IjtPOjg6InN0ZENsYXNzIjoyOntzOjEzOiJwaG9jYWdhbGxlcnljIjtPOjg6InN0ZENsYXNzIjoyOntzOjQ6ImRhdGEiO047czoyOiJpZCI7YToxOntpOjA7aToxO319czoxNToicGhvY2FnYWxsZXJ5aW1nIjtPOjg6InN0ZENsYXNzIjoyOntzOjI6ImlkIjthOjI6e2k6MDtpOjE7aToxO2k6MTc7fXM6NDoiZGF0YSI7Tjt9fX19czoxNDoiACoAaW5pdGlhbGl6ZWQiO2I6MDtzOjk6InNlcGFyYXRvciI7czoxOiIuIjt9czo0OiJ1c2VyIjtPOjIwOiJKb29tbGFcQ01TXFVzZXJcVXNlciI6MTp7czoyOiJpZCI7czozOiI3MTkiO31zOjExOiJhcHBsaWNhdGlvbiI7Tzo4OiJzdGRDbGFzcyI6MTp7czo1OiJxdWV1ZSI7YTowOnt9fX19czoxNDoiACoAaW5pdGlhbGl6ZWQiO2I6MDtzOjk6InNlcGFyYXRvciI7czoxOiIuIjt9\";', 719, 'root_pafcio');

-- --------------------------------------------------------

--
-- Struktura tabeli dla tabeli `zzux2_tags`
--

CREATE TABLE `zzux2_tags` (
  `id` int(10) UNSIGNED NOT NULL,
  `parent_id` int(10) UNSIGNED NOT NULL DEFAULT 0,
  `lft` int(11) NOT NULL DEFAULT 0,
  `rgt` int(11) NOT NULL DEFAULT 0,
  `level` int(10) UNSIGNED NOT NULL DEFAULT 0,
  `path` varchar(400) COLLATE utf8mb4_unicode_ci NOT NULL DEFAULT '',
  `title` varchar(255) COLLATE utf8mb4_unicode_ci NOT NULL,
  `alias` varchar(400) CHARACTER SET utf8mb4 COLLATE utf8mb4_bin NOT NULL DEFAULT '',
  `note` varchar(255) COLLATE utf8mb4_unicode_ci NOT NULL DEFAULT '',
  `description` mediumtext COLLATE utf8mb4_unicode_ci NOT NULL,
  `published` tinyint(1) NOT NULL DEFAULT 0,
  `checked_out` int(11) UNSIGNED NOT NULL DEFAULT 0,
  `checked_out_time` datetime NOT NULL DEFAULT '0000-00-00 00:00:00',
  `access` int(10) UNSIGNED NOT NULL DEFAULT 0,
  `params` text COLLATE utf8mb4_unicode_ci NOT NULL,
  `metadesc` varchar(1024) COLLATE utf8mb4_unicode_ci NOT NULL COMMENT 'The meta description for the page.',
  `metakey` varchar(1024) COLLATE utf8mb4_unicode_ci NOT NULL COMMENT 'The meta keywords for the page.',
  `metadata` varchar(2048) COLLATE utf8mb4_unicode_ci NOT NULL COMMENT 'JSON encoded metadata properties.',
  `created_user_id` int(10) UNSIGNED NOT NULL DEFAULT 0,
  `created_time` datetime NOT NULL DEFAULT '0000-00-00 00:00:00',
  `created_by_alias` varchar(255) COLLATE utf8mb4_unicode_ci NOT NULL DEFAULT '',
  `modified_user_id` int(10) UNSIGNED NOT NULL DEFAULT 0,
  `modified_time` datetime NOT NULL DEFAULT '0000-00-00 00:00:00',
  `images` text COLLATE utf8mb4_unicode_ci NOT NULL,
  `urls` text COLLATE utf8mb4_unicode_ci NOT NULL,
  `hits` int(10) UNSIGNED NOT NULL DEFAULT 0,
  `language` char(7) COLLATE utf8mb4_unicode_ci NOT NULL,
  `version` int(10) UNSIGNED NOT NULL DEFAULT 1,
  `publish_up` datetime NOT NULL DEFAULT '0000-00-00 00:00:00',
  `publish_down` datetime NOT NULL DEFAULT '0000-00-00 00:00:00'
) ENGINE=InnoDB DEFAULT CHARSET=utf8mb4 COLLATE=utf8mb4_unicode_ci;

--
-- Zrzut danych tabeli `zzux2_tags`
--

INSERT INTO `zzux2_tags` (`id`, `parent_id`, `lft`, `rgt`, `level`, `path`, `title`, `alias`, `note`, `description`, `published`, `checked_out`, `checked_out_time`, `access`, `params`, `metadesc`, `metakey`, `metadata`, `created_user_id`, `created_time`, `created_by_alias`, `modified_user_id`, `modified_time`, `images`, `urls`, `hits`, `language`, `version`, `publish_up`, `publish_down`) VALUES
(1, 0, 0, 1, 0, '', 'ROOT', 'root', '', '', 1, 0, '0000-00-00 00:00:00', 1, '', '', '', '', 719, '2021-04-12 06:45:11', '', 0, '0000-00-00 00:00:00', '', '', 0, '*', 1, '0000-00-00 00:00:00', '0000-00-00 00:00:00');

-- --------------------------------------------------------

--
-- Struktura tabeli dla tabeli `zzux2_template_styles`
--

CREATE TABLE `zzux2_template_styles` (
  `id` int(10) UNSIGNED NOT NULL,
  `template` varchar(50) COLLATE utf8mb4_unicode_ci NOT NULL DEFAULT '',
  `client_id` tinyint(1) UNSIGNED NOT NULL DEFAULT 0,
  `home` char(7) COLLATE utf8mb4_unicode_ci NOT NULL DEFAULT '0',
  `title` varchar(255) COLLATE utf8mb4_unicode_ci NOT NULL DEFAULT '',
  `params` text COLLATE utf8mb4_unicode_ci NOT NULL
) ENGINE=InnoDB DEFAULT CHARSET=utf8mb4 COLLATE=utf8mb4_unicode_ci;

--
-- Zrzut danych tabeli `zzux2_template_styles`
--

INSERT INTO `zzux2_template_styles` (`id`, `template`, `client_id`, `home`, `title`, `params`) VALUES
(4, 'beez3', 0, '0', 'Beez3 - Default', '{\"wrapperSmall\":\"53\",\"wrapperLarge\":\"72\",\"logo\":\"images\\/joomla_black.png\",\"sitetitle\":\"Joomla!\",\"sitedescription\":\"Open Source Content Management\",\"navposition\":\"left\",\"templatecolor\":\"personal\",\"html5\":\"0\"}'),
(5, 'hathor', 1, '0', 'Hathor - Default', '{\"showSiteName\":\"0\",\"colourChoice\":\"\",\"boldText\":\"0\"}'),
(7, 'protostar', 0, '1', 'protostar - Default', '{\"templateColor\":\"\",\"logoFile\":\"\",\"googleFont\":\"1\",\"googleFontName\":\"Open+Sans\",\"fluidContainer\":\"0\"}'),
(8, 'isis', 1, '1', 'isis - Default', '{\"templateColor\":\"\",\"logoFile\":\"\"}');

-- --------------------------------------------------------

--
-- Struktura tabeli dla tabeli `zzux2_ucm_base`
--

CREATE TABLE `zzux2_ucm_base` (
  `ucm_id` int(10) UNSIGNED NOT NULL,
  `ucm_item_id` int(10) NOT NULL,
  `ucm_type_id` int(11) NOT NULL,
  `ucm_language_id` int(11) NOT NULL
) ENGINE=InnoDB DEFAULT CHARSET=utf8mb4 COLLATE=utf8mb4_unicode_ci;

-- --------------------------------------------------------

--
-- Struktura tabeli dla tabeli `zzux2_ucm_content`
--

CREATE TABLE `zzux2_ucm_content` (
  `core_content_id` int(10) UNSIGNED NOT NULL,
  `core_type_alias` varchar(400) COLLATE utf8mb4_unicode_ci NOT NULL DEFAULT '' COMMENT 'FK to the content types table',
  `core_title` varchar(400) COLLATE utf8mb4_unicode_ci NOT NULL DEFAULT '',
  `core_alias` varchar(400) CHARACTER SET utf8mb4 COLLATE utf8mb4_bin NOT NULL DEFAULT '',
  `core_body` mediumtext COLLATE utf8mb4_unicode_ci DEFAULT NULL,
  `core_state` tinyint(1) NOT NULL DEFAULT 0,
  `core_checked_out_time` varchar(255) COLLATE utf8mb4_unicode_ci NOT NULL DEFAULT '0000-00-00 00:00:00',
  `core_checked_out_user_id` int(10) UNSIGNED NOT NULL DEFAULT 0,
  `core_access` int(10) UNSIGNED NOT NULL DEFAULT 0,
  `core_params` text COLLATE utf8mb4_unicode_ci DEFAULT NULL,
  `core_featured` tinyint(4) UNSIGNED NOT NULL DEFAULT 0,
  `core_metadata` varchar(2048) COLLATE utf8mb4_unicode_ci NOT NULL DEFAULT '' COMMENT 'JSON encoded metadata properties.',
  `core_created_user_id` int(10) UNSIGNED NOT NULL DEFAULT 0,
  `core_created_by_alias` varchar(255) COLLATE utf8mb4_unicode_ci NOT NULL DEFAULT '',
  `core_created_time` datetime NOT NULL DEFAULT '0000-00-00 00:00:00',
  `core_modified_user_id` int(10) UNSIGNED NOT NULL DEFAULT 0 COMMENT 'Most recent user that modified',
  `core_modified_time` datetime NOT NULL DEFAULT '0000-00-00 00:00:00',
  `core_language` char(7) COLLATE utf8mb4_unicode_ci NOT NULL DEFAULT '',
  `core_publish_up` datetime NOT NULL DEFAULT '0000-00-00 00:00:00',
  `core_publish_down` datetime NOT NULL DEFAULT '0000-00-00 00:00:00',
  `core_content_item_id` int(10) UNSIGNED NOT NULL DEFAULT 0 COMMENT 'ID from the individual type table',
  `asset_id` int(10) UNSIGNED NOT NULL DEFAULT 0 COMMENT 'FK to the #__assets table.',
  `core_images` text COLLATE utf8mb4_unicode_ci DEFAULT NULL,
  `core_urls` text COLLATE utf8mb4_unicode_ci DEFAULT NULL,
  `core_hits` int(10) UNSIGNED NOT NULL DEFAULT 0,
  `core_version` int(10) UNSIGNED NOT NULL DEFAULT 1,
  `core_ordering` int(11) NOT NULL DEFAULT 0,
  `core_metakey` text COLLATE utf8mb4_unicode_ci DEFAULT NULL,
  `core_metadesc` text COLLATE utf8mb4_unicode_ci DEFAULT NULL,
  `core_catid` int(10) UNSIGNED NOT NULL DEFAULT 0,
  `core_xreference` varchar(50) COLLATE utf8mb4_unicode_ci NOT NULL DEFAULT '' COMMENT 'A reference to enable linkages to external data sets.',
  `core_type_id` int(10) UNSIGNED NOT NULL DEFAULT 0
) ENGINE=InnoDB DEFAULT CHARSET=utf8mb4 COLLATE=utf8mb4_unicode_ci COMMENT='Contains core content data in name spaced fields';

-- --------------------------------------------------------

--
-- Struktura tabeli dla tabeli `zzux2_ucm_history`
--

CREATE TABLE `zzux2_ucm_history` (
  `version_id` int(10) UNSIGNED NOT NULL,
  `ucm_item_id` int(10) UNSIGNED NOT NULL,
  `ucm_type_id` int(10) UNSIGNED NOT NULL,
  `version_note` varchar(255) COLLATE utf8mb4_unicode_ci NOT NULL DEFAULT '' COMMENT 'Optional version name',
  `save_date` datetime NOT NULL DEFAULT '0000-00-00 00:00:00',
  `editor_user_id` int(10) UNSIGNED NOT NULL DEFAULT 0,
  `character_count` int(10) UNSIGNED NOT NULL DEFAULT 0 COMMENT 'Number of characters in this version.',
  `sha1_hash` varchar(50) COLLATE utf8mb4_unicode_ci NOT NULL DEFAULT '' COMMENT 'SHA1 hash of the version_data column.',
  `version_data` mediumtext COLLATE utf8mb4_unicode_ci NOT NULL COMMENT 'json-encoded string of version data',
  `keep_forever` tinyint(4) NOT NULL DEFAULT 0 COMMENT '0=auto delete; 1=keep'
) ENGINE=InnoDB DEFAULT CHARSET=utf8mb4 COLLATE=utf8mb4_unicode_ci;

--
-- Zrzut danych tabeli `zzux2_ucm_history`
--

INSERT INTO `zzux2_ucm_history` (`version_id`, `ucm_item_id`, `ucm_type_id`, `version_note`, `save_date`, `editor_user_id`, `character_count`, `sha1_hash`, `version_data`, `keep_forever`) VALUES
(1, 8, 5, '', '2021-04-12 07:08:44', 719, 605, 'e797ed006918b354074963c3bed3facf73848c0b', '{\"id\":8,\"asset_id\":61,\"parent_id\":\"1\",\"lft\":\"11\",\"rgt\":12,\"level\":1,\"path\":null,\"extension\":\"com_content\",\"title\":\"Samochody\",\"alias\":\"samochody\",\"note\":\"\",\"description\":\"<p>Opis <strong>samochod\\u00f3w<\\/strong> :D<\\/p>\",\"published\":\"1\",\"checked_out\":null,\"checked_out_time\":null,\"access\":\"1\",\"params\":\"{\\\"category_layout\\\":\\\"\\\",\\\"image\\\":\\\"\\\",\\\"image_alt\\\":\\\"\\\"}\",\"metadesc\":\"\",\"metakey\":\"\",\"metadata\":\"{\\\"author\\\":\\\"\\\",\\\"robots\\\":\\\"\\\"}\",\"created_user_id\":\"719\",\"created_time\":\"2021-04-12 07:08:44\",\"modified_user_id\":null,\"modified_time\":\"2021-04-12 07:08:44\",\"hits\":null,\"language\":\"*\",\"version\":null}', 0),
(2, 9, 5, '', '2021-04-12 07:09:26', 719, 588, 'adc166e18639d2c6546c2e14fcff5f6c7ca54b11', '{\"id\":9,\"asset_id\":62,\"parent_id\":\"1\",\"lft\":\"13\",\"rgt\":14,\"level\":1,\"path\":null,\"extension\":\"com_content\",\"title\":\"Rowery\",\"alias\":\"rowery\",\"note\":\"\",\"description\":\"<p>Opis <em>rower\\u00f3w<\\/em> :)<\\/p>\",\"published\":\"1\",\"checked_out\":null,\"checked_out_time\":null,\"access\":\"1\",\"params\":\"{\\\"category_layout\\\":\\\"\\\",\\\"image\\\":\\\"\\\",\\\"image_alt\\\":\\\"\\\"}\",\"metadesc\":\"\",\"metakey\":\"\",\"metadata\":\"{\\\"author\\\":\\\"\\\",\\\"robots\\\":\\\"\\\"}\",\"created_user_id\":\"719\",\"created_time\":\"2021-04-12 07:09:26\",\"modified_user_id\":null,\"modified_time\":\"2021-04-12 07:09:26\",\"hits\":null,\"language\":\"*\",\"version\":null}', 0),
(3, 1, 1, '', '2021-04-12 07:27:20', 719, 1785, '3bdb445b4ce97853351b40358cc015fa7d7abc65', '{\"id\":1,\"asset_id\":63,\"title\":\"Autka som fajne\",\"alias\":\"autka-som-fajne\",\"introtext\":\"<p>Gituwa wUwU<\\/p>\",\"fulltext\":\"\",\"state\":1,\"catid\":\"8\",\"created\":\"2021-04-12 07:27:20\",\"created_by\":\"719\",\"created_by_alias\":\"\",\"modified\":\"2021-04-12 07:27:20\",\"modified_by\":null,\"checked_out\":null,\"checked_out_time\":null,\"publish_up\":\"2021-04-12 07:27:20\",\"publish_down\":\"0000-00-00 00:00:00\",\"images\":\"{\\\"image_intro\\\":\\\"\\\",\\\"float_intro\\\":\\\"\\\",\\\"image_intro_alt\\\":\\\"\\\",\\\"image_intro_caption\\\":\\\"\\\",\\\"image_fulltext\\\":\\\"\\\",\\\"float_fulltext\\\":\\\"\\\",\\\"image_fulltext_alt\\\":\\\"\\\",\\\"image_fulltext_caption\\\":\\\"\\\"}\",\"urls\":\"{\\\"urla\\\":false,\\\"urlatext\\\":\\\"\\\",\\\"targeta\\\":\\\"\\\",\\\"urlb\\\":false,\\\"urlbtext\\\":\\\"\\\",\\\"targetb\\\":\\\"\\\",\\\"urlc\\\":false,\\\"urlctext\\\":\\\"\\\",\\\"targetc\\\":\\\"\\\"}\",\"attribs\":\"{\\\"article_layout\\\":\\\"\\\",\\\"show_title\\\":\\\"\\\",\\\"link_titles\\\":\\\"\\\",\\\"show_tags\\\":\\\"\\\",\\\"show_intro\\\":\\\"\\\",\\\"info_block_position\\\":\\\"\\\",\\\"info_block_show_title\\\":\\\"\\\",\\\"show_category\\\":\\\"\\\",\\\"link_category\\\":\\\"\\\",\\\"show_parent_category\\\":\\\"\\\",\\\"link_parent_category\\\":\\\"\\\",\\\"show_associations\\\":\\\"\\\",\\\"show_author\\\":\\\"\\\",\\\"link_author\\\":\\\"\\\",\\\"show_create_date\\\":\\\"\\\",\\\"show_modify_date\\\":\\\"\\\",\\\"show_publish_date\\\":\\\"\\\",\\\"show_item_navigation\\\":\\\"\\\",\\\"show_icons\\\":\\\"\\\",\\\"show_print_icon\\\":\\\"\\\",\\\"show_email_icon\\\":\\\"\\\",\\\"show_vote\\\":\\\"\\\",\\\"show_hits\\\":\\\"\\\",\\\"show_noauth\\\":\\\"\\\",\\\"urls_position\\\":\\\"\\\",\\\"alternative_readmore\\\":\\\"\\\",\\\"article_page_title\\\":\\\"\\\",\\\"show_publishing_options\\\":\\\"\\\",\\\"show_article_options\\\":\\\"\\\",\\\"show_urls_images_backend\\\":\\\"\\\",\\\"show_urls_images_frontend\\\":\\\"\\\"}\",\"version\":1,\"ordering\":null,\"metakey\":\"\",\"metadesc\":\"\",\"access\":\"1\",\"hits\":null,\"metadata\":\"{\\\"robots\\\":\\\"\\\",\\\"author\\\":\\\"\\\",\\\"rights\\\":\\\"\\\",\\\"xreference\\\":\\\"\\\"}\",\"featured\":\"0\",\"language\":\"*\",\"xreference\":\"\",\"note\":\"\"}', 0),
(4, 10, 5, '', '2021-04-12 07:39:51', 719, 606, '2e0f5b767eabc447a5be3a67703404695216319b', '{\"id\":10,\"asset_id\":64,\"parent_id\":\"1\",\"lft\":\"15\",\"rgt\":16,\"level\":1,\"path\":null,\"extension\":\"com_content\",\"title\":\"Katalog produkt\\u00f3w\",\"alias\":\"katalog-produktow\",\"note\":\"\",\"description\":\"<p>Typy produkt\\u00f3w.<\\/p>\",\"published\":\"1\",\"checked_out\":null,\"checked_out_time\":null,\"access\":\"1\",\"params\":\"{\\\"category_layout\\\":\\\"\\\",\\\"image\\\":\\\"\\\",\\\"image_alt\\\":\\\"\\\"}\",\"metadesc\":\"\",\"metakey\":\"\",\"metadata\":\"{\\\"author\\\":\\\"\\\",\\\"robots\\\":\\\"\\\"}\",\"created_user_id\":\"719\",\"created_time\":\"2021-04-12 07:39:51\",\"modified_user_id\":null,\"modified_time\":\"2021-04-12 07:39:51\",\"hits\":null,\"language\":\"*\",\"version\":null}', 0),
(5, 11, 5, '', '2021-04-12 07:40:34', 719, 576, '3ce95d9a40e3a320dad03e42a46ae4d8b5e2e1bb', '{\"id\":11,\"asset_id\":65,\"parent_id\":\"10\",\"lft\":\"16\",\"rgt\":17,\"level\":2,\"path\":null,\"extension\":\"com_content\",\"title\":\"Biurowe\",\"alias\":\"biurowe\",\"note\":\"\",\"description\":\"<p>Zestaw Office.<\\/p>\",\"published\":\"1\",\"checked_out\":null,\"checked_out_time\":null,\"access\":\"1\",\"params\":\"{\\\"category_layout\\\":\\\"\\\",\\\"image\\\":\\\"\\\",\\\"image_alt\\\":\\\"\\\"}\",\"metadesc\":\"\",\"metakey\":\"\",\"metadata\":\"{\\\"author\\\":\\\"\\\",\\\"robots\\\":\\\"\\\"}\",\"created_user_id\":\"719\",\"created_time\":\"2021-04-12 07:40:34\",\"modified_user_id\":null,\"modified_time\":\"2021-04-12 07:40:34\",\"hits\":null,\"language\":\"*\",\"version\":null}', 0),
(6, 12, 5, '', '2021-04-12 07:40:53', 719, 572, '69040e1864fa3c076746f36a6c84a956073d0fd1', '{\"id\":12,\"asset_id\":66,\"parent_id\":\"10\",\"lft\":\"18\",\"rgt\":19,\"level\":2,\"path\":null,\"extension\":\"com_content\",\"title\":\"Grafika\",\"alias\":\"grafika\",\"note\":\"\",\"description\":\"<p>Graficzne.<\\/p>\",\"published\":\"1\",\"checked_out\":null,\"checked_out_time\":null,\"access\":\"1\",\"params\":\"{\\\"category_layout\\\":\\\"\\\",\\\"image\\\":\\\"\\\",\\\"image_alt\\\":\\\"\\\"}\",\"metadesc\":\"\",\"metakey\":\"\",\"metadata\":\"{\\\"author\\\":\\\"\\\",\\\"robots\\\":\\\"\\\"}\",\"created_user_id\":\"719\",\"created_time\":\"2021-04-12 07:40:53\",\"modified_user_id\":null,\"modified_time\":\"2021-04-12 07:40:53\",\"hits\":null,\"language\":\"*\",\"version\":null}', 0),
(7, 13, 5, '', '2021-04-12 07:41:17', 719, 619, '2c5536787bae82f242f95d9dfe0a2348715f4715', '{\"id\":13,\"asset_id\":67,\"parent_id\":\"10\",\"lft\":\"20\",\"rgt\":21,\"level\":2,\"path\":null,\"extension\":\"com_content\",\"title\":\"Internet\",\"alias\":\"internet\",\"note\":\"\",\"description\":\"<p>Kursy\\u00a0narz\\u0119dzi do edycji stron internetowych.<\\/p>\",\"published\":\"1\",\"checked_out\":null,\"checked_out_time\":null,\"access\":\"1\",\"params\":\"{\\\"category_layout\\\":\\\"\\\",\\\"image\\\":\\\"\\\",\\\"image_alt\\\":\\\"\\\"}\",\"metadesc\":\"\",\"metakey\":\"\",\"metadata\":\"{\\\"author\\\":\\\"\\\",\\\"robots\\\":\\\"\\\"}\",\"created_user_id\":\"719\",\"created_time\":\"2021-04-12 07:41:17\",\"modified_user_id\":null,\"modified_time\":\"2021-04-12 07:41:17\",\"hits\":null,\"language\":\"*\",\"version\":null}', 0),
(8, 14, 5, '', '2021-04-12 07:41:42', 719, 576, 'c1b2e2ac1cf65bead71bc8460131560c853d8533', '{\"id\":14,\"asset_id\":68,\"parent_id\":\"1\",\"lft\":\"23\",\"rgt\":24,\"level\":1,\"path\":null,\"extension\":\"com_content\",\"title\":\"Kursy\",\"alias\":\"kursy\",\"note\":\"\",\"description\":\"<p>Normalne kursy. (?)<\\/p>\",\"published\":\"1\",\"checked_out\":null,\"checked_out_time\":null,\"access\":\"1\",\"params\":\"{\\\"category_layout\\\":\\\"\\\",\\\"image\\\":\\\"\\\",\\\"image_alt\\\":\\\"\\\"}\",\"metadesc\":\"\",\"metakey\":\"\",\"metadata\":\"{\\\"author\\\":\\\"\\\",\\\"robots\\\":\\\"\\\"}\",\"created_user_id\":\"719\",\"created_time\":\"2021-04-12 07:41:42\",\"modified_user_id\":null,\"modified_time\":\"2021-04-12 07:41:42\",\"hits\":null,\"language\":\"*\",\"version\":null}', 0),
(9, 15, 5, '', '2021-04-12 07:42:14', 719, 626, '10e4585d889ad00205971ee279a2ceb320b45872', '{\"id\":15,\"asset_id\":69,\"parent_id\":\"1\",\"lft\":\"25\",\"rgt\":26,\"level\":1,\"path\":null,\"extension\":\"com_content\",\"title\":\"Zamawianie\",\"alias\":\"zamawianie\",\"note\":\"\",\"description\":\"<p>Szczeg\\u00f3\\u0142y dot. zam\\u00f3wie\\u0144 i wysy\\u0142ki.<\\/p>\",\"published\":\"1\",\"checked_out\":null,\"checked_out_time\":null,\"access\":\"1\",\"params\":\"{\\\"category_layout\\\":\\\"\\\",\\\"image\\\":\\\"\\\",\\\"image_alt\\\":\\\"\\\"}\",\"metadesc\":\"\",\"metakey\":\"\",\"metadata\":\"{\\\"author\\\":\\\"\\\",\\\"robots\\\":\\\"\\\"}\",\"created_user_id\":\"719\",\"created_time\":\"2021-04-12 07:42:14\",\"modified_user_id\":null,\"modified_time\":\"2021-04-12 07:42:14\",\"hits\":null,\"language\":\"*\",\"version\":null}', 0),
(10, 2, 1, '', '2021-04-12 07:42:46', 719, 1858, 'a0c997c48d4859d60412fcd22a78dfe61aa47c7f', '{\"id\":2,\"asset_id\":70,\"title\":\"Kurs Excel 2010\",\"alias\":\"kurs-excel-2010\",\"introtext\":\"<p>Kurs programu Excel 2010, b\\u0119d\\u0105cego cz\\u0119\\u015bci\\u0105 pakietu Office.<\\/p>\",\"fulltext\":\"\",\"state\":1,\"catid\":\"11\",\"created\":\"2021-04-12 07:42:46\",\"created_by\":\"719\",\"created_by_alias\":\"\",\"modified\":\"2021-04-12 07:42:46\",\"modified_by\":null,\"checked_out\":null,\"checked_out_time\":null,\"publish_up\":\"2021-04-12 07:42:46\",\"publish_down\":\"0000-00-00 00:00:00\",\"images\":\"{\\\"image_intro\\\":\\\"\\\",\\\"float_intro\\\":\\\"\\\",\\\"image_intro_alt\\\":\\\"\\\",\\\"image_intro_caption\\\":\\\"\\\",\\\"image_fulltext\\\":\\\"\\\",\\\"float_fulltext\\\":\\\"\\\",\\\"image_fulltext_alt\\\":\\\"\\\",\\\"image_fulltext_caption\\\":\\\"\\\"}\",\"urls\":\"{\\\"urla\\\":false,\\\"urlatext\\\":\\\"\\\",\\\"targeta\\\":\\\"\\\",\\\"urlb\\\":false,\\\"urlbtext\\\":\\\"\\\",\\\"targetb\\\":\\\"\\\",\\\"urlc\\\":false,\\\"urlctext\\\":\\\"\\\",\\\"targetc\\\":\\\"\\\"}\",\"attribs\":\"{\\\"article_layout\\\":\\\"\\\",\\\"show_title\\\":\\\"\\\",\\\"link_titles\\\":\\\"\\\",\\\"show_tags\\\":\\\"\\\",\\\"show_intro\\\":\\\"\\\",\\\"info_block_position\\\":\\\"\\\",\\\"info_block_show_title\\\":\\\"\\\",\\\"show_category\\\":\\\"\\\",\\\"link_category\\\":\\\"\\\",\\\"show_parent_category\\\":\\\"\\\",\\\"link_parent_category\\\":\\\"\\\",\\\"show_associations\\\":\\\"\\\",\\\"show_author\\\":\\\"\\\",\\\"link_author\\\":\\\"\\\",\\\"show_create_date\\\":\\\"\\\",\\\"show_modify_date\\\":\\\"\\\",\\\"show_publish_date\\\":\\\"\\\",\\\"show_item_navigation\\\":\\\"\\\",\\\"show_icons\\\":\\\"\\\",\\\"show_print_icon\\\":\\\"\\\",\\\"show_email_icon\\\":\\\"\\\",\\\"show_vote\\\":\\\"\\\",\\\"show_hits\\\":\\\"\\\",\\\"show_noauth\\\":\\\"\\\",\\\"urls_position\\\":\\\"\\\",\\\"alternative_readmore\\\":\\\"\\\",\\\"article_page_title\\\":\\\"\\\",\\\"show_publishing_options\\\":\\\"\\\",\\\"show_article_options\\\":\\\"\\\",\\\"show_urls_images_backend\\\":\\\"\\\",\\\"show_urls_images_frontend\\\":\\\"\\\"}\",\"version\":1,\"ordering\":null,\"metakey\":\"\",\"metadesc\":\"\",\"access\":\"1\",\"hits\":null,\"metadata\":\"{\\\"robots\\\":\\\"\\\",\\\"author\\\":\\\"\\\",\\\"rights\\\":\\\"\\\",\\\"xreference\\\":\\\"\\\"}\",\"featured\":\"0\",\"language\":\"*\",\"xreference\":\"\",\"note\":\"\"}', 0),
(11, 3, 1, '', '2021-04-12 07:43:02', 719, 1855, '3d8d3274dcb67bcd2f62b256416996f08298f2de', '{\"id\":3,\"asset_id\":71,\"title\":\"Kurs Word 2010\",\"alias\":\"kurs-word-2010\",\"introtext\":\"<p>Kurs programu Word 2010, b\\u0119d\\u0105cego cz\\u0119\\u015bci\\u0105 pakietu Office.<\\/p>\",\"fulltext\":\"\",\"state\":1,\"catid\":\"11\",\"created\":\"2021-04-12 07:43:02\",\"created_by\":\"719\",\"created_by_alias\":\"\",\"modified\":\"2021-04-12 07:43:02\",\"modified_by\":null,\"checked_out\":null,\"checked_out_time\":null,\"publish_up\":\"2021-04-12 07:43:02\",\"publish_down\":\"0000-00-00 00:00:00\",\"images\":\"{\\\"image_intro\\\":\\\"\\\",\\\"float_intro\\\":\\\"\\\",\\\"image_intro_alt\\\":\\\"\\\",\\\"image_intro_caption\\\":\\\"\\\",\\\"image_fulltext\\\":\\\"\\\",\\\"float_fulltext\\\":\\\"\\\",\\\"image_fulltext_alt\\\":\\\"\\\",\\\"image_fulltext_caption\\\":\\\"\\\"}\",\"urls\":\"{\\\"urla\\\":false,\\\"urlatext\\\":\\\"\\\",\\\"targeta\\\":\\\"\\\",\\\"urlb\\\":false,\\\"urlbtext\\\":\\\"\\\",\\\"targetb\\\":\\\"\\\",\\\"urlc\\\":false,\\\"urlctext\\\":\\\"\\\",\\\"targetc\\\":\\\"\\\"}\",\"attribs\":\"{\\\"article_layout\\\":\\\"\\\",\\\"show_title\\\":\\\"\\\",\\\"link_titles\\\":\\\"\\\",\\\"show_tags\\\":\\\"\\\",\\\"show_intro\\\":\\\"\\\",\\\"info_block_position\\\":\\\"\\\",\\\"info_block_show_title\\\":\\\"\\\",\\\"show_category\\\":\\\"\\\",\\\"link_category\\\":\\\"\\\",\\\"show_parent_category\\\":\\\"\\\",\\\"link_parent_category\\\":\\\"\\\",\\\"show_associations\\\":\\\"\\\",\\\"show_author\\\":\\\"\\\",\\\"link_author\\\":\\\"\\\",\\\"show_create_date\\\":\\\"\\\",\\\"show_modify_date\\\":\\\"\\\",\\\"show_publish_date\\\":\\\"\\\",\\\"show_item_navigation\\\":\\\"\\\",\\\"show_icons\\\":\\\"\\\",\\\"show_print_icon\\\":\\\"\\\",\\\"show_email_icon\\\":\\\"\\\",\\\"show_vote\\\":\\\"\\\",\\\"show_hits\\\":\\\"\\\",\\\"show_noauth\\\":\\\"\\\",\\\"urls_position\\\":\\\"\\\",\\\"alternative_readmore\\\":\\\"\\\",\\\"article_page_title\\\":\\\"\\\",\\\"show_publishing_options\\\":\\\"\\\",\\\"show_article_options\\\":\\\"\\\",\\\"show_urls_images_backend\\\":\\\"\\\",\\\"show_urls_images_frontend\\\":\\\"\\\"}\",\"version\":1,\"ordering\":null,\"metakey\":\"\",\"metadesc\":\"\",\"access\":\"1\",\"hits\":null,\"metadata\":\"{\\\"robots\\\":\\\"\\\",\\\"author\\\":\\\"\\\",\\\"rights\\\":\\\"\\\",\\\"xreference\\\":\\\"\\\"}\",\"featured\":\"0\",\"language\":\"*\",\"xreference\":\"\",\"note\":\"\"}', 0),
(12, 4, 1, '', '2021-04-12 07:43:49', 719, 1861, 'bd08e2bf5d0cf3e9480a8bc646c515af964cc801', '{\"id\":4,\"asset_id\":72,\"title\":\"Kurs Access 2010\",\"alias\":\"kurs-access-2010\",\"introtext\":\"<p>Kurs programu Access 2010, b\\u0119d\\u0105cego cz\\u0119\\u015bci\\u0105 pakietu Office.<\\/p>\",\"fulltext\":\"\",\"state\":1,\"catid\":\"11\",\"created\":\"2021-04-12 07:43:49\",\"created_by\":\"719\",\"created_by_alias\":\"\",\"modified\":\"2021-04-12 07:43:49\",\"modified_by\":null,\"checked_out\":null,\"checked_out_time\":null,\"publish_up\":\"2021-04-12 07:43:49\",\"publish_down\":\"0000-00-00 00:00:00\",\"images\":\"{\\\"image_intro\\\":\\\"\\\",\\\"float_intro\\\":\\\"\\\",\\\"image_intro_alt\\\":\\\"\\\",\\\"image_intro_caption\\\":\\\"\\\",\\\"image_fulltext\\\":\\\"\\\",\\\"float_fulltext\\\":\\\"\\\",\\\"image_fulltext_alt\\\":\\\"\\\",\\\"image_fulltext_caption\\\":\\\"\\\"}\",\"urls\":\"{\\\"urla\\\":false,\\\"urlatext\\\":\\\"\\\",\\\"targeta\\\":\\\"\\\",\\\"urlb\\\":false,\\\"urlbtext\\\":\\\"\\\",\\\"targetb\\\":\\\"\\\",\\\"urlc\\\":false,\\\"urlctext\\\":\\\"\\\",\\\"targetc\\\":\\\"\\\"}\",\"attribs\":\"{\\\"article_layout\\\":\\\"\\\",\\\"show_title\\\":\\\"\\\",\\\"link_titles\\\":\\\"\\\",\\\"show_tags\\\":\\\"\\\",\\\"show_intro\\\":\\\"\\\",\\\"info_block_position\\\":\\\"\\\",\\\"info_block_show_title\\\":\\\"\\\",\\\"show_category\\\":\\\"\\\",\\\"link_category\\\":\\\"\\\",\\\"show_parent_category\\\":\\\"\\\",\\\"link_parent_category\\\":\\\"\\\",\\\"show_associations\\\":\\\"\\\",\\\"show_author\\\":\\\"\\\",\\\"link_author\\\":\\\"\\\",\\\"show_create_date\\\":\\\"\\\",\\\"show_modify_date\\\":\\\"\\\",\\\"show_publish_date\\\":\\\"\\\",\\\"show_item_navigation\\\":\\\"\\\",\\\"show_icons\\\":\\\"\\\",\\\"show_print_icon\\\":\\\"\\\",\\\"show_email_icon\\\":\\\"\\\",\\\"show_vote\\\":\\\"\\\",\\\"show_hits\\\":\\\"\\\",\\\"show_noauth\\\":\\\"\\\",\\\"urls_position\\\":\\\"\\\",\\\"alternative_readmore\\\":\\\"\\\",\\\"article_page_title\\\":\\\"\\\",\\\"show_publishing_options\\\":\\\"\\\",\\\"show_article_options\\\":\\\"\\\",\\\"show_urls_images_backend\\\":\\\"\\\",\\\"show_urls_images_frontend\\\":\\\"\\\"}\",\"version\":1,\"ordering\":null,\"metakey\":\"\",\"metadesc\":\"\",\"access\":\"1\",\"hits\":null,\"metadata\":\"{\\\"robots\\\":\\\"\\\",\\\"author\\\":\\\"\\\",\\\"rights\\\":\\\"\\\",\\\"xreference\\\":\\\"\\\"}\",\"featured\":\"0\",\"language\":\"*\",\"xreference\":\"\",\"note\":\"\"}', 0),
(13, 5, 1, '', '2021-04-12 07:44:13', 719, 1794, '500566baceff5fb69f89bcfe3c9bd10f0d05b0b8', '{\"id\":5,\"asset_id\":73,\"title\":\"Kurs Corel X5\",\"alias\":\"kurs-corel-x5\",\"introtext\":\"<p>Kurs programu Corel X5.<\\/p>\",\"fulltext\":\"\",\"state\":1,\"catid\":\"12\",\"created\":\"2021-04-12 07:44:13\",\"created_by\":\"719\",\"created_by_alias\":\"\",\"modified\":\"2021-04-12 07:44:13\",\"modified_by\":null,\"checked_out\":null,\"checked_out_time\":null,\"publish_up\":\"2021-04-12 07:44:13\",\"publish_down\":\"0000-00-00 00:00:00\",\"images\":\"{\\\"image_intro\\\":\\\"\\\",\\\"float_intro\\\":\\\"\\\",\\\"image_intro_alt\\\":\\\"\\\",\\\"image_intro_caption\\\":\\\"\\\",\\\"image_fulltext\\\":\\\"\\\",\\\"float_fulltext\\\":\\\"\\\",\\\"image_fulltext_alt\\\":\\\"\\\",\\\"image_fulltext_caption\\\":\\\"\\\"}\",\"urls\":\"{\\\"urla\\\":false,\\\"urlatext\\\":\\\"\\\",\\\"targeta\\\":\\\"\\\",\\\"urlb\\\":false,\\\"urlbtext\\\":\\\"\\\",\\\"targetb\\\":\\\"\\\",\\\"urlc\\\":false,\\\"urlctext\\\":\\\"\\\",\\\"targetc\\\":\\\"\\\"}\",\"attribs\":\"{\\\"article_layout\\\":\\\"\\\",\\\"show_title\\\":\\\"\\\",\\\"link_titles\\\":\\\"\\\",\\\"show_tags\\\":\\\"\\\",\\\"show_intro\\\":\\\"\\\",\\\"info_block_position\\\":\\\"\\\",\\\"info_block_show_title\\\":\\\"\\\",\\\"show_category\\\":\\\"\\\",\\\"link_category\\\":\\\"\\\",\\\"show_parent_category\\\":\\\"\\\",\\\"link_parent_category\\\":\\\"\\\",\\\"show_associations\\\":\\\"\\\",\\\"show_author\\\":\\\"\\\",\\\"link_author\\\":\\\"\\\",\\\"show_create_date\\\":\\\"\\\",\\\"show_modify_date\\\":\\\"\\\",\\\"show_publish_date\\\":\\\"\\\",\\\"show_item_navigation\\\":\\\"\\\",\\\"show_icons\\\":\\\"\\\",\\\"show_print_icon\\\":\\\"\\\",\\\"show_email_icon\\\":\\\"\\\",\\\"show_vote\\\":\\\"\\\",\\\"show_hits\\\":\\\"\\\",\\\"show_noauth\\\":\\\"\\\",\\\"urls_position\\\":\\\"\\\",\\\"alternative_readmore\\\":\\\"\\\",\\\"article_page_title\\\":\\\"\\\",\\\"show_publishing_options\\\":\\\"\\\",\\\"show_article_options\\\":\\\"\\\",\\\"show_urls_images_backend\\\":\\\"\\\",\\\"show_urls_images_frontend\\\":\\\"\\\"}\",\"version\":1,\"ordering\":null,\"metakey\":\"\",\"metadesc\":\"\",\"access\":\"1\",\"hits\":null,\"metadata\":\"{\\\"robots\\\":\\\"\\\",\\\"author\\\":\\\"\\\",\\\"rights\\\":\\\"\\\",\\\"xreference\\\":\\\"\\\"}\",\"featured\":\"0\",\"language\":\"*\",\"xreference\":\"\",\"note\":\"\"}', 0),
(14, 6, 1, '', '2021-04-12 07:44:30', 719, 1799, '1522e82e3a5303974e82719619159fe4498b376a', '{\"id\":6,\"asset_id\":74,\"title\":\"Kurs Joomla 2.5\",\"alias\":\"kurs-joomla-2-5\",\"introtext\":\"<p>Kurs programu Joomla 2.5.<\\/p>\",\"fulltext\":\"\",\"state\":1,\"catid\":\"2\",\"created\":\"2021-04-12 07:44:30\",\"created_by\":\"719\",\"created_by_alias\":\"\",\"modified\":\"2021-04-12 07:44:30\",\"modified_by\":null,\"checked_out\":null,\"checked_out_time\":null,\"publish_up\":\"2021-04-12 07:44:30\",\"publish_down\":\"0000-00-00 00:00:00\",\"images\":\"{\\\"image_intro\\\":\\\"\\\",\\\"float_intro\\\":\\\"\\\",\\\"image_intro_alt\\\":\\\"\\\",\\\"image_intro_caption\\\":\\\"\\\",\\\"image_fulltext\\\":\\\"\\\",\\\"float_fulltext\\\":\\\"\\\",\\\"image_fulltext_alt\\\":\\\"\\\",\\\"image_fulltext_caption\\\":\\\"\\\"}\",\"urls\":\"{\\\"urla\\\":false,\\\"urlatext\\\":\\\"\\\",\\\"targeta\\\":\\\"\\\",\\\"urlb\\\":false,\\\"urlbtext\\\":\\\"\\\",\\\"targetb\\\":\\\"\\\",\\\"urlc\\\":false,\\\"urlctext\\\":\\\"\\\",\\\"targetc\\\":\\\"\\\"}\",\"attribs\":\"{\\\"article_layout\\\":\\\"\\\",\\\"show_title\\\":\\\"\\\",\\\"link_titles\\\":\\\"\\\",\\\"show_tags\\\":\\\"\\\",\\\"show_intro\\\":\\\"\\\",\\\"info_block_position\\\":\\\"\\\",\\\"info_block_show_title\\\":\\\"\\\",\\\"show_category\\\":\\\"\\\",\\\"link_category\\\":\\\"\\\",\\\"show_parent_category\\\":\\\"\\\",\\\"link_parent_category\\\":\\\"\\\",\\\"show_associations\\\":\\\"\\\",\\\"show_author\\\":\\\"\\\",\\\"link_author\\\":\\\"\\\",\\\"show_create_date\\\":\\\"\\\",\\\"show_modify_date\\\":\\\"\\\",\\\"show_publish_date\\\":\\\"\\\",\\\"show_item_navigation\\\":\\\"\\\",\\\"show_icons\\\":\\\"\\\",\\\"show_print_icon\\\":\\\"\\\",\\\"show_email_icon\\\":\\\"\\\",\\\"show_vote\\\":\\\"\\\",\\\"show_hits\\\":\\\"\\\",\\\"show_noauth\\\":\\\"\\\",\\\"urls_position\\\":\\\"\\\",\\\"alternative_readmore\\\":\\\"\\\",\\\"article_page_title\\\":\\\"\\\",\\\"show_publishing_options\\\":\\\"\\\",\\\"show_article_options\\\":\\\"\\\",\\\"show_urls_images_backend\\\":\\\"\\\",\\\"show_urls_images_frontend\\\":\\\"\\\"}\",\"version\":1,\"ordering\":null,\"metakey\":\"\",\"metadesc\":\"\",\"access\":\"1\",\"hits\":null,\"metadata\":\"{\\\"robots\\\":\\\"\\\",\\\"author\\\":\\\"\\\",\\\"rights\\\":\\\"\\\",\\\"xreference\\\":\\\"\\\"}\",\"featured\":\"0\",\"language\":\"*\",\"xreference\":\"\",\"note\":\"\"}', 0),
(15, 7, 1, '', '2021-04-12 07:44:40', 719, 1800, 'ee23fa0ec97195fe479095ea4cd5c92fc6c3716b', '{\"id\":7,\"asset_id\":75,\"title\":\"Kurs Joomla 2.5\",\"alias\":\"kurs-joomla-2-5\",\"introtext\":\"<p>Kurs programu Joomla 2.5.<\\/p>\",\"fulltext\":\"\",\"state\":1,\"catid\":\"13\",\"created\":\"2021-04-12 07:44:40\",\"created_by\":\"719\",\"created_by_alias\":\"\",\"modified\":\"2021-04-12 07:44:40\",\"modified_by\":null,\"checked_out\":null,\"checked_out_time\":null,\"publish_up\":\"2021-04-12 07:44:40\",\"publish_down\":\"0000-00-00 00:00:00\",\"images\":\"{\\\"image_intro\\\":\\\"\\\",\\\"float_intro\\\":\\\"\\\",\\\"image_intro_alt\\\":\\\"\\\",\\\"image_intro_caption\\\":\\\"\\\",\\\"image_fulltext\\\":\\\"\\\",\\\"float_fulltext\\\":\\\"\\\",\\\"image_fulltext_alt\\\":\\\"\\\",\\\"image_fulltext_caption\\\":\\\"\\\"}\",\"urls\":\"{\\\"urla\\\":false,\\\"urlatext\\\":\\\"\\\",\\\"targeta\\\":\\\"\\\",\\\"urlb\\\":false,\\\"urlbtext\\\":\\\"\\\",\\\"targetb\\\":\\\"\\\",\\\"urlc\\\":false,\\\"urlctext\\\":\\\"\\\",\\\"targetc\\\":\\\"\\\"}\",\"attribs\":\"{\\\"article_layout\\\":\\\"\\\",\\\"show_title\\\":\\\"\\\",\\\"link_titles\\\":\\\"\\\",\\\"show_tags\\\":\\\"\\\",\\\"show_intro\\\":\\\"\\\",\\\"info_block_position\\\":\\\"\\\",\\\"info_block_show_title\\\":\\\"\\\",\\\"show_category\\\":\\\"\\\",\\\"link_category\\\":\\\"\\\",\\\"show_parent_category\\\":\\\"\\\",\\\"link_parent_category\\\":\\\"\\\",\\\"show_associations\\\":\\\"\\\",\\\"show_author\\\":\\\"\\\",\\\"link_author\\\":\\\"\\\",\\\"show_create_date\\\":\\\"\\\",\\\"show_modify_date\\\":\\\"\\\",\\\"show_publish_date\\\":\\\"\\\",\\\"show_item_navigation\\\":\\\"\\\",\\\"show_icons\\\":\\\"\\\",\\\"show_print_icon\\\":\\\"\\\",\\\"show_email_icon\\\":\\\"\\\",\\\"show_vote\\\":\\\"\\\",\\\"show_hits\\\":\\\"\\\",\\\"show_noauth\\\":\\\"\\\",\\\"urls_position\\\":\\\"\\\",\\\"alternative_readmore\\\":\\\"\\\",\\\"article_page_title\\\":\\\"\\\",\\\"show_publishing_options\\\":\\\"\\\",\\\"show_article_options\\\":\\\"\\\",\\\"show_urls_images_backend\\\":\\\"\\\",\\\"show_urls_images_frontend\\\":\\\"\\\"}\",\"version\":1,\"ordering\":null,\"metakey\":\"\",\"metadesc\":\"\",\"access\":\"1\",\"hits\":null,\"metadata\":\"{\\\"robots\\\":\\\"\\\",\\\"author\\\":\\\"\\\",\\\"rights\\\":\\\"\\\",\\\"xreference\\\":\\\"\\\"}\",\"featured\":\"0\",\"language\":\"*\",\"xreference\":\"\",\"note\":\"\"}', 0),
(16, 8, 1, '', '2021-04-12 07:44:56', 719, 1793, '5deb9008b4a2945ccdbe36637667df6f1d2ac1df', '{\"id\":8,\"asset_id\":76,\"title\":\"Kurs HTML5\",\"alias\":\"kurs-html5\",\"introtext\":\"<p>Kurs \\u015brodowiska HTML 5.<\\/p>\",\"fulltext\":\"\",\"state\":1,\"catid\":\"13\",\"created\":\"2021-04-12 07:44:56\",\"created_by\":\"719\",\"created_by_alias\":\"\",\"modified\":\"2021-04-12 07:44:56\",\"modified_by\":null,\"checked_out\":null,\"checked_out_time\":null,\"publish_up\":\"2021-04-12 07:44:56\",\"publish_down\":\"0000-00-00 00:00:00\",\"images\":\"{\\\"image_intro\\\":\\\"\\\",\\\"float_intro\\\":\\\"\\\",\\\"image_intro_alt\\\":\\\"\\\",\\\"image_intro_caption\\\":\\\"\\\",\\\"image_fulltext\\\":\\\"\\\",\\\"float_fulltext\\\":\\\"\\\",\\\"image_fulltext_alt\\\":\\\"\\\",\\\"image_fulltext_caption\\\":\\\"\\\"}\",\"urls\":\"{\\\"urla\\\":false,\\\"urlatext\\\":\\\"\\\",\\\"targeta\\\":\\\"\\\",\\\"urlb\\\":false,\\\"urlbtext\\\":\\\"\\\",\\\"targetb\\\":\\\"\\\",\\\"urlc\\\":false,\\\"urlctext\\\":\\\"\\\",\\\"targetc\\\":\\\"\\\"}\",\"attribs\":\"{\\\"article_layout\\\":\\\"\\\",\\\"show_title\\\":\\\"\\\",\\\"link_titles\\\":\\\"\\\",\\\"show_tags\\\":\\\"\\\",\\\"show_intro\\\":\\\"\\\",\\\"info_block_position\\\":\\\"\\\",\\\"info_block_show_title\\\":\\\"\\\",\\\"show_category\\\":\\\"\\\",\\\"link_category\\\":\\\"\\\",\\\"show_parent_category\\\":\\\"\\\",\\\"link_parent_category\\\":\\\"\\\",\\\"show_associations\\\":\\\"\\\",\\\"show_author\\\":\\\"\\\",\\\"link_author\\\":\\\"\\\",\\\"show_create_date\\\":\\\"\\\",\\\"show_modify_date\\\":\\\"\\\",\\\"show_publish_date\\\":\\\"\\\",\\\"show_item_navigation\\\":\\\"\\\",\\\"show_icons\\\":\\\"\\\",\\\"show_print_icon\\\":\\\"\\\",\\\"show_email_icon\\\":\\\"\\\",\\\"show_vote\\\":\\\"\\\",\\\"show_hits\\\":\\\"\\\",\\\"show_noauth\\\":\\\"\\\",\\\"urls_position\\\":\\\"\\\",\\\"alternative_readmore\\\":\\\"\\\",\\\"article_page_title\\\":\\\"\\\",\\\"show_publishing_options\\\":\\\"\\\",\\\"show_article_options\\\":\\\"\\\",\\\"show_urls_images_backend\\\":\\\"\\\",\\\"show_urls_images_frontend\\\":\\\"\\\"}\",\"version\":1,\"ordering\":null,\"metakey\":\"\",\"metadesc\":\"\",\"access\":\"1\",\"hits\":null,\"metadata\":\"{\\\"robots\\\":\\\"\\\",\\\"author\\\":\\\"\\\",\\\"rights\\\":\\\"\\\",\\\"xreference\\\":\\\"\\\"}\",\"featured\":\"0\",\"language\":\"*\",\"xreference\":\"\",\"note\":\"\"}', 0),
(17, 9, 1, '', '2021-04-12 07:45:17', 719, 1820, '3190375fb1562669cff9cd00d37e7d192c80fcee', '{\"id\":9,\"asset_id\":77,\"title\":\"Wymagania systemowe\",\"alias\":\"wymagania-systemowe\",\"introtext\":\"<p>Lista wymaga\\u0144 systemowych.\\u00a0<\\/p>\",\"fulltext\":\"\",\"state\":1,\"catid\":\"14\",\"created\":\"2021-04-12 07:45:17\",\"created_by\":\"719\",\"created_by_alias\":\"\",\"modified\":\"2021-04-12 07:45:17\",\"modified_by\":null,\"checked_out\":null,\"checked_out_time\":null,\"publish_up\":\"2021-04-12 07:45:17\",\"publish_down\":\"0000-00-00 00:00:00\",\"images\":\"{\\\"image_intro\\\":\\\"\\\",\\\"float_intro\\\":\\\"\\\",\\\"image_intro_alt\\\":\\\"\\\",\\\"image_intro_caption\\\":\\\"\\\",\\\"image_fulltext\\\":\\\"\\\",\\\"float_fulltext\\\":\\\"\\\",\\\"image_fulltext_alt\\\":\\\"\\\",\\\"image_fulltext_caption\\\":\\\"\\\"}\",\"urls\":\"{\\\"urla\\\":false,\\\"urlatext\\\":\\\"\\\",\\\"targeta\\\":\\\"\\\",\\\"urlb\\\":false,\\\"urlbtext\\\":\\\"\\\",\\\"targetb\\\":\\\"\\\",\\\"urlc\\\":false,\\\"urlctext\\\":\\\"\\\",\\\"targetc\\\":\\\"\\\"}\",\"attribs\":\"{\\\"article_layout\\\":\\\"\\\",\\\"show_title\\\":\\\"\\\",\\\"link_titles\\\":\\\"\\\",\\\"show_tags\\\":\\\"\\\",\\\"show_intro\\\":\\\"\\\",\\\"info_block_position\\\":\\\"\\\",\\\"info_block_show_title\\\":\\\"\\\",\\\"show_category\\\":\\\"\\\",\\\"link_category\\\":\\\"\\\",\\\"show_parent_category\\\":\\\"\\\",\\\"link_parent_category\\\":\\\"\\\",\\\"show_associations\\\":\\\"\\\",\\\"show_author\\\":\\\"\\\",\\\"link_author\\\":\\\"\\\",\\\"show_create_date\\\":\\\"\\\",\\\"show_modify_date\\\":\\\"\\\",\\\"show_publish_date\\\":\\\"\\\",\\\"show_item_navigation\\\":\\\"\\\",\\\"show_icons\\\":\\\"\\\",\\\"show_print_icon\\\":\\\"\\\",\\\"show_email_icon\\\":\\\"\\\",\\\"show_vote\\\":\\\"\\\",\\\"show_hits\\\":\\\"\\\",\\\"show_noauth\\\":\\\"\\\",\\\"urls_position\\\":\\\"\\\",\\\"alternative_readmore\\\":\\\"\\\",\\\"article_page_title\\\":\\\"\\\",\\\"show_publishing_options\\\":\\\"\\\",\\\"show_article_options\\\":\\\"\\\",\\\"show_urls_images_backend\\\":\\\"\\\",\\\"show_urls_images_frontend\\\":\\\"\\\"}\",\"version\":1,\"ordering\":null,\"metakey\":\"\",\"metadesc\":\"\",\"access\":\"1\",\"hits\":null,\"metadata\":\"{\\\"robots\\\":\\\"\\\",\\\"author\\\":\\\"\\\",\\\"rights\\\":\\\"\\\",\\\"xreference\\\":\\\"\\\"}\",\"featured\":\"0\",\"language\":\"*\",\"xreference\":\"\",\"note\":\"\"}', 0),
(18, 10, 1, '', '2021-04-12 07:45:34', 719, 1827, '0af3d89cd70d0f12e3dc7484b149736f5730c400', '{\"id\":10,\"asset_id\":78,\"title\":\"Jak\\u0105 wersj\\u0119 wybra\\u0107\",\"alias\":\"jaka-wersje-wybrac\",\"introtext\":\"<p>Poradnik do wybierania wersji.<\\/p>\",\"fulltext\":\"\",\"state\":1,\"catid\":\"14\",\"created\":\"2021-04-12 07:45:34\",\"created_by\":\"719\",\"created_by_alias\":\"\",\"modified\":\"2021-04-12 07:45:34\",\"modified_by\":null,\"checked_out\":null,\"checked_out_time\":null,\"publish_up\":\"2021-04-12 07:45:34\",\"publish_down\":\"0000-00-00 00:00:00\",\"images\":\"{\\\"image_intro\\\":\\\"\\\",\\\"float_intro\\\":\\\"\\\",\\\"image_intro_alt\\\":\\\"\\\",\\\"image_intro_caption\\\":\\\"\\\",\\\"image_fulltext\\\":\\\"\\\",\\\"float_fulltext\\\":\\\"\\\",\\\"image_fulltext_alt\\\":\\\"\\\",\\\"image_fulltext_caption\\\":\\\"\\\"}\",\"urls\":\"{\\\"urla\\\":false,\\\"urlatext\\\":\\\"\\\",\\\"targeta\\\":\\\"\\\",\\\"urlb\\\":false,\\\"urlbtext\\\":\\\"\\\",\\\"targetb\\\":\\\"\\\",\\\"urlc\\\":false,\\\"urlctext\\\":\\\"\\\",\\\"targetc\\\":\\\"\\\"}\",\"attribs\":\"{\\\"article_layout\\\":\\\"\\\",\\\"show_title\\\":\\\"\\\",\\\"link_titles\\\":\\\"\\\",\\\"show_tags\\\":\\\"\\\",\\\"show_intro\\\":\\\"\\\",\\\"info_block_position\\\":\\\"\\\",\\\"info_block_show_title\\\":\\\"\\\",\\\"show_category\\\":\\\"\\\",\\\"link_category\\\":\\\"\\\",\\\"show_parent_category\\\":\\\"\\\",\\\"link_parent_category\\\":\\\"\\\",\\\"show_associations\\\":\\\"\\\",\\\"show_author\\\":\\\"\\\",\\\"link_author\\\":\\\"\\\",\\\"show_create_date\\\":\\\"\\\",\\\"show_modify_date\\\":\\\"\\\",\\\"show_publish_date\\\":\\\"\\\",\\\"show_item_navigation\\\":\\\"\\\",\\\"show_icons\\\":\\\"\\\",\\\"show_print_icon\\\":\\\"\\\",\\\"show_email_icon\\\":\\\"\\\",\\\"show_vote\\\":\\\"\\\",\\\"show_hits\\\":\\\"\\\",\\\"show_noauth\\\":\\\"\\\",\\\"urls_position\\\":\\\"\\\",\\\"alternative_readmore\\\":\\\"\\\",\\\"article_page_title\\\":\\\"\\\",\\\"show_publishing_options\\\":\\\"\\\",\\\"show_article_options\\\":\\\"\\\",\\\"show_urls_images_backend\\\":\\\"\\\",\\\"show_urls_images_frontend\\\":\\\"\\\"}\",\"version\":1,\"ordering\":null,\"metakey\":\"\",\"metadesc\":\"\",\"access\":\"1\",\"hits\":null,\"metadata\":\"{\\\"robots\\\":\\\"\\\",\\\"author\\\":\\\"\\\",\\\"rights\\\":\\\"\\\",\\\"xreference\\\":\\\"\\\"}\",\"featured\":\"0\",\"language\":\"*\",\"xreference\":\"\",\"note\":\"\"}', 0),
(19, 11, 1, '', '2021-04-12 07:45:49', 719, 1801, '8cccc9694a80f30b5324aa0a67653324f0202b65', '{\"id\":11,\"asset_id\":79,\"title\":\"P\\u0142atno\\u015bci\",\"alias\":\"platnosci\",\"introtext\":\"<p>Metody p\\u0142atno\\u015bci.<\\/p>\",\"fulltext\":\"\",\"state\":1,\"catid\":\"15\",\"created\":\"2021-04-12 07:45:49\",\"created_by\":\"719\",\"created_by_alias\":\"\",\"modified\":\"2021-04-12 07:45:49\",\"modified_by\":null,\"checked_out\":null,\"checked_out_time\":null,\"publish_up\":\"2021-04-12 07:45:49\",\"publish_down\":\"0000-00-00 00:00:00\",\"images\":\"{\\\"image_intro\\\":\\\"\\\",\\\"float_intro\\\":\\\"\\\",\\\"image_intro_alt\\\":\\\"\\\",\\\"image_intro_caption\\\":\\\"\\\",\\\"image_fulltext\\\":\\\"\\\",\\\"float_fulltext\\\":\\\"\\\",\\\"image_fulltext_alt\\\":\\\"\\\",\\\"image_fulltext_caption\\\":\\\"\\\"}\",\"urls\":\"{\\\"urla\\\":false,\\\"urlatext\\\":\\\"\\\",\\\"targeta\\\":\\\"\\\",\\\"urlb\\\":false,\\\"urlbtext\\\":\\\"\\\",\\\"targetb\\\":\\\"\\\",\\\"urlc\\\":false,\\\"urlctext\\\":\\\"\\\",\\\"targetc\\\":\\\"\\\"}\",\"attribs\":\"{\\\"article_layout\\\":\\\"\\\",\\\"show_title\\\":\\\"\\\",\\\"link_titles\\\":\\\"\\\",\\\"show_tags\\\":\\\"\\\",\\\"show_intro\\\":\\\"\\\",\\\"info_block_position\\\":\\\"\\\",\\\"info_block_show_title\\\":\\\"\\\",\\\"show_category\\\":\\\"\\\",\\\"link_category\\\":\\\"\\\",\\\"show_parent_category\\\":\\\"\\\",\\\"link_parent_category\\\":\\\"\\\",\\\"show_associations\\\":\\\"\\\",\\\"show_author\\\":\\\"\\\",\\\"link_author\\\":\\\"\\\",\\\"show_create_date\\\":\\\"\\\",\\\"show_modify_date\\\":\\\"\\\",\\\"show_publish_date\\\":\\\"\\\",\\\"show_item_navigation\\\":\\\"\\\",\\\"show_icons\\\":\\\"\\\",\\\"show_print_icon\\\":\\\"\\\",\\\"show_email_icon\\\":\\\"\\\",\\\"show_vote\\\":\\\"\\\",\\\"show_hits\\\":\\\"\\\",\\\"show_noauth\\\":\\\"\\\",\\\"urls_position\\\":\\\"\\\",\\\"alternative_readmore\\\":\\\"\\\",\\\"article_page_title\\\":\\\"\\\",\\\"show_publishing_options\\\":\\\"\\\",\\\"show_article_options\\\":\\\"\\\",\\\"show_urls_images_backend\\\":\\\"\\\",\\\"show_urls_images_frontend\\\":\\\"\\\"}\",\"version\":1,\"ordering\":null,\"metakey\":\"\",\"metadesc\":\"\",\"access\":\"1\",\"hits\":null,\"metadata\":\"{\\\"robots\\\":\\\"\\\",\\\"author\\\":\\\"\\\",\\\"rights\\\":\\\"\\\",\\\"xreference\\\":\\\"\\\"}\",\"featured\":\"0\",\"language\":\"*\",\"xreference\":\"\",\"note\":\"\"}', 0),
(20, 12, 1, '', '2021-04-12 07:46:04', 719, 1810, '3fc35dc12e211ab6cf6a602f72b2474b1811e9f0', '{\"id\":12,\"asset_id\":80,\"title\":\"Metody wysy\\u0142ki\",\"alias\":\"metody-wysylki\",\"introtext\":\"<p>Lista metod wysy\\u0142ki.\\u00a0<\\/p>\",\"fulltext\":\"\",\"state\":1,\"catid\":\"15\",\"created\":\"2021-04-12 07:46:04\",\"created_by\":\"719\",\"created_by_alias\":\"\",\"modified\":\"2021-04-12 07:46:04\",\"modified_by\":null,\"checked_out\":null,\"checked_out_time\":null,\"publish_up\":\"2021-04-12 07:46:04\",\"publish_down\":\"0000-00-00 00:00:00\",\"images\":\"{\\\"image_intro\\\":\\\"\\\",\\\"float_intro\\\":\\\"\\\",\\\"image_intro_alt\\\":\\\"\\\",\\\"image_intro_caption\\\":\\\"\\\",\\\"image_fulltext\\\":\\\"\\\",\\\"float_fulltext\\\":\\\"\\\",\\\"image_fulltext_alt\\\":\\\"\\\",\\\"image_fulltext_caption\\\":\\\"\\\"}\",\"urls\":\"{\\\"urla\\\":false,\\\"urlatext\\\":\\\"\\\",\\\"targeta\\\":\\\"\\\",\\\"urlb\\\":false,\\\"urlbtext\\\":\\\"\\\",\\\"targetb\\\":\\\"\\\",\\\"urlc\\\":false,\\\"urlctext\\\":\\\"\\\",\\\"targetc\\\":\\\"\\\"}\",\"attribs\":\"{\\\"article_layout\\\":\\\"\\\",\\\"show_title\\\":\\\"\\\",\\\"link_titles\\\":\\\"\\\",\\\"show_tags\\\":\\\"\\\",\\\"show_intro\\\":\\\"\\\",\\\"info_block_position\\\":\\\"\\\",\\\"info_block_show_title\\\":\\\"\\\",\\\"show_category\\\":\\\"\\\",\\\"link_category\\\":\\\"\\\",\\\"show_parent_category\\\":\\\"\\\",\\\"link_parent_category\\\":\\\"\\\",\\\"show_associations\\\":\\\"\\\",\\\"show_author\\\":\\\"\\\",\\\"link_author\\\":\\\"\\\",\\\"show_create_date\\\":\\\"\\\",\\\"show_modify_date\\\":\\\"\\\",\\\"show_publish_date\\\":\\\"\\\",\\\"show_item_navigation\\\":\\\"\\\",\\\"show_icons\\\":\\\"\\\",\\\"show_print_icon\\\":\\\"\\\",\\\"show_email_icon\\\":\\\"\\\",\\\"show_vote\\\":\\\"\\\",\\\"show_hits\\\":\\\"\\\",\\\"show_noauth\\\":\\\"\\\",\\\"urls_position\\\":\\\"\\\",\\\"alternative_readmore\\\":\\\"\\\",\\\"article_page_title\\\":\\\"\\\",\\\"show_publishing_options\\\":\\\"\\\",\\\"show_article_options\\\":\\\"\\\",\\\"show_urls_images_backend\\\":\\\"\\\",\\\"show_urls_images_frontend\\\":\\\"\\\"}\",\"version\":1,\"ordering\":null,\"metakey\":\"\",\"metadesc\":\"\",\"access\":\"1\",\"hits\":null,\"metadata\":\"{\\\"robots\\\":\\\"\\\",\\\"author\\\":\\\"\\\",\\\"rights\\\":\\\"\\\",\\\"xreference\\\":\\\"\\\"}\",\"featured\":\"0\",\"language\":\"*\",\"xreference\":\"\",\"note\":\"\"}', 0),
(21, 13, 1, '', '2021-04-12 07:46:20', 719, 1843, 'c35e58f546935cbab0d9d26f768b68c97f91604b', '{\"id\":13,\"asset_id\":81,\"title\":\"Czas realizacji\",\"alias\":\"czas-realizacji\",\"introtext\":\"<p>Szczeg\\u00f3\\u0142y dot. czas\\u00f3w realizacji zam\\u00f3wie\\u0144.<\\/p>\",\"fulltext\":\"\",\"state\":1,\"catid\":\"15\",\"created\":\"2021-04-12 07:46:20\",\"created_by\":\"719\",\"created_by_alias\":\"\",\"modified\":\"2021-04-12 07:46:20\",\"modified_by\":null,\"checked_out\":null,\"checked_out_time\":null,\"publish_up\":\"2021-04-12 07:46:20\",\"publish_down\":\"0000-00-00 00:00:00\",\"images\":\"{\\\"image_intro\\\":\\\"\\\",\\\"float_intro\\\":\\\"\\\",\\\"image_intro_alt\\\":\\\"\\\",\\\"image_intro_caption\\\":\\\"\\\",\\\"image_fulltext\\\":\\\"\\\",\\\"float_fulltext\\\":\\\"\\\",\\\"image_fulltext_alt\\\":\\\"\\\",\\\"image_fulltext_caption\\\":\\\"\\\"}\",\"urls\":\"{\\\"urla\\\":false,\\\"urlatext\\\":\\\"\\\",\\\"targeta\\\":\\\"\\\",\\\"urlb\\\":false,\\\"urlbtext\\\":\\\"\\\",\\\"targetb\\\":\\\"\\\",\\\"urlc\\\":false,\\\"urlctext\\\":\\\"\\\",\\\"targetc\\\":\\\"\\\"}\",\"attribs\":\"{\\\"article_layout\\\":\\\"\\\",\\\"show_title\\\":\\\"\\\",\\\"link_titles\\\":\\\"\\\",\\\"show_tags\\\":\\\"\\\",\\\"show_intro\\\":\\\"\\\",\\\"info_block_position\\\":\\\"\\\",\\\"info_block_show_title\\\":\\\"\\\",\\\"show_category\\\":\\\"\\\",\\\"link_category\\\":\\\"\\\",\\\"show_parent_category\\\":\\\"\\\",\\\"link_parent_category\\\":\\\"\\\",\\\"show_associations\\\":\\\"\\\",\\\"show_author\\\":\\\"\\\",\\\"link_author\\\":\\\"\\\",\\\"show_create_date\\\":\\\"\\\",\\\"show_modify_date\\\":\\\"\\\",\\\"show_publish_date\\\":\\\"\\\",\\\"show_item_navigation\\\":\\\"\\\",\\\"show_icons\\\":\\\"\\\",\\\"show_print_icon\\\":\\\"\\\",\\\"show_email_icon\\\":\\\"\\\",\\\"show_vote\\\":\\\"\\\",\\\"show_hits\\\":\\\"\\\",\\\"show_noauth\\\":\\\"\\\",\\\"urls_position\\\":\\\"\\\",\\\"alternative_readmore\\\":\\\"\\\",\\\"article_page_title\\\":\\\"\\\",\\\"show_publishing_options\\\":\\\"\\\",\\\"show_article_options\\\":\\\"\\\",\\\"show_urls_images_backend\\\":\\\"\\\",\\\"show_urls_images_frontend\\\":\\\"\\\"}\",\"version\":1,\"ordering\":null,\"metakey\":\"\",\"metadesc\":\"\",\"access\":\"1\",\"hits\":null,\"metadata\":\"{\\\"robots\\\":\\\"\\\",\\\"author\\\":\\\"\\\",\\\"rights\\\":\\\"\\\",\\\"xreference\\\":\\\"\\\"}\",\"featured\":\"0\",\"language\":\"*\",\"xreference\":\"\",\"note\":\"\"}', 0),
(22, 14, 1, '', '2021-04-19 06:32:45', 721, 560, '78225b9bc5d0f2fd535e8422606393163a4e5a4f', '{\"id\":14,\"asset_id\":84,\"title\":\"Artyku\\u0142 autora\",\"alias\":\"artykul-autora\",\"introtext\":\"<p>Artykulik autorka.<\\/p>\",\"fulltext\":\"\",\"state\":null,\"catid\":\"2\",\"created\":\"2021-04-19 06:32:45\",\"created_by\":\"721\",\"created_by_alias\":\"\",\"modified\":\"2021-04-19 06:32:45\",\"modified_by\":null,\"checked_out\":null,\"checked_out_time\":null,\"publish_up\":null,\"publish_down\":null,\"images\":\"{}\",\"urls\":\"{}\",\"attribs\":\"{}\",\"version\":1,\"ordering\":null,\"metakey\":\"\",\"metadesc\":\"\",\"access\":\"1\",\"hits\":null,\"metadata\":\"{}\",\"featured\":null,\"language\":\"*\",\"xreference\":null,\"note\":\"\"}', 0),
(23, 14, 1, '', '2021-04-19 06:34:26', 719, 1815, 'dcca34a32735823113d2b0e7c4c50fa7fec04977', '{\"id\":14,\"asset_id\":\"84\",\"title\":\"Artyku\\u0142 autora\",\"alias\":\"artykul-autora\",\"introtext\":\"<p>Artykulik autorka.<\\/p>\",\"fulltext\":\"\",\"state\":1,\"catid\":\"2\",\"created\":\"2021-04-19 06:32:45\",\"created_by\":\"721\",\"created_by_alias\":\"\",\"modified\":\"2021-04-19 06:34:26\",\"modified_by\":\"719\",\"checked_out\":\"719\",\"checked_out_time\":\"2021-04-19 06:33:48\",\"publish_up\":\"2021-04-19 06:33:24\",\"publish_down\":\"0000-00-00 00:00:00\",\"images\":\"{\\\"image_intro\\\":\\\"\\\",\\\"float_intro\\\":\\\"\\\",\\\"image_intro_alt\\\":\\\"\\\",\\\"image_intro_caption\\\":\\\"\\\",\\\"image_fulltext\\\":\\\"\\\",\\\"float_fulltext\\\":\\\"\\\",\\\"image_fulltext_alt\\\":\\\"\\\",\\\"image_fulltext_caption\\\":\\\"\\\"}\",\"urls\":\"{\\\"urla\\\":false,\\\"urlatext\\\":\\\"\\\",\\\"targeta\\\":\\\"\\\",\\\"urlb\\\":false,\\\"urlbtext\\\":\\\"\\\",\\\"targetb\\\":\\\"\\\",\\\"urlc\\\":false,\\\"urlctext\\\":\\\"\\\",\\\"targetc\\\":\\\"\\\"}\",\"attribs\":\"{\\\"article_layout\\\":\\\"\\\",\\\"show_title\\\":\\\"\\\",\\\"link_titles\\\":\\\"\\\",\\\"show_tags\\\":\\\"\\\",\\\"show_intro\\\":\\\"\\\",\\\"info_block_position\\\":\\\"\\\",\\\"info_block_show_title\\\":\\\"\\\",\\\"show_category\\\":\\\"\\\",\\\"link_category\\\":\\\"\\\",\\\"show_parent_category\\\":\\\"\\\",\\\"link_parent_category\\\":\\\"\\\",\\\"show_associations\\\":\\\"\\\",\\\"show_author\\\":\\\"\\\",\\\"link_author\\\":\\\"\\\",\\\"show_create_date\\\":\\\"\\\",\\\"show_modify_date\\\":\\\"\\\",\\\"show_publish_date\\\":\\\"\\\",\\\"show_item_navigation\\\":\\\"\\\",\\\"show_icons\\\":\\\"\\\",\\\"show_print_icon\\\":\\\"\\\",\\\"show_email_icon\\\":\\\"\\\",\\\"show_vote\\\":\\\"\\\",\\\"show_hits\\\":\\\"\\\",\\\"show_noauth\\\":\\\"\\\",\\\"urls_position\\\":\\\"\\\",\\\"alternative_readmore\\\":\\\"\\\",\\\"article_page_title\\\":\\\"\\\",\\\"show_publishing_options\\\":\\\"\\\",\\\"show_article_options\\\":\\\"\\\",\\\"show_urls_images_backend\\\":\\\"\\\",\\\"show_urls_images_frontend\\\":\\\"\\\"}\",\"version\":2,\"ordering\":\"0\",\"metakey\":\"\",\"metadesc\":\"\",\"access\":\"1\",\"hits\":\"0\",\"metadata\":\"{\\\"robots\\\":\\\"\\\",\\\"author\\\":\\\"\\\",\\\"rights\\\":\\\"\\\",\\\"xreference\\\":\\\"\\\"}\",\"featured\":\"0\",\"language\":\"*\",\"xreference\":\"\",\"note\":\"\"}', 0),
(24, 14, 1, '', '2021-04-19 06:34:45', 719, 1815, 'c3b390f5158e57f05b30af4518408979a4a9fc8e', '{\"id\":14,\"asset_id\":\"84\",\"title\":\"Artyku\\u0142 autora\",\"alias\":\"artykul-autora\",\"introtext\":\"<p>Artykulik autorka.<\\/p>\",\"fulltext\":\"\",\"state\":1,\"catid\":\"2\",\"created\":\"2021-04-19 06:32:45\",\"created_by\":\"721\",\"created_by_alias\":\"\",\"modified\":\"2021-04-19 06:34:45\",\"modified_by\":\"719\",\"checked_out\":\"719\",\"checked_out_time\":\"2021-04-19 06:34:42\",\"publish_up\":\"2021-04-19 06:33:24\",\"publish_down\":\"0000-00-00 00:00:00\",\"images\":\"{\\\"image_intro\\\":\\\"\\\",\\\"float_intro\\\":\\\"\\\",\\\"image_intro_alt\\\":\\\"\\\",\\\"image_intro_caption\\\":\\\"\\\",\\\"image_fulltext\\\":\\\"\\\",\\\"float_fulltext\\\":\\\"\\\",\\\"image_fulltext_alt\\\":\\\"\\\",\\\"image_fulltext_caption\\\":\\\"\\\"}\",\"urls\":\"{\\\"urla\\\":false,\\\"urlatext\\\":\\\"\\\",\\\"targeta\\\":\\\"\\\",\\\"urlb\\\":false,\\\"urlbtext\\\":\\\"\\\",\\\"targetb\\\":\\\"\\\",\\\"urlc\\\":false,\\\"urlctext\\\":\\\"\\\",\\\"targetc\\\":\\\"\\\"}\",\"attribs\":\"{\\\"article_layout\\\":\\\"\\\",\\\"show_title\\\":\\\"\\\",\\\"link_titles\\\":\\\"\\\",\\\"show_tags\\\":\\\"\\\",\\\"show_intro\\\":\\\"\\\",\\\"info_block_position\\\":\\\"\\\",\\\"info_block_show_title\\\":\\\"\\\",\\\"show_category\\\":\\\"\\\",\\\"link_category\\\":\\\"\\\",\\\"show_parent_category\\\":\\\"\\\",\\\"link_parent_category\\\":\\\"\\\",\\\"show_associations\\\":\\\"\\\",\\\"show_author\\\":\\\"\\\",\\\"link_author\\\":\\\"\\\",\\\"show_create_date\\\":\\\"\\\",\\\"show_modify_date\\\":\\\"\\\",\\\"show_publish_date\\\":\\\"\\\",\\\"show_item_navigation\\\":\\\"\\\",\\\"show_icons\\\":\\\"\\\",\\\"show_print_icon\\\":\\\"\\\",\\\"show_email_icon\\\":\\\"\\\",\\\"show_vote\\\":\\\"\\\",\\\"show_hits\\\":\\\"\\\",\\\"show_noauth\\\":\\\"\\\",\\\"urls_position\\\":\\\"\\\",\\\"alternative_readmore\\\":\\\"\\\",\\\"article_page_title\\\":\\\"\\\",\\\"show_publishing_options\\\":\\\"\\\",\\\"show_article_options\\\":\\\"\\\",\\\"show_urls_images_backend\\\":\\\"\\\",\\\"show_urls_images_frontend\\\":\\\"\\\"}\",\"version\":3,\"ordering\":\"0\",\"metakey\":\"\",\"metadesc\":\"\",\"access\":\"1\",\"hits\":\"0\",\"metadata\":\"{\\\"robots\\\":\\\"\\\",\\\"author\\\":\\\"\\\",\\\"rights\\\":\\\"\\\",\\\"xreference\\\":\\\"\\\"}\",\"featured\":\"1\",\"language\":\"*\",\"xreference\":\"\",\"note\":\"\"}', 0),
(25, 16, 5, '', '2021-04-19 06:51:57', 719, 554, '027a96769fb1f30fd83cb235e6478b0a5e2d6d31', '{\"id\":16,\"asset_id\":85,\"parent_id\":\"1\",\"lft\":\"27\",\"rgt\":28,\"level\":1,\"path\":null,\"extension\":\"com_content\",\"title\":\"R\\u00f3zne\",\"alias\":\"rozne\",\"note\":\"\",\"description\":\"\",\"published\":\"1\",\"checked_out\":null,\"checked_out_time\":null,\"access\":\"1\",\"params\":\"{\\\"category_layout\\\":\\\"\\\",\\\"image\\\":\\\"\\\",\\\"image_alt\\\":\\\"\\\"}\",\"metadesc\":\"\",\"metakey\":\"\",\"metadata\":\"{\\\"author\\\":\\\"\\\",\\\"robots\\\":\\\"\\\"}\",\"created_user_id\":\"719\",\"created_time\":\"2021-04-19 06:51:57\",\"modified_user_id\":null,\"modified_time\":\"2021-04-19 06:51:57\",\"hits\":null,\"language\":\"*\",\"version\":null}', 0),
(26, 14, 1, '', '2021-04-19 06:53:11', 719, 1816, 'e8b55def3e1fdd333061eebb654aaf4655b48675', '{\"id\":14,\"asset_id\":\"84\",\"title\":\"Artyku\\u0142 autora\",\"alias\":\"artykul-autora\",\"introtext\":\"<p>Artykulik autorka.<\\/p>\",\"fulltext\":\"\",\"state\":1,\"catid\":\"16\",\"created\":\"2021-04-19 06:32:45\",\"created_by\":\"721\",\"created_by_alias\":\"\",\"modified\":\"2021-04-19 06:53:11\",\"modified_by\":\"719\",\"checked_out\":\"719\",\"checked_out_time\":\"2021-04-19 06:53:07\",\"publish_up\":\"2021-04-19 06:33:24\",\"publish_down\":\"0000-00-00 00:00:00\",\"images\":\"{\\\"image_intro\\\":\\\"\\\",\\\"float_intro\\\":\\\"\\\",\\\"image_intro_alt\\\":\\\"\\\",\\\"image_intro_caption\\\":\\\"\\\",\\\"image_fulltext\\\":\\\"\\\",\\\"float_fulltext\\\":\\\"\\\",\\\"image_fulltext_alt\\\":\\\"\\\",\\\"image_fulltext_caption\\\":\\\"\\\"}\",\"urls\":\"{\\\"urla\\\":false,\\\"urlatext\\\":\\\"\\\",\\\"targeta\\\":\\\"\\\",\\\"urlb\\\":false,\\\"urlbtext\\\":\\\"\\\",\\\"targetb\\\":\\\"\\\",\\\"urlc\\\":false,\\\"urlctext\\\":\\\"\\\",\\\"targetc\\\":\\\"\\\"}\",\"attribs\":\"{\\\"article_layout\\\":\\\"\\\",\\\"show_title\\\":\\\"\\\",\\\"link_titles\\\":\\\"\\\",\\\"show_tags\\\":\\\"\\\",\\\"show_intro\\\":\\\"\\\",\\\"info_block_position\\\":\\\"\\\",\\\"info_block_show_title\\\":\\\"\\\",\\\"show_category\\\":\\\"\\\",\\\"link_category\\\":\\\"\\\",\\\"show_parent_category\\\":\\\"\\\",\\\"link_parent_category\\\":\\\"\\\",\\\"show_associations\\\":\\\"\\\",\\\"show_author\\\":\\\"\\\",\\\"link_author\\\":\\\"\\\",\\\"show_create_date\\\":\\\"\\\",\\\"show_modify_date\\\":\\\"\\\",\\\"show_publish_date\\\":\\\"\\\",\\\"show_item_navigation\\\":\\\"\\\",\\\"show_icons\\\":\\\"\\\",\\\"show_print_icon\\\":\\\"\\\",\\\"show_email_icon\\\":\\\"\\\",\\\"show_vote\\\":\\\"\\\",\\\"show_hits\\\":\\\"\\\",\\\"show_noauth\\\":\\\"\\\",\\\"urls_position\\\":\\\"\\\",\\\"alternative_readmore\\\":\\\"\\\",\\\"article_page_title\\\":\\\"\\\",\\\"show_publishing_options\\\":\\\"\\\",\\\"show_article_options\\\":\\\"\\\",\\\"show_urls_images_backend\\\":\\\"\\\",\\\"show_urls_images_frontend\\\":\\\"\\\"}\",\"version\":4,\"ordering\":\"0\",\"metakey\":\"\",\"metadesc\":\"\",\"access\":\"1\",\"hits\":\"1\",\"metadata\":\"{\\\"robots\\\":\\\"\\\",\\\"author\\\":\\\"\\\",\\\"rights\\\":\\\"\\\",\\\"xreference\\\":\\\"\\\"}\",\"featured\":\"0\",\"language\":\"*\",\"xreference\":\"\",\"note\":\"\"}', 0);

-- --------------------------------------------------------

--
-- Struktura tabeli dla tabeli `zzux2_updates`
--

CREATE TABLE `zzux2_updates` (
  `update_id` int(11) NOT NULL,
  `update_site_id` int(11) DEFAULT 0,
  `extension_id` int(11) DEFAULT 0,
  `name` varchar(100) COLLATE utf8mb4_unicode_ci DEFAULT '',
  `description` text COLLATE utf8mb4_unicode_ci NOT NULL,
  `element` varchar(100) COLLATE utf8mb4_unicode_ci DEFAULT '',
  `type` varchar(20) COLLATE utf8mb4_unicode_ci DEFAULT '',
  `folder` varchar(20) COLLATE utf8mb4_unicode_ci DEFAULT '',
  `client_id` tinyint(3) DEFAULT 0,
  `version` varchar(32) COLLATE utf8mb4_unicode_ci DEFAULT '',
  `data` text COLLATE utf8mb4_unicode_ci NOT NULL,
  `detailsurl` text COLLATE utf8mb4_unicode_ci NOT NULL,
  `infourl` text COLLATE utf8mb4_unicode_ci NOT NULL,
  `extra_query` varchar(1000) COLLATE utf8mb4_unicode_ci DEFAULT ''
) ENGINE=InnoDB DEFAULT CHARSET=utf8mb4 COLLATE=utf8mb4_unicode_ci COMMENT='Available Updates';

--
-- Zrzut danych tabeli `zzux2_updates`
--

INSERT INTO `zzux2_updates` (`update_id`, `update_site_id`, `extension_id`, `name`, `description`, `element`, `type`, `folder`, `client_id`, `version`, `data`, `detailsurl`, `infourl`, `extra_query`) VALUES
(79, 2, 0, 'Armenian', '', 'pkg_hy-AM', 'package', '', 0, '3.4.4.1', '', 'https://update.joomla.org/language/details3/hy-AM_details.xml', '', ''),
(80, 2, 0, 'Malay', '', 'pkg_ms-MY', 'package', '', 0, '3.4.1.2', '', 'https://update.joomla.org/language/details3/ms-MY_details.xml', '', ''),
(81, 2, 0, 'Romanian', '', 'pkg_ro-RO', 'package', '', 0, '3.9.25.1', '', 'https://update.joomla.org/language/details3/ro-RO_details.xml', '', ''),
(82, 2, 0, 'Flemish', '', 'pkg_nl-BE', 'package', '', 0, '3.9.26.1', '', 'https://update.joomla.org/language/details3/nl-BE_details.xml', '', ''),
(83, 2, 0, 'Chinese Traditional', '', 'pkg_zh-TW', 'package', '', 0, '3.8.0.1', '', 'https://update.joomla.org/language/details3/zh-TW_details.xml', '', ''),
(84, 2, 0, 'French', '', 'pkg_fr-FR', 'package', '', 0, '3.9.26.1', '', 'https://update.joomla.org/language/details3/fr-FR_details.xml', '', ''),
(85, 2, 0, 'Galician', '', 'pkg_gl-ES', 'package', '', 0, '3.3.1.2', '', 'https://update.joomla.org/language/details3/gl-ES_details.xml', '', ''),
(86, 2, 0, 'Georgian', '', 'pkg_ka-GE', 'package', '', 0, '3.9.26.1', '', 'https://update.joomla.org/language/details3/ka-GE_details.xml', '', ''),
(87, 2, 0, 'Greek', '', 'pkg_el-GR', 'package', '', 0, '3.9.26.1', '', 'https://update.joomla.org/language/details3/el-GR_details.xml', '', ''),
(88, 2, 0, 'Japanese', '', 'pkg_ja-JP', 'package', '', 0, '3.9.26.1', '', 'https://update.joomla.org/language/details3/ja-JP_details.xml', '', ''),
(89, 2, 0, 'Hebrew', '', 'pkg_he-IL', 'package', '', 0, '3.1.1.2', '', 'https://update.joomla.org/language/details3/he-IL_details.xml', '', ''),
(90, 2, 0, 'Bengali', '', 'pkg_bn-BD', 'package', '', 0, '3.8.10.1', '', 'https://update.joomla.org/language/details3/bn-BD_details.xml', '', ''),
(91, 2, 0, 'Hungarian', '', 'pkg_hu-HU', 'package', '', 0, '3.9.19.1', '', 'https://update.joomla.org/language/details3/hu-HU_details.xml', '', ''),
(92, 2, 0, 'Afrikaans', '', 'pkg_af-ZA', 'package', '', 0, '3.9.16.1', '', 'https://update.joomla.org/language/details3/af-ZA_details.xml', '', ''),
(93, 2, 0, 'Arabic Unitag', '', 'pkg_ar-AA', 'package', '', 0, '3.9.25.1', '', 'https://update.joomla.org/language/details3/ar-AA_details.xml', '', ''),
(94, 2, 0, 'Belarusian', '', 'pkg_be-BY', 'package', '', 0, '3.2.1.2', '', 'https://update.joomla.org/language/details3/be-BY_details.xml', '', ''),
(95, 2, 0, 'Bulgarian', '', 'pkg_bg-BG', 'package', '', 0, '3.6.5.2', '', 'https://update.joomla.org/language/details3/bg-BG_details.xml', '', ''),
(96, 2, 0, 'Catalan', '', 'pkg_ca-ES', 'package', '', 0, '3.9.23.1', '', 'https://update.joomla.org/language/details3/ca-ES_details.xml', '', ''),
(97, 2, 0, 'Chinese Simplified', '', 'pkg_zh-CN', 'package', '', 0, '3.9.26.1', '', 'https://update.joomla.org/language/details3/zh-CN_details.xml', '', ''),
(98, 2, 0, 'Croatian', '', 'pkg_hr-HR', 'package', '', 0, '3.9.26.1', '', 'https://update.joomla.org/language/details3/hr-HR_details.xml', '', ''),
(99, 2, 0, 'Czech', '', 'pkg_cs-CZ', 'package', '', 0, '3.9.26.1', '', 'https://update.joomla.org/language/details3/cs-CZ_details.xml', '', ''),
(100, 2, 0, 'Danish', '', 'pkg_da-DK', 'package', '', 0, '3.9.26.1', '', 'https://update.joomla.org/language/details3/da-DK_details.xml', '', ''),
(101, 2, 0, 'Dutch', '', 'pkg_nl-NL', 'package', '', 0, '3.9.26.1', '', 'https://update.joomla.org/language/details3/nl-NL_details.xml', '', ''),
(102, 2, 0, 'Esperanto', '', 'pkg_eo-XX', 'package', '', 0, '3.8.11.1', '', 'https://update.joomla.org/language/details3/eo-XX_details.xml', '', ''),
(103, 2, 0, 'Estonian', '', 'pkg_et-EE', 'package', '', 0, '3.9.21.1', '', 'https://update.joomla.org/language/details3/et-EE_details.xml', '', ''),
(104, 2, 0, 'Italian', '', 'pkg_it-IT', 'package', '', 0, '3.9.26.1', '', 'https://update.joomla.org/language/details3/it-IT_details.xml', '', ''),
(105, 2, 0, 'Khmer', '', 'pkg_km-KH', 'package', '', 0, '3.4.5.1', '', 'https://update.joomla.org/language/details3/km-KH_details.xml', '', ''),
(106, 2, 0, 'Korean', '', 'pkg_ko-KR', 'package', '', 0, '3.8.9.1', '', 'https://update.joomla.org/language/details3/ko-KR_details.xml', '', ''),
(107, 2, 0, 'Latvian', '', 'pkg_lv-LV', 'package', '', 0, '3.9.25.2', '', 'https://update.joomla.org/language/details3/lv-LV_details.xml', '', ''),
(108, 2, 0, 'Lithuanian', '', 'pkg_lt-LT', 'package', '', 0, '3.9.16.1', '', 'https://update.joomla.org/language/details3/lt-LT_details.xml', '', ''),
(109, 2, 0, 'Macedonian', '', 'pkg_mk-MK', 'package', '', 0, '3.6.5.1', '', 'https://update.joomla.org/language/details3/mk-MK_details.xml', '', ''),
(110, 2, 0, 'Norwegian Bokmal', '', 'pkg_nb-NO', 'package', '', 0, '3.9.26.1', '', 'https://update.joomla.org/language/details3/nb-NO_details.xml', '', ''),
(111, 2, 0, 'Norwegian Nynorsk', '', 'pkg_nn-NO', 'package', '', 0, '3.4.2.1', '', 'https://update.joomla.org/language/details3/nn-NO_details.xml', '', ''),
(112, 2, 0, 'Persian', '', 'pkg_fa-IR', 'package', '', 0, '3.9.26.1', '', 'https://update.joomla.org/language/details3/fa-IR_details.xml', '', ''),
(113, 2, 10002, 'Polish', '', 'pkg_pl-PL', 'package', '', 0, '3.9.25.2', '', 'https://update.joomla.org/language/details3/pl-PL_details.xml', '', ''),
(114, 2, 0, 'Portuguese', '', 'pkg_pt-PT', 'package', '', 0, '3.9.15.1', '', 'https://update.joomla.org/language/details3/pt-PT_details.xml', '', ''),
(115, 2, 0, 'Russian', '', 'pkg_ru-RU', 'package', '', 0, '3.9.24.1', '', 'https://update.joomla.org/language/details3/ru-RU_details.xml', '', ''),
(116, 2, 0, 'English AU', '', 'pkg_en-AU', 'package', '', 0, '3.9.26.1', '', 'https://update.joomla.org/language/details3/en-AU_details.xml', '', ''),
(117, 2, 0, 'Slovak', '', 'pkg_sk-SK', 'package', '', 0, '3.9.26.1', '', 'https://update.joomla.org/language/details3/sk-SK_details.xml', '', ''),
(118, 2, 0, 'English US', '', 'pkg_en-US', 'package', '', 0, '3.9.26.1', '', 'https://update.joomla.org/language/details3/en-US_details.xml', '', ''),
(119, 2, 0, 'Swedish', '', 'pkg_sv-SE', 'package', '', 0, '3.9.26.1', '', 'https://update.joomla.org/language/details3/sv-SE_details.xml', '', ''),
(120, 2, 0, 'Syriac', '', 'pkg_sy-IQ', 'package', '', 0, '3.4.5.1', '', 'https://update.joomla.org/language/details3/sy-IQ_details.xml', '', ''),
(121, 2, 0, 'Tamil', '', 'pkg_ta-IN', 'package', '', 0, '3.9.26.1', '', 'https://update.joomla.org/language/details3/ta-IN_details.xml', '', ''),
(122, 2, 0, 'Thai', '', 'pkg_th-TH', 'package', '', 0, '3.9.26.1', '', 'https://update.joomla.org/language/details3/th-TH_details.xml', '', ''),
(123, 2, 0, 'Turkish', '', 'pkg_tr-TR', 'package', '', 0, '3.9.4.1', '', 'https://update.joomla.org/language/details3/tr-TR_details.xml', '', ''),
(124, 2, 0, 'Ukrainian', '', 'pkg_uk-UA', 'package', '', 0, '3.9.24.1', '', 'https://update.joomla.org/language/details3/uk-UA_details.xml', '', ''),
(125, 2, 0, 'Uyghur', '', 'pkg_ug-CN', 'package', '', 0, '3.7.5.2', '', 'https://update.joomla.org/language/details3/ug-CN_details.xml', '', ''),
(126, 2, 0, 'Albanian', '', 'pkg_sq-AL', 'package', '', 0, '3.1.1.2', '', 'https://update.joomla.org/language/details3/sq-AL_details.xml', '', ''),
(127, 2, 0, 'Basque', '', 'pkg_eu-ES', 'package', '', 0, '3.9.24.1', '', 'https://update.joomla.org/language/details3/eu-ES_details.xml', '', ''),
(128, 2, 0, 'Hindi', '', 'pkg_hi-IN', 'package', '', 0, '3.3.6.2', '', 'https://update.joomla.org/language/details3/hi-IN_details.xml', '', ''),
(129, 2, 0, 'German DE', '', 'pkg_de-DE', 'package', '', 0, '3.9.26.1', '', 'https://update.joomla.org/language/details3/de-DE_details.xml', '', ''),
(130, 2, 0, 'Portuguese Brazil', '', 'pkg_pt-BR', 'package', '', 0, '3.9.21.1', '', 'https://update.joomla.org/language/details3/pt-BR_details.xml', '', ''),
(131, 2, 0, 'Serbian Latin', '', 'pkg_sr-YU', 'package', '', 0, '3.9.26.1', '', 'https://update.joomla.org/language/details3/sr-YU_details.xml', '', ''),
(132, 2, 0, 'Spanish', '', 'pkg_es-ES', 'package', '', 0, '3.9.18.1', '', 'https://update.joomla.org/language/details3/es-ES_details.xml', '', ''),
(133, 2, 0, 'Bosnian', '', 'pkg_bs-BA', 'package', '', 0, '3.9.24.1', '', 'https://update.joomla.org/language/details3/bs-BA_details.xml', '', ''),
(134, 2, 0, 'Serbian Cyrillic', '', 'pkg_sr-RS', 'package', '', 0, '3.9.26.1', '', 'https://update.joomla.org/language/details3/sr-RS_details.xml', '', ''),
(135, 2, 0, 'Vietnamese', '', 'pkg_vi-VN', 'package', '', 0, '3.2.1.2', '', 'https://update.joomla.org/language/details3/vi-VN_details.xml', '', ''),
(136, 2, 0, 'Bahasa Indonesia', '', 'pkg_id-ID', 'package', '', 0, '3.6.2.1', '', 'https://update.joomla.org/language/details3/id-ID_details.xml', '', ''),
(137, 2, 0, 'Finnish', '', 'pkg_fi-FI', 'package', '', 0, '3.9.16.1', '', 'https://update.joomla.org/language/details3/fi-FI_details.xml', '', ''),
(138, 2, 0, 'Swahili', '', 'pkg_sw-KE', 'package', '', 0, '3.9.26.1', '', 'https://update.joomla.org/language/details3/sw-KE_details.xml', '', ''),
(139, 2, 0, 'Montenegrin', '', 'pkg_srp-ME', 'package', '', 0, '3.3.1.2', '', 'https://update.joomla.org/language/details3/srp-ME_details.xml', '', ''),
(140, 2, 0, 'English CA', '', 'pkg_en-CA', 'package', '', 0, '3.9.26.1', '', 'https://update.joomla.org/language/details3/en-CA_details.xml', '', ''),
(141, 2, 0, 'French CA', '', 'pkg_fr-CA', 'package', '', 0, '3.6.5.1', '', 'https://update.joomla.org/language/details3/fr-CA_details.xml', '', ''),
(142, 2, 0, 'Welsh', '', 'pkg_cy-GB', 'package', '', 0, '3.9.26.1', '', 'https://update.joomla.org/language/details3/cy-GB_details.xml', '', ''),
(143, 2, 0, 'Sinhala', '', 'pkg_si-LK', 'package', '', 0, '3.3.1.2', '', 'https://update.joomla.org/language/details3/si-LK_details.xml', '', ''),
(144, 2, 0, 'Dari Persian', '', 'pkg_prs-AF', 'package', '', 0, '3.4.4.3', '', 'https://update.joomla.org/language/details3/prs-AF_details.xml', '', ''),
(145, 2, 0, 'Turkmen', '', 'pkg_tk-TM', 'package', '', 0, '3.5.0.2', '', 'https://update.joomla.org/language/details3/tk-TM_details.xml', '', ''),
(146, 2, 0, 'Irish', '', 'pkg_ga-IE', 'package', '', 0, '3.8.13.1', '', 'https://update.joomla.org/language/details3/ga-IE_details.xml', '', ''),
(147, 2, 0, 'Dzongkha', '', 'pkg_dz-BT', 'package', '', 0, '3.6.2.1', '', 'https://update.joomla.org/language/details3/dz-BT_details.xml', '', ''),
(148, 2, 0, 'Slovenian', '', 'pkg_sl-SI', 'package', '', 0, '3.9.26.1', '', 'https://update.joomla.org/language/details3/sl-SI_details.xml', '', ''),
(149, 2, 0, 'Spanish CO', '', 'pkg_es-CO', 'package', '', 0, '3.9.15.1', '', 'https://update.joomla.org/language/details3/es-CO_details.xml', '', ''),
(150, 2, 0, 'German CH', '', 'pkg_de-CH', 'package', '', 0, '3.9.26.1', '', 'https://update.joomla.org/language/details3/de-CH_details.xml', '', ''),
(151, 2, 0, 'German AT', '', 'pkg_de-AT', 'package', '', 0, '3.9.26.1', '', 'https://update.joomla.org/language/details3/de-AT_details.xml', '', ''),
(152, 2, 0, 'German LI', '', 'pkg_de-LI', 'package', '', 0, '3.9.26.1', '', 'https://update.joomla.org/language/details3/de-LI_details.xml', '', ''),
(153, 2, 0, 'German LU', '', 'pkg_de-LU', 'package', '', 0, '3.9.26.1', '', 'https://update.joomla.org/language/details3/de-LU_details.xml', '', ''),
(154, 2, 0, 'English NZ', '', 'pkg_en-NZ', 'package', '', 0, '3.9.26.1', '', 'https://update.joomla.org/language/details3/en-NZ_details.xml', '', ''),
(155, 2, 0, 'Kazakh', '', 'pkg_kk-KZ', 'package', '', 0, '3.9.23.1', '', 'https://update.joomla.org/language/details3/kk-KZ_details.xml', '', '');

-- --------------------------------------------------------

--
-- Struktura tabeli dla tabeli `zzux2_update_sites`
--

CREATE TABLE `zzux2_update_sites` (
  `update_site_id` int(11) NOT NULL,
  `name` varchar(100) COLLATE utf8mb4_unicode_ci DEFAULT '',
  `type` varchar(20) COLLATE utf8mb4_unicode_ci DEFAULT '',
  `location` text COLLATE utf8mb4_unicode_ci NOT NULL,
  `enabled` int(11) DEFAULT 0,
  `last_check_timestamp` bigint(20) DEFAULT 0,
  `extra_query` varchar(1000) COLLATE utf8mb4_unicode_ci DEFAULT ''
) ENGINE=InnoDB DEFAULT CHARSET=utf8mb4 COLLATE=utf8mb4_unicode_ci COMMENT='Update Sites';

--
-- Zrzut danych tabeli `zzux2_update_sites`
--

INSERT INTO `zzux2_update_sites` (`update_site_id`, `name`, `type`, `location`, `enabled`, `last_check_timestamp`, `extra_query`) VALUES
(1, 'Joomla! Core', 'collection', 'https://update.joomla.org/core/list.xml', 1, 1618813110, ''),
(2, 'Accredited Joomla! Translations', 'collection', 'https://update.joomla.org/language/translationlist_3.xml', 1, 1618813206, ''),
(3, 'Joomla! Update Component Update Site', 'extension', 'https://update.joomla.org/core/extensions/com_joomlaupdate.xml', 1, 1618813303, ''),
(4, 'COM_PHOCAGALLERY', 'extension', 'https://raw.githubusercontent.com/PhocaCz/PhocaGallery/master/manifest.xml', 1, 0, '');

-- --------------------------------------------------------

--
-- Struktura tabeli dla tabeli `zzux2_update_sites_extensions`
--

CREATE TABLE `zzux2_update_sites_extensions` (
  `update_site_id` int(11) NOT NULL DEFAULT 0,
  `extension_id` int(11) NOT NULL DEFAULT 0
) ENGINE=InnoDB DEFAULT CHARSET=utf8mb4 COLLATE=utf8mb4_unicode_ci COMMENT='Links extensions to update sites';

--
-- Zrzut danych tabeli `zzux2_update_sites_extensions`
--

INSERT INTO `zzux2_update_sites_extensions` (`update_site_id`, `extension_id`) VALUES
(1, 700),
(2, 802),
(2, 10002),
(3, 28),
(4, 10003);

-- --------------------------------------------------------

--
-- Struktura tabeli dla tabeli `zzux2_usergroups`
--

CREATE TABLE `zzux2_usergroups` (
  `id` int(10) UNSIGNED NOT NULL COMMENT 'Primary Key',
  `parent_id` int(10) UNSIGNED NOT NULL DEFAULT 0 COMMENT 'Adjacency List Reference Id',
  `lft` int(11) NOT NULL DEFAULT 0 COMMENT 'Nested set lft.',
  `rgt` int(11) NOT NULL DEFAULT 0 COMMENT 'Nested set rgt.',
  `title` varchar(100) COLLATE utf8mb4_unicode_ci NOT NULL DEFAULT ''
) ENGINE=InnoDB DEFAULT CHARSET=utf8mb4 COLLATE=utf8mb4_unicode_ci;

--
-- Zrzut danych tabeli `zzux2_usergroups`
--

INSERT INTO `zzux2_usergroups` (`id`, `parent_id`, `lft`, `rgt`, `title`) VALUES
(1, 0, 1, 18, 'Public'),
(2, 1, 8, 15, 'Registered'),
(3, 2, 9, 14, 'Author'),
(4, 3, 10, 13, 'Editor'),
(5, 4, 11, 12, 'Publisher'),
(6, 1, 4, 7, 'Manager'),
(7, 6, 5, 6, 'Administrator'),
(8, 1, 16, 17, 'Super Users'),
(9, 1, 2, 3, 'Guest');

-- --------------------------------------------------------

--
-- Struktura tabeli dla tabeli `zzux2_users`
--

CREATE TABLE `zzux2_users` (
  `id` int(11) NOT NULL,
  `name` varchar(400) COLLATE utf8mb4_unicode_ci NOT NULL DEFAULT '',
  `username` varchar(150) COLLATE utf8mb4_unicode_ci NOT NULL DEFAULT '',
  `email` varchar(100) COLLATE utf8mb4_unicode_ci NOT NULL DEFAULT '',
  `password` varchar(100) COLLATE utf8mb4_unicode_ci NOT NULL DEFAULT '',
  `block` tinyint(4) NOT NULL DEFAULT 0,
  `sendEmail` tinyint(4) DEFAULT 0,
  `registerDate` datetime NOT NULL DEFAULT '0000-00-00 00:00:00',
  `lastvisitDate` datetime NOT NULL DEFAULT '0000-00-00 00:00:00',
  `activation` varchar(100) COLLATE utf8mb4_unicode_ci NOT NULL DEFAULT '',
  `params` text COLLATE utf8mb4_unicode_ci NOT NULL,
  `lastResetTime` datetime NOT NULL DEFAULT '0000-00-00 00:00:00' COMMENT 'Date of last password reset',
  `resetCount` int(11) NOT NULL DEFAULT 0 COMMENT 'Count of password resets since lastResetTime',
  `otpKey` varchar(1000) COLLATE utf8mb4_unicode_ci NOT NULL DEFAULT '' COMMENT 'Two factor authentication encrypted keys',
  `otep` varchar(1000) COLLATE utf8mb4_unicode_ci NOT NULL DEFAULT '' COMMENT 'One time emergency passwords',
  `requireReset` tinyint(4) NOT NULL DEFAULT 0 COMMENT 'Require user to reset password on next login'
) ENGINE=InnoDB DEFAULT CHARSET=utf8mb4 COLLATE=utf8mb4_unicode_ci;

--
-- Zrzut danych tabeli `zzux2_users`
--

INSERT INTO `zzux2_users` (`id`, `name`, `username`, `email`, `password`, `block`, `sendEmail`, `registerDate`, `lastvisitDate`, `activation`, `params`, `lastResetTime`, `resetCount`, `otpKey`, `otep`, `requireReset`) VALUES
(719, 'Super User', 'root_pafcio', 'szkolawylezol@gmail.com', '$2y$10$KOUH5DwcrM4YYMOiPjizCeVWGjrEkZSXtzSu8zYV6GSS5UeHOc4jS', 0, 1, '2021-04-12 06:45:11', '2021-04-19 07:11:42', '0', '', '0000-00-00 00:00:00', 0, '', '', 0),
(720, 'redaktor', 'redaktor', 'redaktor@xd.com', '$2y$10$JSQTCyl7NvNd5YQ2lMjcrOyXOka27PETJ9jYMbvAkb/q.hwpS3lRS', 0, 0, '2021-04-19 06:30:10', '2021-04-19 06:43:54', '', '{\"admin_style\":\"\",\"admin_language\":\"\",\"language\":\"\",\"editor\":\"\",\"timezone\":\"\"}', '0000-00-00 00:00:00', 0, '', '', 0),
(721, 'autor', 'autor', 'autor@pisze.com', '$2y$10$iXyAiVzsww/tN7hPYN8HIe06Bm6LmyGWaQ434unH7aRMortlRdjEC', 0, 0, '2021-04-19 06:30:57', '2021-04-19 06:43:39', '', '{\"admin_style\":\"\",\"admin_language\":\"\",\"language\":\"\",\"editor\":\"\",\"timezone\":\"\"}', '0000-00-00 00:00:00', 0, '', '', 0),
(722, 'publiszer', 'publiszer', 'publiszer@hehe.com', '$2y$10$ntGUssUJUF.GGs2nCeQPY.FCXTEVSZXdseOpR3jpwa3x38XEERlyq', 0, 0, '2021-04-19 06:43:15', '2021-04-19 06:44:13', '', '{\"admin_style\":\"\",\"admin_language\":\"\",\"language\":\"\",\"editor\":\"\",\"timezone\":\"\"}', '0000-00-00 00:00:00', 0, '', '', 0);

-- --------------------------------------------------------

--
-- Struktura tabeli dla tabeli `zzux2_user_keys`
--

CREATE TABLE `zzux2_user_keys` (
  `id` int(10) UNSIGNED NOT NULL,
  `user_id` varchar(150) COLLATE utf8mb4_unicode_ci NOT NULL,
  `token` varchar(255) COLLATE utf8mb4_unicode_ci NOT NULL,
  `series` varchar(191) COLLATE utf8mb4_unicode_ci NOT NULL,
  `invalid` tinyint(4) NOT NULL,
  `time` varchar(200) COLLATE utf8mb4_unicode_ci NOT NULL,
  `uastring` varchar(255) COLLATE utf8mb4_unicode_ci NOT NULL
) ENGINE=InnoDB DEFAULT CHARSET=utf8mb4 COLLATE=utf8mb4_unicode_ci;

-- --------------------------------------------------------

--
-- Struktura tabeli dla tabeli `zzux2_user_notes`
--

CREATE TABLE `zzux2_user_notes` (
  `id` int(10) UNSIGNED NOT NULL,
  `user_id` int(10) UNSIGNED NOT NULL DEFAULT 0,
  `catid` int(10) UNSIGNED NOT NULL DEFAULT 0,
  `subject` varchar(100) COLLATE utf8mb4_unicode_ci NOT NULL DEFAULT '',
  `body` text COLLATE utf8mb4_unicode_ci NOT NULL,
  `state` tinyint(3) NOT NULL DEFAULT 0,
  `checked_out` int(10) UNSIGNED NOT NULL DEFAULT 0,
  `checked_out_time` datetime NOT NULL DEFAULT '0000-00-00 00:00:00',
  `created_user_id` int(10) UNSIGNED NOT NULL DEFAULT 0,
  `created_time` datetime NOT NULL DEFAULT '0000-00-00 00:00:00',
  `modified_user_id` int(10) UNSIGNED NOT NULL,
  `modified_time` datetime NOT NULL DEFAULT '0000-00-00 00:00:00',
  `review_time` datetime NOT NULL DEFAULT '0000-00-00 00:00:00',
  `publish_up` datetime NOT NULL DEFAULT '0000-00-00 00:00:00',
  `publish_down` datetime NOT NULL DEFAULT '0000-00-00 00:00:00'
) ENGINE=InnoDB DEFAULT CHARSET=utf8mb4 COLLATE=utf8mb4_unicode_ci;

-- --------------------------------------------------------

--
-- Struktura tabeli dla tabeli `zzux2_user_profiles`
--

CREATE TABLE `zzux2_user_profiles` (
  `user_id` int(11) NOT NULL,
  `profile_key` varchar(100) COLLATE utf8mb4_unicode_ci NOT NULL,
  `profile_value` text COLLATE utf8mb4_unicode_ci NOT NULL,
  `ordering` int(11) NOT NULL DEFAULT 0
) ENGINE=InnoDB DEFAULT CHARSET=utf8mb4 COLLATE=utf8mb4_unicode_ci COMMENT='Simple user profile storage table';

-- --------------------------------------------------------

--
-- Struktura tabeli dla tabeli `zzux2_user_usergroup_map`
--

CREATE TABLE `zzux2_user_usergroup_map` (
  `user_id` int(10) UNSIGNED NOT NULL DEFAULT 0 COMMENT 'Foreign Key to #__users.id',
  `group_id` int(10) UNSIGNED NOT NULL DEFAULT 0 COMMENT 'Foreign Key to #__usergroups.id'
) ENGINE=InnoDB DEFAULT CHARSET=utf8mb4 COLLATE=utf8mb4_unicode_ci;

--
-- Zrzut danych tabeli `zzux2_user_usergroup_map`
--

INSERT INTO `zzux2_user_usergroup_map` (`user_id`, `group_id`) VALUES
(719, 8),
(720, 2),
(720, 4),
(721, 2),
(721, 3),
(722, 2),
(722, 5);

-- --------------------------------------------------------

--
-- Struktura tabeli dla tabeli `zzux2_utf8_conversion`
--

CREATE TABLE `zzux2_utf8_conversion` (
  `converted` tinyint(4) NOT NULL DEFAULT 0
) ENGINE=InnoDB DEFAULT CHARSET=utf8mb4 COLLATE=utf8mb4_unicode_ci;

--
-- Zrzut danych tabeli `zzux2_utf8_conversion`
--

INSERT INTO `zzux2_utf8_conversion` (`converted`) VALUES
(5);

-- --------------------------------------------------------

--
-- Struktura tabeli dla tabeli `zzux2_viewlevels`
--

CREATE TABLE `zzux2_viewlevels` (
  `id` int(10) UNSIGNED NOT NULL COMMENT 'Primary Key',
  `title` varchar(100) COLLATE utf8mb4_unicode_ci NOT NULL DEFAULT '',
  `ordering` int(11) NOT NULL DEFAULT 0,
  `rules` varchar(5120) COLLATE utf8mb4_unicode_ci NOT NULL COMMENT 'JSON encoded access control.'
) ENGINE=InnoDB DEFAULT CHARSET=utf8mb4 COLLATE=utf8mb4_unicode_ci;

--
-- Zrzut danych tabeli `zzux2_viewlevels`
--

INSERT INTO `zzux2_viewlevels` (`id`, `title`, `ordering`, `rules`) VALUES
(1, 'Public', 0, '[1]'),
(2, 'Registered', 2, '[6,2,8]'),
(3, 'Special', 3, '[6,3,8]'),
(5, 'Guest', 1, '[9]'),
(6, 'Super Users', 4, '[8]');

--
-- Indeksy dla zrzutów tabel
--

--
-- Indeksy dla tabeli `zzux2_action_logs`
--
ALTER TABLE `zzux2_action_logs`
  ADD PRIMARY KEY (`id`),
  ADD KEY `idx_user_id` (`user_id`),
  ADD KEY `idx_user_id_logdate` (`user_id`,`log_date`),
  ADD KEY `idx_user_id_extension` (`user_id`,`extension`),
  ADD KEY `idx_extension_item_id` (`extension`,`item_id`);

--
-- Indeksy dla tabeli `zzux2_action_logs_extensions`
--
ALTER TABLE `zzux2_action_logs_extensions`
  ADD PRIMARY KEY (`id`);

--
-- Indeksy dla tabeli `zzux2_action_logs_users`
--
ALTER TABLE `zzux2_action_logs_users`
  ADD PRIMARY KEY (`user_id`),
  ADD KEY `idx_notify` (`notify`);

--
-- Indeksy dla tabeli `zzux2_action_log_config`
--
ALTER TABLE `zzux2_action_log_config`
  ADD PRIMARY KEY (`id`);

--
-- Indeksy dla tabeli `zzux2_assets`
--
ALTER TABLE `zzux2_assets`
  ADD PRIMARY KEY (`id`),
  ADD UNIQUE KEY `idx_asset_name` (`name`),
  ADD KEY `idx_lft_rgt` (`lft`,`rgt`),
  ADD KEY `idx_parent_id` (`parent_id`);

--
-- Indeksy dla tabeli `zzux2_associations`
--
ALTER TABLE `zzux2_associations`
  ADD PRIMARY KEY (`context`,`id`),
  ADD KEY `idx_key` (`key`);

--
-- Indeksy dla tabeli `zzux2_banners`
--
ALTER TABLE `zzux2_banners`
  ADD PRIMARY KEY (`id`),
  ADD KEY `idx_state` (`state`),
  ADD KEY `idx_own_prefix` (`own_prefix`),
  ADD KEY `idx_metakey_prefix` (`metakey_prefix`(100)),
  ADD KEY `idx_banner_catid` (`catid`),
  ADD KEY `idx_language` (`language`);

--
-- Indeksy dla tabeli `zzux2_banner_clients`
--
ALTER TABLE `zzux2_banner_clients`
  ADD PRIMARY KEY (`id`),
  ADD KEY `idx_own_prefix` (`own_prefix`),
  ADD KEY `idx_metakey_prefix` (`metakey_prefix`(100));

--
-- Indeksy dla tabeli `zzux2_banner_tracks`
--
ALTER TABLE `zzux2_banner_tracks`
  ADD PRIMARY KEY (`track_date`,`track_type`,`banner_id`),
  ADD KEY `idx_track_date` (`track_date`),
  ADD KEY `idx_track_type` (`track_type`),
  ADD KEY `idx_banner_id` (`banner_id`);

--
-- Indeksy dla tabeli `zzux2_categories`
--
ALTER TABLE `zzux2_categories`
  ADD PRIMARY KEY (`id`),
  ADD KEY `cat_idx` (`extension`,`published`,`access`),
  ADD KEY `idx_access` (`access`),
  ADD KEY `idx_checkout` (`checked_out`),
  ADD KEY `idx_path` (`path`(100)),
  ADD KEY `idx_left_right` (`lft`,`rgt`),
  ADD KEY `idx_alias` (`alias`(100)),
  ADD KEY `idx_language` (`language`);

--
-- Indeksy dla tabeli `zzux2_contact_details`
--
ALTER TABLE `zzux2_contact_details`
  ADD PRIMARY KEY (`id`),
  ADD KEY `idx_access` (`access`),
  ADD KEY `idx_checkout` (`checked_out`),
  ADD KEY `idx_state` (`published`),
  ADD KEY `idx_catid` (`catid`),
  ADD KEY `idx_createdby` (`created_by`),
  ADD KEY `idx_featured_catid` (`featured`,`catid`),
  ADD KEY `idx_language` (`language`),
  ADD KEY `idx_xreference` (`xreference`);

--
-- Indeksy dla tabeli `zzux2_content`
--
ALTER TABLE `zzux2_content`
  ADD PRIMARY KEY (`id`),
  ADD KEY `idx_access` (`access`),
  ADD KEY `idx_checkout` (`checked_out`),
  ADD KEY `idx_state` (`state`),
  ADD KEY `idx_catid` (`catid`),
  ADD KEY `idx_createdby` (`created_by`),
  ADD KEY `idx_featured_catid` (`featured`,`catid`),
  ADD KEY `idx_language` (`language`),
  ADD KEY `idx_xreference` (`xreference`),
  ADD KEY `idx_alias` (`alias`(191));

--
-- Indeksy dla tabeli `zzux2_contentitem_tag_map`
--
ALTER TABLE `zzux2_contentitem_tag_map`
  ADD UNIQUE KEY `uc_ItemnameTagid` (`type_id`,`content_item_id`,`tag_id`),
  ADD KEY `idx_tag_type` (`tag_id`,`type_id`),
  ADD KEY `idx_date_id` (`tag_date`,`tag_id`),
  ADD KEY `idx_core_content_id` (`core_content_id`);

--
-- Indeksy dla tabeli `zzux2_content_frontpage`
--
ALTER TABLE `zzux2_content_frontpage`
  ADD PRIMARY KEY (`content_id`);

--
-- Indeksy dla tabeli `zzux2_content_rating`
--
ALTER TABLE `zzux2_content_rating`
  ADD PRIMARY KEY (`content_id`);

--
-- Indeksy dla tabeli `zzux2_content_types`
--
ALTER TABLE `zzux2_content_types`
  ADD PRIMARY KEY (`type_id`),
  ADD KEY `idx_alias` (`type_alias`(100));

--
-- Indeksy dla tabeli `zzux2_extensions`
--
ALTER TABLE `zzux2_extensions`
  ADD PRIMARY KEY (`extension_id`),
  ADD KEY `element_clientid` (`element`,`client_id`),
  ADD KEY `element_folder_clientid` (`element`,`folder`,`client_id`),
  ADD KEY `extension` (`type`,`element`,`folder`,`client_id`);

--
-- Indeksy dla tabeli `zzux2_fields`
--
ALTER TABLE `zzux2_fields`
  ADD PRIMARY KEY (`id`),
  ADD KEY `idx_checkout` (`checked_out`),
  ADD KEY `idx_state` (`state`),
  ADD KEY `idx_created_user_id` (`created_user_id`),
  ADD KEY `idx_access` (`access`),
  ADD KEY `idx_context` (`context`(191)),
  ADD KEY `idx_language` (`language`);

--
-- Indeksy dla tabeli `zzux2_fields_categories`
--
ALTER TABLE `zzux2_fields_categories`
  ADD PRIMARY KEY (`field_id`,`category_id`);

--
-- Indeksy dla tabeli `zzux2_fields_groups`
--
ALTER TABLE `zzux2_fields_groups`
  ADD PRIMARY KEY (`id`),
  ADD KEY `idx_checkout` (`checked_out`),
  ADD KEY `idx_state` (`state`),
  ADD KEY `idx_created_by` (`created_by`),
  ADD KEY `idx_access` (`access`),
  ADD KEY `idx_context` (`context`(191)),
  ADD KEY `idx_language` (`language`);

--
-- Indeksy dla tabeli `zzux2_fields_values`
--
ALTER TABLE `zzux2_fields_values`
  ADD KEY `idx_field_id` (`field_id`),
  ADD KEY `idx_item_id` (`item_id`(191));

--
-- Indeksy dla tabeli `zzux2_finder_filters`
--
ALTER TABLE `zzux2_finder_filters`
  ADD PRIMARY KEY (`filter_id`);

--
-- Indeksy dla tabeli `zzux2_finder_links`
--
ALTER TABLE `zzux2_finder_links`
  ADD PRIMARY KEY (`link_id`),
  ADD KEY `idx_type` (`type_id`),
  ADD KEY `idx_title` (`title`(100)),
  ADD KEY `idx_md5` (`md5sum`),
  ADD KEY `idx_url` (`url`(75)),
  ADD KEY `idx_published_list` (`published`,`state`,`access`,`publish_start_date`,`publish_end_date`,`list_price`),
  ADD KEY `idx_published_sale` (`published`,`state`,`access`,`publish_start_date`,`publish_end_date`,`sale_price`);

--
-- Indeksy dla tabeli `zzux2_finder_links_terms0`
--
ALTER TABLE `zzux2_finder_links_terms0`
  ADD PRIMARY KEY (`link_id`,`term_id`),
  ADD KEY `idx_term_weight` (`term_id`,`weight`),
  ADD KEY `idx_link_term_weight` (`link_id`,`term_id`,`weight`);

--
-- Indeksy dla tabeli `zzux2_finder_links_terms1`
--
ALTER TABLE `zzux2_finder_links_terms1`
  ADD PRIMARY KEY (`link_id`,`term_id`),
  ADD KEY `idx_term_weight` (`term_id`,`weight`),
  ADD KEY `idx_link_term_weight` (`link_id`,`term_id`,`weight`);

--
-- Indeksy dla tabeli `zzux2_finder_links_terms2`
--
ALTER TABLE `zzux2_finder_links_terms2`
  ADD PRIMARY KEY (`link_id`,`term_id`),
  ADD KEY `idx_term_weight` (`term_id`,`weight`),
  ADD KEY `idx_link_term_weight` (`link_id`,`term_id`,`weight`);

--
-- Indeksy dla tabeli `zzux2_finder_links_terms3`
--
ALTER TABLE `zzux2_finder_links_terms3`
  ADD PRIMARY KEY (`link_id`,`term_id`),
  ADD KEY `idx_term_weight` (`term_id`,`weight`),
  ADD KEY `idx_link_term_weight` (`link_id`,`term_id`,`weight`);

--
-- Indeksy dla tabeli `zzux2_finder_links_terms4`
--
ALTER TABLE `zzux2_finder_links_terms4`
  ADD PRIMARY KEY (`link_id`,`term_id`),
  ADD KEY `idx_term_weight` (`term_id`,`weight`),
  ADD KEY `idx_link_term_weight` (`link_id`,`term_id`,`weight`);

--
-- Indeksy dla tabeli `zzux2_finder_links_terms5`
--
ALTER TABLE `zzux2_finder_links_terms5`
  ADD PRIMARY KEY (`link_id`,`term_id`),
  ADD KEY `idx_term_weight` (`term_id`,`weight`),
  ADD KEY `idx_link_term_weight` (`link_id`,`term_id`,`weight`);

--
-- Indeksy dla tabeli `zzux2_finder_links_terms6`
--
ALTER TABLE `zzux2_finder_links_terms6`
  ADD PRIMARY KEY (`link_id`,`term_id`),
  ADD KEY `idx_term_weight` (`term_id`,`weight`),
  ADD KEY `idx_link_term_weight` (`link_id`,`term_id`,`weight`);

--
-- Indeksy dla tabeli `zzux2_finder_links_terms7`
--
ALTER TABLE `zzux2_finder_links_terms7`
  ADD PRIMARY KEY (`link_id`,`term_id`),
  ADD KEY `idx_term_weight` (`term_id`,`weight`),
  ADD KEY `idx_link_term_weight` (`link_id`,`term_id`,`weight`);

--
-- Indeksy dla tabeli `zzux2_finder_links_terms8`
--
ALTER TABLE `zzux2_finder_links_terms8`
  ADD PRIMARY KEY (`link_id`,`term_id`),
  ADD KEY `idx_term_weight` (`term_id`,`weight`),
  ADD KEY `idx_link_term_weight` (`link_id`,`term_id`,`weight`);

--
-- Indeksy dla tabeli `zzux2_finder_links_terms9`
--
ALTER TABLE `zzux2_finder_links_terms9`
  ADD PRIMARY KEY (`link_id`,`term_id`),
  ADD KEY `idx_term_weight` (`term_id`,`weight`),
  ADD KEY `idx_link_term_weight` (`link_id`,`term_id`,`weight`);

--
-- Indeksy dla tabeli `zzux2_finder_links_termsa`
--
ALTER TABLE `zzux2_finder_links_termsa`
  ADD PRIMARY KEY (`link_id`,`term_id`),
  ADD KEY `idx_term_weight` (`term_id`,`weight`),
  ADD KEY `idx_link_term_weight` (`link_id`,`term_id`,`weight`);

--
-- Indeksy dla tabeli `zzux2_finder_links_termsb`
--
ALTER TABLE `zzux2_finder_links_termsb`
  ADD PRIMARY KEY (`link_id`,`term_id`),
  ADD KEY `idx_term_weight` (`term_id`,`weight`),
  ADD KEY `idx_link_term_weight` (`link_id`,`term_id`,`weight`);

--
-- Indeksy dla tabeli `zzux2_finder_links_termsc`
--
ALTER TABLE `zzux2_finder_links_termsc`
  ADD PRIMARY KEY (`link_id`,`term_id`),
  ADD KEY `idx_term_weight` (`term_id`,`weight`),
  ADD KEY `idx_link_term_weight` (`link_id`,`term_id`,`weight`);

--
-- Indeksy dla tabeli `zzux2_finder_links_termsd`
--
ALTER TABLE `zzux2_finder_links_termsd`
  ADD PRIMARY KEY (`link_id`,`term_id`),
  ADD KEY `idx_term_weight` (`term_id`,`weight`),
  ADD KEY `idx_link_term_weight` (`link_id`,`term_id`,`weight`);

--
-- Indeksy dla tabeli `zzux2_finder_links_termse`
--
ALTER TABLE `zzux2_finder_links_termse`
  ADD PRIMARY KEY (`link_id`,`term_id`),
  ADD KEY `idx_term_weight` (`term_id`,`weight`),
  ADD KEY `idx_link_term_weight` (`link_id`,`term_id`,`weight`);

--
-- Indeksy dla tabeli `zzux2_finder_links_termsf`
--
ALTER TABLE `zzux2_finder_links_termsf`
  ADD PRIMARY KEY (`link_id`,`term_id`),
  ADD KEY `idx_term_weight` (`term_id`,`weight`),
  ADD KEY `idx_link_term_weight` (`link_id`,`term_id`,`weight`);

--
-- Indeksy dla tabeli `zzux2_finder_taxonomy`
--
ALTER TABLE `zzux2_finder_taxonomy`
  ADD PRIMARY KEY (`id`),
  ADD KEY `parent_id` (`parent_id`),
  ADD KEY `state` (`state`),
  ADD KEY `ordering` (`ordering`),
  ADD KEY `access` (`access`),
  ADD KEY `idx_parent_published` (`parent_id`,`state`,`access`);

--
-- Indeksy dla tabeli `zzux2_finder_taxonomy_map`
--
ALTER TABLE `zzux2_finder_taxonomy_map`
  ADD PRIMARY KEY (`link_id`,`node_id`),
  ADD KEY `link_id` (`link_id`),
  ADD KEY `node_id` (`node_id`);

--
-- Indeksy dla tabeli `zzux2_finder_terms`
--
ALTER TABLE `zzux2_finder_terms`
  ADD PRIMARY KEY (`term_id`),
  ADD UNIQUE KEY `idx_term` (`term`),
  ADD KEY `idx_term_phrase` (`term`,`phrase`),
  ADD KEY `idx_stem_phrase` (`stem`,`phrase`),
  ADD KEY `idx_soundex_phrase` (`soundex`,`phrase`);

--
-- Indeksy dla tabeli `zzux2_finder_terms_common`
--
ALTER TABLE `zzux2_finder_terms_common`
  ADD KEY `idx_word_lang` (`term`,`language`),
  ADD KEY `idx_lang` (`language`);

--
-- Indeksy dla tabeli `zzux2_finder_tokens`
--
ALTER TABLE `zzux2_finder_tokens`
  ADD KEY `idx_word` (`term`),
  ADD KEY `idx_context` (`context`);

--
-- Indeksy dla tabeli `zzux2_finder_tokens_aggregate`
--
ALTER TABLE `zzux2_finder_tokens_aggregate`
  ADD KEY `token` (`term`),
  ADD KEY `keyword_id` (`term_id`);

--
-- Indeksy dla tabeli `zzux2_finder_types`
--
ALTER TABLE `zzux2_finder_types`
  ADD PRIMARY KEY (`id`),
  ADD UNIQUE KEY `title` (`title`);

--
-- Indeksy dla tabeli `zzux2_languages`
--
ALTER TABLE `zzux2_languages`
  ADD PRIMARY KEY (`lang_id`),
  ADD UNIQUE KEY `idx_sef` (`sef`),
  ADD UNIQUE KEY `idx_langcode` (`lang_code`),
  ADD KEY `idx_access` (`access`),
  ADD KEY `idx_ordering` (`ordering`);

--
-- Indeksy dla tabeli `zzux2_menu`
--
ALTER TABLE `zzux2_menu`
  ADD PRIMARY KEY (`id`),
  ADD UNIQUE KEY `idx_client_id_parent_id_alias_language` (`client_id`,`parent_id`,`alias`(100),`language`),
  ADD KEY `idx_componentid` (`component_id`,`menutype`,`published`,`access`),
  ADD KEY `idx_menutype` (`menutype`),
  ADD KEY `idx_left_right` (`lft`,`rgt`),
  ADD KEY `idx_alias` (`alias`(100)),
  ADD KEY `idx_path` (`path`(100)),
  ADD KEY `idx_language` (`language`);

--
-- Indeksy dla tabeli `zzux2_menu_types`
--
ALTER TABLE `zzux2_menu_types`
  ADD PRIMARY KEY (`id`),
  ADD UNIQUE KEY `idx_menutype` (`menutype`);

--
-- Indeksy dla tabeli `zzux2_messages`
--
ALTER TABLE `zzux2_messages`
  ADD PRIMARY KEY (`message_id`),
  ADD KEY `useridto_state` (`user_id_to`,`state`);

--
-- Indeksy dla tabeli `zzux2_messages_cfg`
--
ALTER TABLE `zzux2_messages_cfg`
  ADD UNIQUE KEY `idx_user_var_name` (`user_id`,`cfg_name`);

--
-- Indeksy dla tabeli `zzux2_modules`
--
ALTER TABLE `zzux2_modules`
  ADD PRIMARY KEY (`id`),
  ADD KEY `published` (`published`,`access`),
  ADD KEY `newsfeeds` (`module`,`published`),
  ADD KEY `idx_language` (`language`);

--
-- Indeksy dla tabeli `zzux2_modules_menu`
--
ALTER TABLE `zzux2_modules_menu`
  ADD PRIMARY KEY (`moduleid`,`menuid`);

--
-- Indeksy dla tabeli `zzux2_newsfeeds`
--
ALTER TABLE `zzux2_newsfeeds`
  ADD PRIMARY KEY (`id`),
  ADD KEY `idx_access` (`access`),
  ADD KEY `idx_checkout` (`checked_out`),
  ADD KEY `idx_state` (`published`),
  ADD KEY `idx_catid` (`catid`),
  ADD KEY `idx_createdby` (`created_by`),
  ADD KEY `idx_language` (`language`),
  ADD KEY `idx_xreference` (`xreference`);

--
-- Indeksy dla tabeli `zzux2_overrider`
--
ALTER TABLE `zzux2_overrider`
  ADD PRIMARY KEY (`id`);

--
-- Indeksy dla tabeli `zzux2_phocagallery`
--
ALTER TABLE `zzux2_phocagallery`
  ADD PRIMARY KEY (`id`),
  ADD KEY `catid` (`catid`,`published`);

--
-- Indeksy dla tabeli `zzux2_phocagallery_categories`
--
ALTER TABLE `zzux2_phocagallery_categories`
  ADD PRIMARY KEY (`id`),
  ADD KEY `cat_idx` (`section`,`published`,`access`),
  ADD KEY `idx_access` (`access`),
  ADD KEY `idx_checkout` (`checked_out`);

--
-- Indeksy dla tabeli `zzux2_phocagallery_comments`
--
ALTER TABLE `zzux2_phocagallery_comments`
  ADD PRIMARY KEY (`id`);

--
-- Indeksy dla tabeli `zzux2_phocagallery_fb_users`
--
ALTER TABLE `zzux2_phocagallery_fb_users`
  ADD PRIMARY KEY (`id`);

--
-- Indeksy dla tabeli `zzux2_phocagallery_img_comments`
--
ALTER TABLE `zzux2_phocagallery_img_comments`
  ADD PRIMARY KEY (`id`);

--
-- Indeksy dla tabeli `zzux2_phocagallery_img_votes`
--
ALTER TABLE `zzux2_phocagallery_img_votes`
  ADD PRIMARY KEY (`id`);

--
-- Indeksy dla tabeli `zzux2_phocagallery_img_votes_statistics`
--
ALTER TABLE `zzux2_phocagallery_img_votes_statistics`
  ADD PRIMARY KEY (`id`);

--
-- Indeksy dla tabeli `zzux2_phocagallery_styles`
--
ALTER TABLE `zzux2_phocagallery_styles`
  ADD PRIMARY KEY (`id`);

--
-- Indeksy dla tabeli `zzux2_phocagallery_tags`
--
ALTER TABLE `zzux2_phocagallery_tags`
  ADD PRIMARY KEY (`id`);

--
-- Indeksy dla tabeli `zzux2_phocagallery_tags_ref`
--
ALTER TABLE `zzux2_phocagallery_tags_ref`
  ADD PRIMARY KEY (`id`),
  ADD UNIQUE KEY `id` (`id`),
  ADD UNIQUE KEY `i_imgid` (`imgid`,`tagid`);

--
-- Indeksy dla tabeli `zzux2_phocagallery_user`
--
ALTER TABLE `zzux2_phocagallery_user`
  ADD PRIMARY KEY (`id`),
  ADD KEY `userid` (`userid`);

--
-- Indeksy dla tabeli `zzux2_phocagallery_votes`
--
ALTER TABLE `zzux2_phocagallery_votes`
  ADD PRIMARY KEY (`id`);

--
-- Indeksy dla tabeli `zzux2_phocagallery_votes_statistics`
--
ALTER TABLE `zzux2_phocagallery_votes_statistics`
  ADD PRIMARY KEY (`id`);

--
-- Indeksy dla tabeli `zzux2_postinstall_messages`
--
ALTER TABLE `zzux2_postinstall_messages`
  ADD PRIMARY KEY (`postinstall_message_id`);

--
-- Indeksy dla tabeli `zzux2_privacy_consents`
--
ALTER TABLE `zzux2_privacy_consents`
  ADD PRIMARY KEY (`id`),
  ADD KEY `idx_user_id` (`user_id`);

--
-- Indeksy dla tabeli `zzux2_privacy_requests`
--
ALTER TABLE `zzux2_privacy_requests`
  ADD PRIMARY KEY (`id`);

--
-- Indeksy dla tabeli `zzux2_redirect_links`
--
ALTER TABLE `zzux2_redirect_links`
  ADD PRIMARY KEY (`id`),
  ADD KEY `idx_old_url` (`old_url`(100)),
  ADD KEY `idx_link_modifed` (`modified_date`);

--
-- Indeksy dla tabeli `zzux2_schemas`
--
ALTER TABLE `zzux2_schemas`
  ADD PRIMARY KEY (`extension_id`,`version_id`);

--
-- Indeksy dla tabeli `zzux2_session`
--
ALTER TABLE `zzux2_session`
  ADD PRIMARY KEY (`session_id`),
  ADD KEY `userid` (`userid`),
  ADD KEY `time` (`time`),
  ADD KEY `client_id_guest` (`client_id`,`guest`);

--
-- Indeksy dla tabeli `zzux2_tags`
--
ALTER TABLE `zzux2_tags`
  ADD PRIMARY KEY (`id`),
  ADD KEY `tag_idx` (`published`,`access`),
  ADD KEY `idx_access` (`access`),
  ADD KEY `idx_checkout` (`checked_out`),
  ADD KEY `idx_path` (`path`(100)),
  ADD KEY `idx_left_right` (`lft`,`rgt`),
  ADD KEY `idx_alias` (`alias`(100)),
  ADD KEY `idx_language` (`language`);

--
-- Indeksy dla tabeli `zzux2_template_styles`
--
ALTER TABLE `zzux2_template_styles`
  ADD PRIMARY KEY (`id`),
  ADD KEY `idx_template` (`template`),
  ADD KEY `idx_client_id` (`client_id`),
  ADD KEY `idx_client_id_home` (`client_id`,`home`);

--
-- Indeksy dla tabeli `zzux2_ucm_base`
--
ALTER TABLE `zzux2_ucm_base`
  ADD PRIMARY KEY (`ucm_id`),
  ADD KEY `idx_ucm_item_id` (`ucm_item_id`),
  ADD KEY `idx_ucm_type_id` (`ucm_type_id`),
  ADD KEY `idx_ucm_language_id` (`ucm_language_id`);

--
-- Indeksy dla tabeli `zzux2_ucm_content`
--
ALTER TABLE `zzux2_ucm_content`
  ADD PRIMARY KEY (`core_content_id`),
  ADD KEY `tag_idx` (`core_state`,`core_access`),
  ADD KEY `idx_access` (`core_access`),
  ADD KEY `idx_alias` (`core_alias`(100)),
  ADD KEY `idx_language` (`core_language`),
  ADD KEY `idx_title` (`core_title`(100)),
  ADD KEY `idx_modified_time` (`core_modified_time`),
  ADD KEY `idx_created_time` (`core_created_time`),
  ADD KEY `idx_content_type` (`core_type_alias`(100)),
  ADD KEY `idx_core_modified_user_id` (`core_modified_user_id`),
  ADD KEY `idx_core_checked_out_user_id` (`core_checked_out_user_id`),
  ADD KEY `idx_core_created_user_id` (`core_created_user_id`),
  ADD KEY `idx_core_type_id` (`core_type_id`);

--
-- Indeksy dla tabeli `zzux2_ucm_history`
--
ALTER TABLE `zzux2_ucm_history`
  ADD PRIMARY KEY (`version_id`),
  ADD KEY `idx_ucm_item_id` (`ucm_type_id`,`ucm_item_id`),
  ADD KEY `idx_save_date` (`save_date`);

--
-- Indeksy dla tabeli `zzux2_updates`
--
ALTER TABLE `zzux2_updates`
  ADD PRIMARY KEY (`update_id`);

--
-- Indeksy dla tabeli `zzux2_update_sites`
--
ALTER TABLE `zzux2_update_sites`
  ADD PRIMARY KEY (`update_site_id`);

--
-- Indeksy dla tabeli `zzux2_update_sites_extensions`
--
ALTER TABLE `zzux2_update_sites_extensions`
  ADD PRIMARY KEY (`update_site_id`,`extension_id`);

--
-- Indeksy dla tabeli `zzux2_usergroups`
--
ALTER TABLE `zzux2_usergroups`
  ADD PRIMARY KEY (`id`),
  ADD UNIQUE KEY `idx_usergroup_parent_title_lookup` (`parent_id`,`title`),
  ADD KEY `idx_usergroup_title_lookup` (`title`),
  ADD KEY `idx_usergroup_adjacency_lookup` (`parent_id`),
  ADD KEY `idx_usergroup_nested_set_lookup` (`lft`,`rgt`) USING BTREE;

--
-- Indeksy dla tabeli `zzux2_users`
--
ALTER TABLE `zzux2_users`
  ADD PRIMARY KEY (`id`),
  ADD UNIQUE KEY `idx_username` (`username`),
  ADD KEY `idx_name` (`name`(100)),
  ADD KEY `idx_block` (`block`),
  ADD KEY `email` (`email`);

--
-- Indeksy dla tabeli `zzux2_user_keys`
--
ALTER TABLE `zzux2_user_keys`
  ADD PRIMARY KEY (`id`),
  ADD UNIQUE KEY `series` (`series`),
  ADD KEY `user_id` (`user_id`);

--
-- Indeksy dla tabeli `zzux2_user_notes`
--
ALTER TABLE `zzux2_user_notes`
  ADD PRIMARY KEY (`id`),
  ADD KEY `idx_user_id` (`user_id`),
  ADD KEY `idx_category_id` (`catid`);

--
-- Indeksy dla tabeli `zzux2_user_profiles`
--
ALTER TABLE `zzux2_user_profiles`
  ADD UNIQUE KEY `idx_user_id_profile_key` (`user_id`,`profile_key`);

--
-- Indeksy dla tabeli `zzux2_user_usergroup_map`
--
ALTER TABLE `zzux2_user_usergroup_map`
  ADD PRIMARY KEY (`user_id`,`group_id`);

--
-- Indeksy dla tabeli `zzux2_viewlevels`
--
ALTER TABLE `zzux2_viewlevels`
  ADD PRIMARY KEY (`id`),
  ADD UNIQUE KEY `idx_assetgroup_title_lookup` (`title`);

--
-- AUTO_INCREMENT dla zrzuconych tabel
--

--
-- AUTO_INCREMENT dla tabeli `zzux2_action_logs`
--
ALTER TABLE `zzux2_action_logs`
  MODIFY `id` int(10) UNSIGNED NOT NULL AUTO_INCREMENT, AUTO_INCREMENT=119;

--
-- AUTO_INCREMENT dla tabeli `zzux2_action_logs_extensions`
--
ALTER TABLE `zzux2_action_logs_extensions`
  MODIFY `id` int(10) UNSIGNED NOT NULL AUTO_INCREMENT, AUTO_INCREMENT=19;

--
-- AUTO_INCREMENT dla tabeli `zzux2_action_log_config`
--
ALTER TABLE `zzux2_action_log_config`
  MODIFY `id` int(10) UNSIGNED NOT NULL AUTO_INCREMENT, AUTO_INCREMENT=20;

--
-- AUTO_INCREMENT dla tabeli `zzux2_assets`
--
ALTER TABLE `zzux2_assets`
  MODIFY `id` int(10) UNSIGNED NOT NULL AUTO_INCREMENT COMMENT 'Primary Key', AUTO_INCREMENT=87;

--
-- AUTO_INCREMENT dla tabeli `zzux2_banners`
--
ALTER TABLE `zzux2_banners`
  MODIFY `id` int(11) NOT NULL AUTO_INCREMENT;

--
-- AUTO_INCREMENT dla tabeli `zzux2_banner_clients`
--
ALTER TABLE `zzux2_banner_clients`
  MODIFY `id` int(11) NOT NULL AUTO_INCREMENT;

--
-- AUTO_INCREMENT dla tabeli `zzux2_categories`
--
ALTER TABLE `zzux2_categories`
  MODIFY `id` int(11) NOT NULL AUTO_INCREMENT, AUTO_INCREMENT=17;

--
-- AUTO_INCREMENT dla tabeli `zzux2_contact_details`
--
ALTER TABLE `zzux2_contact_details`
  MODIFY `id` int(11) NOT NULL AUTO_INCREMENT;

--
-- AUTO_INCREMENT dla tabeli `zzux2_content`
--
ALTER TABLE `zzux2_content`
  MODIFY `id` int(10) UNSIGNED NOT NULL AUTO_INCREMENT, AUTO_INCREMENT=15;

--
-- AUTO_INCREMENT dla tabeli `zzux2_content_types`
--
ALTER TABLE `zzux2_content_types`
  MODIFY `type_id` int(10) UNSIGNED NOT NULL AUTO_INCREMENT, AUTO_INCREMENT=10000;

--
-- AUTO_INCREMENT dla tabeli `zzux2_extensions`
--
ALTER TABLE `zzux2_extensions`
  MODIFY `extension_id` int(11) NOT NULL AUTO_INCREMENT, AUTO_INCREMENT=10004;

--
-- AUTO_INCREMENT dla tabeli `zzux2_fields`
--
ALTER TABLE `zzux2_fields`
  MODIFY `id` int(10) UNSIGNED NOT NULL AUTO_INCREMENT;

--
-- AUTO_INCREMENT dla tabeli `zzux2_fields_groups`
--
ALTER TABLE `zzux2_fields_groups`
  MODIFY `id` int(10) UNSIGNED NOT NULL AUTO_INCREMENT;

--
-- AUTO_INCREMENT dla tabeli `zzux2_finder_filters`
--
ALTER TABLE `zzux2_finder_filters`
  MODIFY `filter_id` int(10) UNSIGNED NOT NULL AUTO_INCREMENT;

--
-- AUTO_INCREMENT dla tabeli `zzux2_finder_links`
--
ALTER TABLE `zzux2_finder_links`
  MODIFY `link_id` int(10) UNSIGNED NOT NULL AUTO_INCREMENT;

--
-- AUTO_INCREMENT dla tabeli `zzux2_finder_taxonomy`
--
ALTER TABLE `zzux2_finder_taxonomy`
  MODIFY `id` int(10) UNSIGNED NOT NULL AUTO_INCREMENT, AUTO_INCREMENT=2;

--
-- AUTO_INCREMENT dla tabeli `zzux2_finder_terms`
--
ALTER TABLE `zzux2_finder_terms`
  MODIFY `term_id` int(10) UNSIGNED NOT NULL AUTO_INCREMENT;

--
-- AUTO_INCREMENT dla tabeli `zzux2_finder_types`
--
ALTER TABLE `zzux2_finder_types`
  MODIFY `id` int(10) UNSIGNED NOT NULL AUTO_INCREMENT;

--
-- AUTO_INCREMENT dla tabeli `zzux2_languages`
--
ALTER TABLE `zzux2_languages`
  MODIFY `lang_id` int(11) UNSIGNED NOT NULL AUTO_INCREMENT, AUTO_INCREMENT=3;

--
-- AUTO_INCREMENT dla tabeli `zzux2_menu`
--
ALTER TABLE `zzux2_menu`
  MODIFY `id` int(11) NOT NULL AUTO_INCREMENT, AUTO_INCREMENT=125;

--
-- AUTO_INCREMENT dla tabeli `zzux2_menu_types`
--
ALTER TABLE `zzux2_menu_types`
  MODIFY `id` int(10) UNSIGNED NOT NULL AUTO_INCREMENT, AUTO_INCREMENT=2;

--
-- AUTO_INCREMENT dla tabeli `zzux2_messages`
--
ALTER TABLE `zzux2_messages`
  MODIFY `message_id` int(10) UNSIGNED NOT NULL AUTO_INCREMENT, AUTO_INCREMENT=2;

--
-- AUTO_INCREMENT dla tabeli `zzux2_modules`
--
ALTER TABLE `zzux2_modules`
  MODIFY `id` int(11) NOT NULL AUTO_INCREMENT, AUTO_INCREMENT=90;

--
-- AUTO_INCREMENT dla tabeli `zzux2_newsfeeds`
--
ALTER TABLE `zzux2_newsfeeds`
  MODIFY `id` int(10) UNSIGNED NOT NULL AUTO_INCREMENT;

--
-- AUTO_INCREMENT dla tabeli `zzux2_overrider`
--
ALTER TABLE `zzux2_overrider`
  MODIFY `id` int(10) NOT NULL AUTO_INCREMENT COMMENT 'Primary Key';

--
-- AUTO_INCREMENT dla tabeli `zzux2_phocagallery`
--
ALTER TABLE `zzux2_phocagallery`
  MODIFY `id` int(11) UNSIGNED NOT NULL AUTO_INCREMENT, AUTO_INCREMENT=25;

--
-- AUTO_INCREMENT dla tabeli `zzux2_phocagallery_categories`
--
ALTER TABLE `zzux2_phocagallery_categories`
  MODIFY `id` int(11) NOT NULL AUTO_INCREMENT, AUTO_INCREMENT=3;

--
-- AUTO_INCREMENT dla tabeli `zzux2_phocagallery_comments`
--
ALTER TABLE `zzux2_phocagallery_comments`
  MODIFY `id` int(11) NOT NULL AUTO_INCREMENT;

--
-- AUTO_INCREMENT dla tabeli `zzux2_phocagallery_fb_users`
--
ALTER TABLE `zzux2_phocagallery_fb_users`
  MODIFY `id` int(11) NOT NULL AUTO_INCREMENT;

--
-- AUTO_INCREMENT dla tabeli `zzux2_phocagallery_img_comments`
--
ALTER TABLE `zzux2_phocagallery_img_comments`
  MODIFY `id` int(11) NOT NULL AUTO_INCREMENT;

--
-- AUTO_INCREMENT dla tabeli `zzux2_phocagallery_img_votes`
--
ALTER TABLE `zzux2_phocagallery_img_votes`
  MODIFY `id` int(11) NOT NULL AUTO_INCREMENT;

--
-- AUTO_INCREMENT dla tabeli `zzux2_phocagallery_img_votes_statistics`
--
ALTER TABLE `zzux2_phocagallery_img_votes_statistics`
  MODIFY `id` int(11) NOT NULL AUTO_INCREMENT;

--
-- AUTO_INCREMENT dla tabeli `zzux2_phocagallery_styles`
--
ALTER TABLE `zzux2_phocagallery_styles`
  MODIFY `id` int(11) NOT NULL AUTO_INCREMENT, AUTO_INCREMENT=4;

--
-- AUTO_INCREMENT dla tabeli `zzux2_phocagallery_tags`
--
ALTER TABLE `zzux2_phocagallery_tags`
  MODIFY `id` int(11) NOT NULL AUTO_INCREMENT;

--
-- AUTO_INCREMENT dla tabeli `zzux2_phocagallery_tags_ref`
--
ALTER TABLE `zzux2_phocagallery_tags_ref`
  MODIFY `id` bigint(20) UNSIGNED NOT NULL AUTO_INCREMENT;

--
-- AUTO_INCREMENT dla tabeli `zzux2_phocagallery_user`
--
ALTER TABLE `zzux2_phocagallery_user`
  MODIFY `id` int(11) NOT NULL AUTO_INCREMENT;

--
-- AUTO_INCREMENT dla tabeli `zzux2_phocagallery_votes`
--
ALTER TABLE `zzux2_phocagallery_votes`
  MODIFY `id` int(11) NOT NULL AUTO_INCREMENT;

--
-- AUTO_INCREMENT dla tabeli `zzux2_phocagallery_votes_statistics`
--
ALTER TABLE `zzux2_phocagallery_votes_statistics`
  MODIFY `id` int(11) NOT NULL AUTO_INCREMENT;

--
-- AUTO_INCREMENT dla tabeli `zzux2_postinstall_messages`
--
ALTER TABLE `zzux2_postinstall_messages`
  MODIFY `postinstall_message_id` bigint(20) UNSIGNED NOT NULL AUTO_INCREMENT, AUTO_INCREMENT=11;

--
-- AUTO_INCREMENT dla tabeli `zzux2_privacy_consents`
--
ALTER TABLE `zzux2_privacy_consents`
  MODIFY `id` int(10) UNSIGNED NOT NULL AUTO_INCREMENT;

--
-- AUTO_INCREMENT dla tabeli `zzux2_privacy_requests`
--
ALTER TABLE `zzux2_privacy_requests`
  MODIFY `id` int(10) UNSIGNED NOT NULL AUTO_INCREMENT;

--
-- AUTO_INCREMENT dla tabeli `zzux2_redirect_links`
--
ALTER TABLE `zzux2_redirect_links`
  MODIFY `id` int(10) UNSIGNED NOT NULL AUTO_INCREMENT;

--
-- AUTO_INCREMENT dla tabeli `zzux2_tags`
--
ALTER TABLE `zzux2_tags`
  MODIFY `id` int(10) UNSIGNED NOT NULL AUTO_INCREMENT, AUTO_INCREMENT=2;

--
-- AUTO_INCREMENT dla tabeli `zzux2_template_styles`
--
ALTER TABLE `zzux2_template_styles`
  MODIFY `id` int(10) UNSIGNED NOT NULL AUTO_INCREMENT, AUTO_INCREMENT=9;

--
-- AUTO_INCREMENT dla tabeli `zzux2_ucm_content`
--
ALTER TABLE `zzux2_ucm_content`
  MODIFY `core_content_id` int(10) UNSIGNED NOT NULL AUTO_INCREMENT;

--
-- AUTO_INCREMENT dla tabeli `zzux2_ucm_history`
--
ALTER TABLE `zzux2_ucm_history`
  MODIFY `version_id` int(10) UNSIGNED NOT NULL AUTO_INCREMENT, AUTO_INCREMENT=27;

--
-- AUTO_INCREMENT dla tabeli `zzux2_updates`
--
ALTER TABLE `zzux2_updates`
  MODIFY `update_id` int(11) NOT NULL AUTO_INCREMENT, AUTO_INCREMENT=156;

--
-- AUTO_INCREMENT dla tabeli `zzux2_update_sites`
--
ALTER TABLE `zzux2_update_sites`
  MODIFY `update_site_id` int(11) NOT NULL AUTO_INCREMENT, AUTO_INCREMENT=5;

--
-- AUTO_INCREMENT dla tabeli `zzux2_usergroups`
--
ALTER TABLE `zzux2_usergroups`
  MODIFY `id` int(10) UNSIGNED NOT NULL AUTO_INCREMENT COMMENT 'Primary Key', AUTO_INCREMENT=10;

--
-- AUTO_INCREMENT dla tabeli `zzux2_users`
--
ALTER TABLE `zzux2_users`
  MODIFY `id` int(11) NOT NULL AUTO_INCREMENT, AUTO_INCREMENT=723;

--
-- AUTO_INCREMENT dla tabeli `zzux2_user_keys`
--
ALTER TABLE `zzux2_user_keys`
  MODIFY `id` int(10) UNSIGNED NOT NULL AUTO_INCREMENT;

--
-- AUTO_INCREMENT dla tabeli `zzux2_user_notes`
--
ALTER TABLE `zzux2_user_notes`
  MODIFY `id` int(10) UNSIGNED NOT NULL AUTO_INCREMENT;

--
-- AUTO_INCREMENT dla tabeli `zzux2_viewlevels`
--
ALTER TABLE `zzux2_viewlevels`
  MODIFY `id` int(10) UNSIGNED NOT NULL AUTO_INCREMENT COMMENT 'Primary Key', AUTO_INCREMENT=7;
--
-- Baza danych: `ogloszenia`
--
CREATE DATABASE IF NOT EXISTS `ogloszenia` DEFAULT CHARACTER SET utf8 COLLATE utf8_polish_ci;
USE `ogloszenia`;

-- --------------------------------------------------------

--
-- Struktura tabeli dla tabeli `ogloszenie`
--

CREATE TABLE `ogloszenie` (
  `id` int(10) UNSIGNED NOT NULL,
  `uzytkownik_id` int(10) UNSIGNED NOT NULL,
  `kategoria` int(10) UNSIGNED DEFAULT NULL,
  `podkategoria` int(10) UNSIGNED DEFAULT NULL,
  `tytul` text DEFAULT NULL,
  `tresc` text DEFAULT NULL
) ENGINE=InnoDB DEFAULT CHARSET=latin1;

--
-- Zrzut danych tabeli `ogloszenie`
--

INSERT INTO `ogloszenie` (`id`, `uzytkownik_id`, `kategoria`, `podkategoria`, `tytul`, `tresc`) VALUES
(1, 1, 1, 12, 'Daniel Craig. Biografia', 'Biografia Daniela Craiga, niedrogo sprzedam'),
(2, 1, 1, 13, 'Selekcja', 'Sprzedam: \"Selekcja\" J. Kellermana, niezniszczona'),
(3, 2, 1, 13, 'Buick', 'Sprzedam horror Stephena Kinga w dobrym stanie'),
(4, 2, 1, 14, 'Tytus, Romek i Atomek', 'Ks. IV do sprzedania, stan dobry'),
(5, 2, 2, 0, 'Imagine Dragons', 'Sprzedam dwa CD Imagine Dragons');

-- --------------------------------------------------------

--
-- Struktura tabeli dla tabeli `uzytkownik`
--

CREATE TABLE `uzytkownik` (
  `id` int(10) UNSIGNED NOT NULL,
  `imie` text DEFAULT NULL,
  `nazwisko` text DEFAULT NULL,
  `telefon` text DEFAULT NULL,
  `email` text DEFAULT NULL
) ENGINE=InnoDB DEFAULT CHARSET=latin1;

--
-- Zrzut danych tabeli `uzytkownik`
--

INSERT INTO `uzytkownik` (`id`, `imie`, `nazwisko`, `telefon`, `email`) VALUES
(1, 'Anna', 'Kowalska', '601601601', 'anna@poczta.pl'),
(2, 'Jan', 'Nowak', '608608608', 'jan@poczta.pl');

--
-- Indeksy dla zrzutów tabel
--

--
-- Indeksy dla tabeli `ogloszenie`
--
ALTER TABLE `ogloszenie`
  ADD PRIMARY KEY (`id`);

--
-- Indeksy dla tabeli `uzytkownik`
--
ALTER TABLE `uzytkownik`
  ADD PRIMARY KEY (`id`);

--
-- AUTO_INCREMENT dla zrzuconych tabel
--

--
-- AUTO_INCREMENT dla tabeli `ogloszenie`
--
ALTER TABLE `ogloszenie`
  MODIFY `id` int(10) UNSIGNED NOT NULL AUTO_INCREMENT, AUTO_INCREMENT=6;

--
-- AUTO_INCREMENT dla tabeli `uzytkownik`
--
ALTER TABLE `uzytkownik`
  MODIFY `id` int(10) UNSIGNED NOT NULL AUTO_INCREMENT, AUTO_INCREMENT=3;
--
-- Baza danych: `phpmyadmin`
--
CREATE DATABASE IF NOT EXISTS `phpmyadmin` DEFAULT CHARACTER SET utf8 COLLATE utf8_bin;
USE `phpmyadmin`;

-- --------------------------------------------------------

--
-- Struktura tabeli dla tabeli `pma__bookmark`
--

CREATE TABLE `pma__bookmark` (
  `id` int(10) UNSIGNED NOT NULL,
  `dbase` varchar(255) COLLATE utf8_bin NOT NULL DEFAULT '',
  `user` varchar(255) COLLATE utf8_bin NOT NULL DEFAULT '',
  `label` varchar(255) CHARACTER SET utf8 NOT NULL DEFAULT '',
  `query` text COLLATE utf8_bin NOT NULL
) ENGINE=InnoDB DEFAULT CHARSET=utf8 COLLATE=utf8_bin COMMENT='Bookmarks';

-- --------------------------------------------------------

--
-- Struktura tabeli dla tabeli `pma__central_columns`
--

CREATE TABLE `pma__central_columns` (
  `db_name` varchar(64) COLLATE utf8_bin NOT NULL,
  `col_name` varchar(64) COLLATE utf8_bin NOT NULL,
  `col_type` varchar(64) COLLATE utf8_bin NOT NULL,
  `col_length` text COLLATE utf8_bin DEFAULT NULL,
  `col_collation` varchar(64) COLLATE utf8_bin NOT NULL,
  `col_isNull` tinyint(1) NOT NULL,
  `col_extra` varchar(255) COLLATE utf8_bin DEFAULT '',
  `col_default` text COLLATE utf8_bin DEFAULT NULL
) ENGINE=InnoDB DEFAULT CHARSET=utf8 COLLATE=utf8_bin COMMENT='Central list of columns';

-- --------------------------------------------------------

--
-- Struktura tabeli dla tabeli `pma__column_info`
--

CREATE TABLE `pma__column_info` (
  `id` int(5) UNSIGNED NOT NULL,
  `db_name` varchar(64) COLLATE utf8_bin NOT NULL DEFAULT '',
  `table_name` varchar(64) COLLATE utf8_bin NOT NULL DEFAULT '',
  `column_name` varchar(64) COLLATE utf8_bin NOT NULL DEFAULT '',
  `comment` varchar(255) CHARACTER SET utf8 NOT NULL DEFAULT '',
  `mimetype` varchar(255) CHARACTER SET utf8 NOT NULL DEFAULT '',
  `transformation` varchar(255) COLLATE utf8_bin NOT NULL DEFAULT '',
  `transformation_options` varchar(255) COLLATE utf8_bin NOT NULL DEFAULT '',
  `input_transformation` varchar(255) COLLATE utf8_bin NOT NULL DEFAULT '',
  `input_transformation_options` varchar(255) COLLATE utf8_bin NOT NULL DEFAULT ''
) ENGINE=InnoDB DEFAULT CHARSET=utf8 COLLATE=utf8_bin COMMENT='Column information for phpMyAdmin';

-- --------------------------------------------------------

--
-- Struktura tabeli dla tabeli `pma__designer_settings`
--

CREATE TABLE `pma__designer_settings` (
  `username` varchar(64) COLLATE utf8_bin NOT NULL,
  `settings_data` text COLLATE utf8_bin NOT NULL
) ENGINE=InnoDB DEFAULT CHARSET=utf8 COLLATE=utf8_bin COMMENT='Settings related to Designer';

-- --------------------------------------------------------

--
-- Struktura tabeli dla tabeli `pma__export_templates`
--

CREATE TABLE `pma__export_templates` (
  `id` int(5) UNSIGNED NOT NULL,
  `username` varchar(64) COLLATE utf8_bin NOT NULL,
  `export_type` varchar(10) COLLATE utf8_bin NOT NULL,
  `template_name` varchar(64) COLLATE utf8_bin NOT NULL,
  `template_data` text COLLATE utf8_bin NOT NULL
) ENGINE=InnoDB DEFAULT CHARSET=utf8 COLLATE=utf8_bin COMMENT='Saved export templates';

-- --------------------------------------------------------

--
-- Struktura tabeli dla tabeli `pma__favorite`
--

CREATE TABLE `pma__favorite` (
  `username` varchar(64) COLLATE utf8_bin NOT NULL,
  `tables` text COLLATE utf8_bin NOT NULL
) ENGINE=InnoDB DEFAULT CHARSET=utf8 COLLATE=utf8_bin COMMENT='Favorite tables';

-- --------------------------------------------------------

--
-- Struktura tabeli dla tabeli `pma__history`
--

CREATE TABLE `pma__history` (
  `id` bigint(20) UNSIGNED NOT NULL,
  `username` varchar(64) COLLATE utf8_bin NOT NULL DEFAULT '',
  `db` varchar(64) COLLATE utf8_bin NOT NULL DEFAULT '',
  `table` varchar(64) COLLATE utf8_bin NOT NULL DEFAULT '',
  `timevalue` timestamp NOT NULL DEFAULT current_timestamp(),
  `sqlquery` text COLLATE utf8_bin NOT NULL
) ENGINE=InnoDB DEFAULT CHARSET=utf8 COLLATE=utf8_bin COMMENT='SQL history for phpMyAdmin';

-- --------------------------------------------------------

--
-- Struktura tabeli dla tabeli `pma__navigationhiding`
--

CREATE TABLE `pma__navigationhiding` (
  `username` varchar(64) COLLATE utf8_bin NOT NULL,
  `item_name` varchar(64) COLLATE utf8_bin NOT NULL,
  `item_type` varchar(64) COLLATE utf8_bin NOT NULL,
  `db_name` varchar(64) COLLATE utf8_bin NOT NULL,
  `table_name` varchar(64) COLLATE utf8_bin NOT NULL
) ENGINE=InnoDB DEFAULT CHARSET=utf8 COLLATE=utf8_bin COMMENT='Hidden items of navigation tree';

-- --------------------------------------------------------

--
-- Struktura tabeli dla tabeli `pma__pdf_pages`
--

CREATE TABLE `pma__pdf_pages` (
  `db_name` varchar(64) COLLATE utf8_bin NOT NULL DEFAULT '',
  `page_nr` int(10) UNSIGNED NOT NULL,
  `page_descr` varchar(50) CHARACTER SET utf8 NOT NULL DEFAULT ''
) ENGINE=InnoDB DEFAULT CHARSET=utf8 COLLATE=utf8_bin COMMENT='PDF relation pages for phpMyAdmin';

-- --------------------------------------------------------

--
-- Struktura tabeli dla tabeli `pma__recent`
--

CREATE TABLE `pma__recent` (
  `username` varchar(64) COLLATE utf8_bin NOT NULL,
  `tables` text COLLATE utf8_bin NOT NULL
) ENGINE=InnoDB DEFAULT CHARSET=utf8 COLLATE=utf8_bin COMMENT='Recently accessed tables';

--
-- Zrzut danych tabeli `pma__recent`
--

INSERT INTO `pma__recent` (`username`, `tables`) VALUES
('root', '[{\"db\":\"szkola\",\"table\":\"uczen\"},{\"db\":\"szkola\",\"table\":\"klasa\"},{\"db\":\"szkola\",\"table\":\"wychowawca\"},{\"db\":\"mysql\",\"table\":\"tables_priv\"},{\"db\":\"ogloszenia\",\"table\":\"ogloszenie\"},{\"db\":\"ogloszenia\",\"table\":\"uzytkownik\"},{\"db\":\"egzamin\",\"table\":\"wynik\"},{\"db\":\"egzamin\",\"table\":\"bmi\"},{\"db\":\"egzamin\",\"table\":\"uslugi\"},{\"db\":\"egzamin\",\"table\":\"zdjecia\"}]');

-- --------------------------------------------------------

--
-- Struktura tabeli dla tabeli `pma__relation`
--

CREATE TABLE `pma__relation` (
  `master_db` varchar(64) COLLATE utf8_bin NOT NULL DEFAULT '',
  `master_table` varchar(64) COLLATE utf8_bin NOT NULL DEFAULT '',
  `master_field` varchar(64) COLLATE utf8_bin NOT NULL DEFAULT '',
  `foreign_db` varchar(64) COLLATE utf8_bin NOT NULL DEFAULT '',
  `foreign_table` varchar(64) COLLATE utf8_bin NOT NULL DEFAULT '',
  `foreign_field` varchar(64) COLLATE utf8_bin NOT NULL DEFAULT ''
) ENGINE=InnoDB DEFAULT CHARSET=utf8 COLLATE=utf8_bin COMMENT='Relation table';

-- --------------------------------------------------------

--
-- Struktura tabeli dla tabeli `pma__savedsearches`
--

CREATE TABLE `pma__savedsearches` (
  `id` int(5) UNSIGNED NOT NULL,
  `username` varchar(64) COLLATE utf8_bin NOT NULL DEFAULT '',
  `db_name` varchar(64) COLLATE utf8_bin NOT NULL DEFAULT '',
  `search_name` varchar(64) COLLATE utf8_bin NOT NULL DEFAULT '',
  `search_data` text COLLATE utf8_bin NOT NULL
) ENGINE=InnoDB DEFAULT CHARSET=utf8 COLLATE=utf8_bin COMMENT='Saved searches';

-- --------------------------------------------------------

--
-- Struktura tabeli dla tabeli `pma__table_coords`
--

CREATE TABLE `pma__table_coords` (
  `db_name` varchar(64) COLLATE utf8_bin NOT NULL DEFAULT '',
  `table_name` varchar(64) COLLATE utf8_bin NOT NULL DEFAULT '',
  `pdf_page_number` int(11) NOT NULL DEFAULT 0,
  `x` float UNSIGNED NOT NULL DEFAULT 0,
  `y` float UNSIGNED NOT NULL DEFAULT 0
) ENGINE=InnoDB DEFAULT CHARSET=utf8 COLLATE=utf8_bin COMMENT='Table coordinates for phpMyAdmin PDF output';

-- --------------------------------------------------------

--
-- Struktura tabeli dla tabeli `pma__table_info`
--

CREATE TABLE `pma__table_info` (
  `db_name` varchar(64) COLLATE utf8_bin NOT NULL DEFAULT '',
  `table_name` varchar(64) COLLATE utf8_bin NOT NULL DEFAULT '',
  `display_field` varchar(64) COLLATE utf8_bin NOT NULL DEFAULT ''
) ENGINE=InnoDB DEFAULT CHARSET=utf8 COLLATE=utf8_bin COMMENT='Table information for phpMyAdmin';

-- --------------------------------------------------------

--
-- Struktura tabeli dla tabeli `pma__table_uiprefs`
--

CREATE TABLE `pma__table_uiprefs` (
  `username` varchar(64) COLLATE utf8_bin NOT NULL,
  `db_name` varchar(64) COLLATE utf8_bin NOT NULL,
  `table_name` varchar(64) COLLATE utf8_bin NOT NULL,
  `prefs` text COLLATE utf8_bin NOT NULL,
  `last_update` timestamp NOT NULL DEFAULT current_timestamp() ON UPDATE current_timestamp()
) ENGINE=InnoDB DEFAULT CHARSET=utf8 COLLATE=utf8_bin COMMENT='Tables'' UI preferences';

-- --------------------------------------------------------

--
-- Struktura tabeli dla tabeli `pma__tracking`
--

CREATE TABLE `pma__tracking` (
  `db_name` varchar(64) COLLATE utf8_bin NOT NULL,
  `table_name` varchar(64) COLLATE utf8_bin NOT NULL,
  `version` int(10) UNSIGNED NOT NULL,
  `date_created` datetime NOT NULL,
  `date_updated` datetime NOT NULL,
  `schema_snapshot` text COLLATE utf8_bin NOT NULL,
  `schema_sql` text COLLATE utf8_bin DEFAULT NULL,
  `data_sql` longtext COLLATE utf8_bin DEFAULT NULL,
  `tracking` set('UPDATE','REPLACE','INSERT','DELETE','TRUNCATE','CREATE DATABASE','ALTER DATABASE','DROP DATABASE','CREATE TABLE','ALTER TABLE','RENAME TABLE','DROP TABLE','CREATE INDEX','DROP INDEX','CREATE VIEW','ALTER VIEW','DROP VIEW') COLLATE utf8_bin DEFAULT NULL,
  `tracking_active` int(1) UNSIGNED NOT NULL DEFAULT 1
) ENGINE=InnoDB DEFAULT CHARSET=utf8 COLLATE=utf8_bin COMMENT='Database changes tracking for phpMyAdmin';

-- --------------------------------------------------------

--
-- Struktura tabeli dla tabeli `pma__userconfig`
--

CREATE TABLE `pma__userconfig` (
  `username` varchar(64) COLLATE utf8_bin NOT NULL,
  `timevalue` timestamp NOT NULL DEFAULT current_timestamp() ON UPDATE current_timestamp(),
  `config_data` text COLLATE utf8_bin NOT NULL
) ENGINE=InnoDB DEFAULT CHARSET=utf8 COLLATE=utf8_bin COMMENT='User preferences storage for phpMyAdmin';

--
-- Zrzut danych tabeli `pma__userconfig`
--

INSERT INTO `pma__userconfig` (`username`, `timevalue`, `config_data`) VALUES
('root', '2021-05-27 10:31:31', '{\"Console\\/Mode\":\"show\",\"lang\":\"pl\",\"ThemeDefault\":\"pmahomme\"}');

-- --------------------------------------------------------

--
-- Struktura tabeli dla tabeli `pma__usergroups`
--

CREATE TABLE `pma__usergroups` (
  `usergroup` varchar(64) COLLATE utf8_bin NOT NULL,
  `tab` varchar(64) COLLATE utf8_bin NOT NULL,
  `allowed` enum('Y','N') COLLATE utf8_bin NOT NULL DEFAULT 'N'
) ENGINE=InnoDB DEFAULT CHARSET=utf8 COLLATE=utf8_bin COMMENT='User groups with configured menu items';

-- --------------------------------------------------------

--
-- Struktura tabeli dla tabeli `pma__users`
--

CREATE TABLE `pma__users` (
  `username` varchar(64) COLLATE utf8_bin NOT NULL,
  `usergroup` varchar(64) COLLATE utf8_bin NOT NULL
) ENGINE=InnoDB DEFAULT CHARSET=utf8 COLLATE=utf8_bin COMMENT='Users and their assignments to user groups';

--
-- Indeksy dla zrzutów tabel
--

--
-- Indeksy dla tabeli `pma__bookmark`
--
ALTER TABLE `pma__bookmark`
  ADD PRIMARY KEY (`id`);

--
-- Indeksy dla tabeli `pma__central_columns`
--
ALTER TABLE `pma__central_columns`
  ADD PRIMARY KEY (`db_name`,`col_name`);

--
-- Indeksy dla tabeli `pma__column_info`
--
ALTER TABLE `pma__column_info`
  ADD PRIMARY KEY (`id`),
  ADD UNIQUE KEY `db_name` (`db_name`,`table_name`,`column_name`);

--
-- Indeksy dla tabeli `pma__designer_settings`
--
ALTER TABLE `pma__designer_settings`
  ADD PRIMARY KEY (`username`);

--
-- Indeksy dla tabeli `pma__export_templates`
--
ALTER TABLE `pma__export_templates`
  ADD PRIMARY KEY (`id`),
  ADD UNIQUE KEY `u_user_type_template` (`username`,`export_type`,`template_name`);

--
-- Indeksy dla tabeli `pma__favorite`
--
ALTER TABLE `pma__favorite`
  ADD PRIMARY KEY (`username`);

--
-- Indeksy dla tabeli `pma__history`
--
ALTER TABLE `pma__history`
  ADD PRIMARY KEY (`id`),
  ADD KEY `username` (`username`,`db`,`table`,`timevalue`);

--
-- Indeksy dla tabeli `pma__navigationhiding`
--
ALTER TABLE `pma__navigationhiding`
  ADD PRIMARY KEY (`username`,`item_name`,`item_type`,`db_name`,`table_name`);

--
-- Indeksy dla tabeli `pma__pdf_pages`
--
ALTER TABLE `pma__pdf_pages`
  ADD PRIMARY KEY (`page_nr`),
  ADD KEY `db_name` (`db_name`);

--
-- Indeksy dla tabeli `pma__recent`
--
ALTER TABLE `pma__recent`
  ADD PRIMARY KEY (`username`);

--
-- Indeksy dla tabeli `pma__relation`
--
ALTER TABLE `pma__relation`
  ADD PRIMARY KEY (`master_db`,`master_table`,`master_field`),
  ADD KEY `foreign_field` (`foreign_db`,`foreign_table`);

--
-- Indeksy dla tabeli `pma__savedsearches`
--
ALTER TABLE `pma__savedsearches`
  ADD PRIMARY KEY (`id`),
  ADD UNIQUE KEY `u_savedsearches_username_dbname` (`username`,`db_name`,`search_name`);

--
-- Indeksy dla tabeli `pma__table_coords`
--
ALTER TABLE `pma__table_coords`
  ADD PRIMARY KEY (`db_name`,`table_name`,`pdf_page_number`);

--
-- Indeksy dla tabeli `pma__table_info`
--
ALTER TABLE `pma__table_info`
  ADD PRIMARY KEY (`db_name`,`table_name`);

--
-- Indeksy dla tabeli `pma__table_uiprefs`
--
ALTER TABLE `pma__table_uiprefs`
  ADD PRIMARY KEY (`username`,`db_name`,`table_name`);

--
-- Indeksy dla tabeli `pma__tracking`
--
ALTER TABLE `pma__tracking`
  ADD PRIMARY KEY (`db_name`,`table_name`,`version`);

--
-- Indeksy dla tabeli `pma__userconfig`
--
ALTER TABLE `pma__userconfig`
  ADD PRIMARY KEY (`username`);

--
-- Indeksy dla tabeli `pma__usergroups`
--
ALTER TABLE `pma__usergroups`
  ADD PRIMARY KEY (`usergroup`,`tab`,`allowed`);

--
-- Indeksy dla tabeli `pma__users`
--
ALTER TABLE `pma__users`
  ADD PRIMARY KEY (`username`,`usergroup`);

--
-- AUTO_INCREMENT dla zrzuconych tabel
--

--
-- AUTO_INCREMENT dla tabeli `pma__bookmark`
--
ALTER TABLE `pma__bookmark`
  MODIFY `id` int(10) UNSIGNED NOT NULL AUTO_INCREMENT;

--
-- AUTO_INCREMENT dla tabeli `pma__column_info`
--
ALTER TABLE `pma__column_info`
  MODIFY `id` int(5) UNSIGNED NOT NULL AUTO_INCREMENT;

--
-- AUTO_INCREMENT dla tabeli `pma__export_templates`
--
ALTER TABLE `pma__export_templates`
  MODIFY `id` int(5) UNSIGNED NOT NULL AUTO_INCREMENT;

--
-- AUTO_INCREMENT dla tabeli `pma__history`
--
ALTER TABLE `pma__history`
  MODIFY `id` bigint(20) UNSIGNED NOT NULL AUTO_INCREMENT;

--
-- AUTO_INCREMENT dla tabeli `pma__pdf_pages`
--
ALTER TABLE `pma__pdf_pages`
  MODIFY `page_nr` int(10) UNSIGNED NOT NULL AUTO_INCREMENT;

--
-- AUTO_INCREMENT dla tabeli `pma__savedsearches`
--
ALTER TABLE `pma__savedsearches`
  MODIFY `id` int(5) UNSIGNED NOT NULL AUTO_INCREMENT;
--
-- Baza danych: `shop`
--
CREATE DATABASE IF NOT EXISTS `shop` DEFAULT CHARACTER SET utf8mb4 COLLATE utf8mb4_general_ci;
USE `shop`;

-- --------------------------------------------------------

--
-- Struktura tabeli dla tabeli `archivedproduct`
--

CREATE TABLE `archivedproduct` (
  `Id` int(11) NOT NULL,
  `Name` varchar(50) NOT NULL,
  `Price` float(18,0) NOT NULL,
  `CategoryId` int(11) NOT NULL
) ENGINE=InnoDB DEFAULT CHARSET=utf8mb4;

--
-- Zrzut danych tabeli `archivedproduct`
--

INSERT INTO `archivedproduct` (`Id`, `Name`, `Price`, `CategoryId`) VALUES
(3, 'Keyboard', 300, 2),
(6, 'Monitor', 900, 2);

-- --------------------------------------------------------

--
-- Struktura tabeli dla tabeli `city`
--

CREATE TABLE `city` (
  `Id` int(11) NOT NULL,
  `Name` varchar(50) NOT NULL
) ENGINE=InnoDB DEFAULT CHARSET=utf8mb4;

--
-- Zrzut danych tabeli `city`
--

INSERT INTO `city` (`Id`, `Name`) VALUES
(1, 'New York'),
(2, 'Warsaw'),
(3, 'London'),
(4, 'Paris'),
(5, 'Venice');

-- --------------------------------------------------------

--
-- Struktura tabeli dla tabeli `company`
--

CREATE TABLE `company` (
  `Id` int(11) NOT NULL,
  `Name` varchar(50) NOT NULL,
  `Street` varchar(50) DEFAULT NULL,
  `Number` varchar(50) DEFAULT NULL,
  `PostCode` varchar(50) DEFAULT NULL,
  `CityId` int(11) DEFAULT NULL,
  `StartDate` date DEFAULT NULL,
  `EmployeeCount` int(11) DEFAULT NULL,
  `AnnualIncome` int(11) DEFAULT NULL,
  `Active` bit(1) NOT NULL
) ENGINE=InnoDB DEFAULT CHARSET=utf8;

--
-- Zrzut danych tabeli `company`
--

INSERT INTO `company` (`Id`, `Name`, `Street`, `Number`, `PostCode`, `CityId`, `StartDate`, `EmployeeCount`, `AnnualIncome`, `Active`) VALUES
(1, 'Casio', 'Akacjowa', '10', '54-621', 5, '1993-03-18', 1000, 145000, b'1'),
(2, 'Kawasaki', 'Brzozowa', '12/5', '69-586', 3, '2001-05-25', 570, 596000, b'1'),
(3, 'Prada', 'Holenderska', '18B', '59-100', 4, '1982-03-17', 1350, 120000, b'1'),
(4, 'Nokia', 'Trójkątna', '16/9', '68-487', 5, '2005-08-19', 800, 65000, b'1'),
(5, 'Tesco', 'Lipowa', '56', '36-895', 2, '2008-12-12', 450, 89000, b'1'),
(6, 'Shell', 'Niedźwiedzia', '12', '47-895', 3, '1999-10-30', 1100, 19000, b'1'),
(7, 'Pepsi', 'Hłaski', '84', '56-156', NULL, '2011-05-13', 790, 300000, b'1'),
(8, 'Lenovo Group', 'Grecka', '129', '69-895', 4, '2008-01-19', 900, 78000, b'0'),
(9, 'Kyocera', NULL, '15/85', '54-785', 2, '1999-01-24', 1500, 12000, b'1'),
(10, 'Motorola', 'Lotnicza', '12B/5', '78-695', 5, NULL, 2000, 36000, b'1'),
(11, 'Xerox', 'Topolowa', '13', '56-469', 1, '2004-09-09', 1700, 69000, b'1'),
(12, 'Phillips', 'Słowiańska', '54', '65-916', NULL, '2000-09-28', 850, 80000, b'1'),
(13, 'Red Hat', 'Brzozowa', '1', '54-608', 1, '1998-08-31', 290, 29000, b'1'),
(14, 'Skanska', 'Lotnicza', '17A/8', '63-896', 4, '2010-02-14', 670, 47000, b'0'),
(15, 'Vodafone', 'Rodziewiczówny', '26', '759-62', 3, NULL, 800, 19000, b'1'),
(16, 'Yamaha', 'Kolista', '53', '75-647', 3, '1980-07-14', 1350, 299000, b'1'),
(17, 'Twitter', 'Sosnowa', '18/6', '68-954', 5, '2013-01-15', 1900, 48000, b'1');

-- --------------------------------------------------------

--
-- Struktura tabeli dla tabeli `customer`
--

CREATE TABLE `customer` (
  `Id` int(11) NOT NULL,
  `Name` varchar(50) NOT NULL,
  `PhoneNumber` varchar(50) NOT NULL
) ENGINE=InnoDB DEFAULT CHARSET=utf8mb4;

-- --------------------------------------------------------

--
-- Struktura tabeli dla tabeli `department`
--

CREATE TABLE `department` (
  `Id` int(11) NOT NULL,
  `Name` varchar(50) NOT NULL,
  `ManagerId` int(11) DEFAULT NULL,
  `CityId` int(11) DEFAULT NULL
) ENGINE=InnoDB DEFAULT CHARSET=utf8mb4;

--
-- Zrzut danych tabeli `department`
--

INSERT INTO `department` (`Id`, `Name`, `ManagerId`, `CityId`) VALUES
(1, 'IT', 5, 2),
(2, 'Accounting', 4, NULL),
(3, 'HR', 8, 2),
(4, 'Marketing', 3, 1),
(5, 'Controlling', 11, 3),
(6, 'Data Warehouse', 5, 4);

-- --------------------------------------------------------

--
-- Struktura tabeli dla tabeli `employee`
--

CREATE TABLE `employee` (
  `Id` int(11) NOT NULL,
  `FirstName` varchar(50) NOT NULL,
  `SecondName` varchar(50) DEFAULT NULL,
  `LastName` varchar(50) DEFAULT NULL,
  `Gender` char(1) DEFAULT NULL,
  `BirthDate` date DEFAULT NULL,
  `Salary` decimal(6,2) DEFAULT NULL,
  `DepartmentId` int(11) DEFAULT NULL,
  `HireDate` date DEFAULT NULL,
  `RelieveDate` date DEFAULT NULL,
  `Active` bit(1) DEFAULT NULL
) ENGINE=InnoDB DEFAULT CHARSET=utf8mb4;

--
-- Zrzut danych tabeli `employee`
--

INSERT INTO `employee` (`Id`, `FirstName`, `SecondName`, `LastName`, `Gender`, `BirthDate`, `Salary`, `DepartmentId`, `HireDate`, `RelieveDate`, `Active`) VALUES
(1, 'Mary', NULL, 'Smith', 'W', '1985-12-18', '2000.00', 1, '2011-05-06', NULL, b'1'),
(2, 'Paul', 'George', 'Johnson', 'M', '1990-01-13', '1500.00', 3, '2011-10-29', NULL, b'1'),
(3, 'Patricia', NULL, 'Wilson', 'W', '1995-05-28', '1000.00', 4, '2012-01-24', '2013-11-25', b'0'),
(4, 'Linda', 'Lisa', 'Brown', 'W', '1983-07-11', '2700.00', 2, '2012-06-15', NULL, b'1'),
(5, 'Johnata', NULL, 'Davis', 'M', '1978-01-24', '1200.00', 1, '2013-01-15', NULL, b'1'),
(6, 'John', NULL, 'Miller', NULL, '1993-10-20', '2000.00', 4, '2013-03-27', '2014-10-06', b'0'),
(7, 'Elizabeth', 'Dorothy', 'Taylor', 'W', '1992-09-09', '2110.00', 1, '2013-05-01', NULL, b'1'),
(8, 'James', NULL, 'Wilson', 'M', '1978-03-19', '1000.00', 3, '2013-10-09', '2014-03-01', b'1'),
(9, 'Robert', NULL, 'Anderson', 'M', '1989-12-13', '2900.00', 2, '2013-12-20', '2014-05-05', b'0'),
(10, 'John', 'Mark', 'Smith', 'W', '1990-05-24', '2500.00', 1, '2014-01-24', NULL, b'1');

-- --------------------------------------------------------

--
-- Struktura tabeli dla tabeli `formeremployee`
--

CREATE TABLE `formeremployee` (
  `Id` int(11) NOT NULL,
  `FirstName` varchar(50) NOT NULL,
  `SecondName` varchar(50) DEFAULT NULL,
  `LastName` varchar(50) DEFAULT NULL,
  `Gender` char(1) DEFAULT NULL,
  `BirthDate` date DEFAULT NULL,
  `Salary` decimal(6,2) DEFAULT NULL,
  `DepartmentId` int(11) DEFAULT NULL,
  `HireDate` date DEFAULT NULL,
  `RelieveDate` date DEFAULT NULL
) ENGINE=InnoDB DEFAULT CHARSET=utf8mb4;

--
-- Zrzut danych tabeli `formeremployee`
--

INSERT INTO `formeremployee` (`Id`, `FirstName`, `SecondName`, `LastName`, `Gender`, `BirthDate`, `Salary`, `DepartmentId`, `HireDate`, `RelieveDate`) VALUES
(6, 'John', NULL, 'Miller', 'W', '1993-10-20', '2000.00', 4, '2013-03-27', '2014-10-06'),
(11, 'Ann', NULL, 'Pritchett', 'M', '1980-05-21', '2400.00', 6, '2014-01-05', '2015-02-01');

-- --------------------------------------------------------

--
-- Struktura tabeli dla tabeli `orderdetails`
--

CREATE TABLE `orderdetails` (
  `Id` int(11) NOT NULL,
  `OrderId` int(11) NOT NULL,
  `ProductId` int(11) NOT NULL,
  `Quantity` int(11) NOT NULL,
  `UnitCost` decimal(18,0) NOT NULL
) ENGINE=InnoDB DEFAULT CHARSET=utf8mb4;

--
-- Zrzut danych tabeli `orderdetails`
--

INSERT INTO `orderdetails` (`Id`, `OrderId`, `ProductId`, `Quantity`, `UnitCost`) VALUES
(2, 1, 2, 1, '55'),
(3, 2, 2, 1, '55'),
(4, 2, 4, 2, '99'),
(5, 2, 5, 1, '415'),
(6, 3, 1, 2, '1900'),
(7, 3, 2, 2, '45'),
(8, 5, 2, 20, '40');

-- --------------------------------------------------------

--
-- Struktura tabeli dla tabeli `orders`
--

CREATE TABLE `orders` (
  `Id` int(11) NOT NULL,
  `OrderNumber` varchar(50) NOT NULL,
  `OrderDate` datetime NOT NULL,
  `OrderTotal` float(18,0) NOT NULL,
  `EmployeeId` int(11) NOT NULL
) ENGINE=InnoDB DEFAULT CHARSET=utf8mb4;

--
-- Zrzut danych tabeli `orders`
--

INSERT INTO `orders` (`Id`, `OrderNumber`, `OrderDate`, `OrderTotal`, `EmployeeId`) VALUES
(1, 'Z/13/2014', '2014-01-14 00:00:00', 55, 3),
(2, 'Z/25/2015', '2015-02-21 00:00:00', 668, 5),
(3, 'Z/30/2015', '2015-06-29 00:00:00', 2890, 1),
(5, 'Z/45/2015', '2015-07-24 00:00:00', 800, 3),
(6, 'Z/50/2015', '2015-08-02 00:00:00', 2700, 4);

-- --------------------------------------------------------

--
-- Struktura tabeli dla tabeli `product`
--

CREATE TABLE `product` (
  `Id` int(11) NOT NULL,
  `Name` varchar(50) NOT NULL,
  `Price` float(18,0) NOT NULL,
  `CategoryId` int(11) NOT NULL
) ENGINE=InnoDB DEFAULT CHARSET=utf8mb4;

--
-- Zrzut danych tabeli `product`
--

INSERT INTO `product` (`Id`, `Name`, `Price`, `CategoryId`) VALUES
(1, 'Laptop', 2000, 1),
(2, 'Mouse', 50, 2),
(3, 'Keyboard', 300, 2),
(4, 'Flash drive', 100, 3),
(5, 'Hard drive', 400, 3);

-- --------------------------------------------------------

--
-- Struktura tabeli dla tabeli `productcategory`
--

CREATE TABLE `productcategory` (
  `Id` int(11) NOT NULL,
  `Name` varchar(50) NOT NULL
) ENGINE=InnoDB DEFAULT CHARSET=utf8mb4;

--
-- Zrzut danych tabeli `productcategory`
--

INSERT INTO `productcategory` (`Id`, `Name`) VALUES
(1, 'Computer'),
(2, 'Accessory'),
(3, 'Drive'),
(4, 'Printer');

--
-- Indeksy dla zrzutów tabel
--

--
-- Indeksy dla tabeli `archivedproduct`
--
ALTER TABLE `archivedproduct`
  ADD PRIMARY KEY (`Id`);

--
-- Indeksy dla tabeli `city`
--
ALTER TABLE `city`
  ADD PRIMARY KEY (`Id`);

--
-- Indeksy dla tabeli `company`
--
ALTER TABLE `company`
  ADD PRIMARY KEY (`Id`);

--
-- Indeksy dla tabeli `customer`
--
ALTER TABLE `customer`
  ADD PRIMARY KEY (`Id`);

--
-- Indeksy dla tabeli `department`
--
ALTER TABLE `department`
  ADD PRIMARY KEY (`Id`);

--
-- Indeksy dla tabeli `employee`
--
ALTER TABLE `employee`
  ADD PRIMARY KEY (`Id`);

--
-- Indeksy dla tabeli `formeremployee`
--
ALTER TABLE `formeremployee`
  ADD PRIMARY KEY (`Id`);

--
-- Indeksy dla tabeli `orderdetails`
--
ALTER TABLE `orderdetails`
  ADD PRIMARY KEY (`Id`);

--
-- Indeksy dla tabeli `orders`
--
ALTER TABLE `orders`
  ADD PRIMARY KEY (`Id`);

--
-- Indeksy dla tabeli `product`
--
ALTER TABLE `product`
  ADD PRIMARY KEY (`Id`);

--
-- Indeksy dla tabeli `productcategory`
--
ALTER TABLE `productcategory`
  ADD PRIMARY KEY (`Id`);

--
-- AUTO_INCREMENT dla zrzuconych tabel
--

--
-- AUTO_INCREMENT dla tabeli `city`
--
ALTER TABLE `city`
  MODIFY `Id` int(11) NOT NULL AUTO_INCREMENT, AUTO_INCREMENT=6;

--
-- AUTO_INCREMENT dla tabeli `company`
--
ALTER TABLE `company`
  MODIFY `Id` int(11) NOT NULL AUTO_INCREMENT, AUTO_INCREMENT=18;

--
-- AUTO_INCREMENT dla tabeli `customer`
--
ALTER TABLE `customer`
  MODIFY `Id` int(11) NOT NULL AUTO_INCREMENT;

--
-- AUTO_INCREMENT dla tabeli `department`
--
ALTER TABLE `department`
  MODIFY `Id` int(11) NOT NULL AUTO_INCREMENT, AUTO_INCREMENT=7;

--
-- AUTO_INCREMENT dla tabeli `employee`
--
ALTER TABLE `employee`
  MODIFY `Id` int(11) NOT NULL AUTO_INCREMENT, AUTO_INCREMENT=11;
--
-- Baza danych: `sklep`
--
CREATE DATABASE IF NOT EXISTS `sklep` DEFAULT CHARACTER SET utf8 COLLATE utf8_polish_ci;
USE `sklep`;

-- --------------------------------------------------------

--
-- Struktura tabeli dla tabeli `dania`
--

CREATE TABLE `dania` (
  `id` int(10) UNSIGNED NOT NULL,
  `typ` int(10) UNSIGNED DEFAULT NULL,
  `nazwa` text DEFAULT NULL,
  `cena` int(10) UNSIGNED DEFAULT NULL
) ENGINE=InnoDB DEFAULT CHARSET=latin1;

--
-- Zrzut danych tabeli `dania`
--

INSERT INTO `dania` (`id`, `typ`, `nazwa`, `cena`) VALUES
(1, 1, 'Gazpacho', 20),
(2, 1, 'Krem z warzyw', 25),
(3, 1, 'Gulaszowa ostra', 30),
(4, 2, 'Kaczka i owoc', 30),
(5, 2, 'Kurczak pieczony', 40),
(6, 2, 'wieprzowy przysmak', 35),
(7, 2, 'Mintaj w panierce', 30),
(8, 2, 'Alle kotlet', 30),
(9, 3, 'Owoce morza', 20),
(10, 3, 'Grzybki, warzywka, sos', 15),
(11, 3, 'Orzechy i chipsy', 10),
(12, 3, 'Tatar i jajo', 15),
(13, 3, 'Bukiet warzyw', 10),
(14, 4, 'Sok porzeczkowy', 3),
(15, 4, 'Cola', 3),
(16, 4, 'Woda', 2);

-- --------------------------------------------------------

--
-- Struktura tabeli dla tabeli `ogloszenie`
--

CREATE TABLE `ogloszenie` (
  `id` int(10) UNSIGNED NOT NULL,
  `uzytkownik_id` int(10) UNSIGNED NOT NULL,
  `kategoria` int(10) UNSIGNED DEFAULT NULL,
  `podkategoria` int(10) UNSIGNED DEFAULT NULL,
  `tytul` text DEFAULT NULL,
  `tresc` text DEFAULT NULL
) ENGINE=InnoDB DEFAULT CHARSET=latin1;

--
-- Zrzut danych tabeli `ogloszenie`
--

INSERT INTO `ogloszenie` (`id`, `uzytkownik_id`, `kategoria`, `podkategoria`, `tytul`, `tresc`) VALUES
(1, 1, 1, 12, 'Daniel Craig. Biografia', 'Biografia Daniela Craiga, niedrogo sprzedam'),
(2, 1, 1, 13, 'Selekcja', 'Sprzedam: \"Selekcja\" J. Kellermana, niezniszczona'),
(3, 2, 1, 13, 'Buick', 'Sprzedam horror Stephena Kinga w dobrym stanie'),
(4, 2, 1, 14, 'Tytus, Romek i Atomek', 'Ks. IV do sprzedania, stan dobry'),
(5, 2, 2, 0, 'Imagine Dragons', 'Sprzedam dwa CD Imagine Dragons');

-- --------------------------------------------------------

--
-- Struktura tabeli dla tabeli `podzespoly`
--

CREATE TABLE `podzespoly` (
  `id` int(10) UNSIGNED NOT NULL,
  `typy_id` int(10) UNSIGNED NOT NULL,
  `producenci_id` int(10) UNSIGNED NOT NULL,
  `nazwa` text DEFAULT NULL,
  `opis` text DEFAULT NULL,
  `dostepnosc` tinyint(1) DEFAULT NULL,
  `cena` float NOT NULL
) ENGINE=InnoDB DEFAULT CHARSET=latin1;

--
-- Zrzut danych tabeli `podzespoly`
--

INSERT INTO `podzespoly` (`id`, `typy_id`, `producenci_id`, `nazwa`, `opis`, `dostepnosc`, `cena`) VALUES
(1, 1, 1, 'Core i5-7640X', 'Procesor Intel Core i5-7640X 4,2 GHz LGA 2066 Box', 1, 1000),
(2, 1, 1, 'Core i3-6300', 'Procesor Intel Core i3-6300 3,8 GHz 4MB cache s. 1151 Box', 1, 575),
(3, 1, 1, 'Core i7-6700K', 'Procesor Intel Core i7-6700K 4,0 GHz 8MB cache s. 1151 Box', 0, 1400),
(4, 1, 2, 'X6 FX-6350', 'Procesor AMD X6 FX-6350 s.AM3+ BOX', 1, 380),
(5, 2, 7, 'Savage', 'RAM HyperX 16GB (2x8GB) DDR3-1866 Dual Chanel Kit Non-ECC CL9 XMP Savage Series HX318C9SRK2/16', 1, 535),
(6, 2, 7, 'Savage', 'HyperX 4GB DDR3-1600 Non-ECC CL9 XMP Savage Series HX316C9SR/4', 0, 150),
(7, 2, 8, 'Signature', 'RAM Patriot Signature DDR3 8GB (2x4GB) 1600 CL9 PSD38G1600KH', 0, 250),
(8, 5, 9, 'GTX 1060', 'Karta graficzna Asus DUAL NVIDIA GeForce GTX 1060 3072MB GDDR5 192b PCI-E x16 v. 3.0 (1594MHz/8008MHz) OC Edition', 1, 1189),
(9, 5, 9, 'GeForce 210', 'Karta graficzna ASUS GeForce 210 1024MB 64bit PCI-E', 0, 145),
(10, 6, 6, 'WD Black', 'Dysk WD Black WD1003FZEX 1TB sATA III 64MB', 0, 315),
(11, 6, 6, 'WD Blue', 'Dysk WD Blue WD10EZEX 1TB sATA III 64MB', 1, 195),
(12, 6, 5, 'AHD650-1TU3-CBK', 'Dysk USB ADATA AHD650-1TU3-CBK 1TB 2.5\' HD650 USB 3.0 Czarny', 1, 210);

-- --------------------------------------------------------

--
-- Struktura tabeli dla tabeli `pracownicy`
--

CREATE TABLE `pracownicy` (
  `id` int(10) UNSIGNED NOT NULL,
  `imie` text DEFAULT NULL,
  `nazwisko` text DEFAULT NULL,
  `stanowisko` int(11) NOT NULL
) ENGINE=InnoDB DEFAULT CHARSET=latin1;

--
-- Zrzut danych tabeli `pracownicy`
--

INSERT INTO `pracownicy` (`id`, `imie`, `nazwisko`, `stanowisko`) VALUES
(1, 'Anna', 'Kowalska', 1),
(2, 'Monika', 'Nowak', 2),
(3, 'Ewelina', 'Nowakowska', 2),
(4, 'Anna', 'Przybylska', 3),
(5, 'Maria', 'Kowal', 3),
(6, 'Ewa', 'Nowacka', 4);

-- --------------------------------------------------------

--
-- Struktura tabeli dla tabeli `producenci`
--

CREATE TABLE `producenci` (
  `id` int(10) UNSIGNED NOT NULL,
  `nazwa` text DEFAULT NULL,
  `opis` text DEFAULT NULL
) ENGINE=InnoDB DEFAULT CHARSET=latin1;

--
-- Zrzut danych tabeli `producenci`
--

INSERT INTO `producenci` (`id`, `nazwa`, `opis`) VALUES
(1, 'Intel', NULL),
(2, 'AMD', NULL),
(5, 'ADATA', NULL),
(6, 'WD', NULL),
(7, 'Kingstone', NULL),
(8, 'Patriot', NULL),
(9, 'ASUS', NULL);

-- --------------------------------------------------------

--
-- Struktura tabeli dla tabeli `samochody`
--

CREATE TABLE `samochody` (
  `id` int(10) UNSIGNED NOT NULL,
  `marka` text DEFAULT NULL,
  `model` text DEFAULT NULL,
  `rocznik` year(4) DEFAULT NULL,
  `kolor` text DEFAULT NULL,
  `stan` text DEFAULT NULL
) ENGINE=InnoDB DEFAULT CHARSET=latin1;

--
-- Zrzut danych tabeli `samochody`
--

INSERT INTO `samochody` (`id`, `marka`, `model`, `rocznik`, `kolor`, `stan`) VALUES
(1, 'Fiat', 'Punto', 2016, 'czerwony', 'bardzo dobry'),
(2, 'Fiat', 'Punto', 2002, 'czerwony', 'dobry'),
(3, 'Fiat', 'Punto', 2007, 'niebieski', 'bardzo bobry'),
(4, 'Opel', 'Corsa', 2016, 'grafitowy', 'bardzo dobry'),
(5, 'Opel', 'Astra', 2003, 'niebieski', 'porysowany lakier'),
(6, 'Toyota', 'Corolla', 2016, 'czerwony', 'bardzo dobry'),
(7, 'Toyota', 'Corolla', 2014, 'szary', 'dobry'),
(8, 'Toyota', 'Yaris', 2004, 'granatowy', 'dobry');

-- --------------------------------------------------------

--
-- Struktura tabeli dla tabeli `typy`
--

CREATE TABLE `typy` (
  `id` int(10) UNSIGNED NOT NULL,
  `kategoria` text DEFAULT NULL,
  `opis` text DEFAULT NULL
) ENGINE=InnoDB DEFAULT CHARSET=latin1;

--
-- Zrzut danych tabeli `typy`
--

INSERT INTO `typy` (`id`, `kategoria`, `opis`) VALUES
(1, 'Procesor', NULL),
(2, 'RAM', NULL),
(5, 'karta graficzna', NULL),
(6, 'HDD', NULL);

-- --------------------------------------------------------

--
-- Struktura tabeli dla tabeli `uczniowie`
--

CREATE TABLE `uczniowie` (
  `imie` text DEFAULT NULL,
  `nazwisko` text DEFAULT NULL,
  `wiek` int(11) DEFAULT NULL
) ENGINE=InnoDB DEFAULT CHARSET=latin1;

--
-- Zrzut danych tabeli `uczniowie`
--

INSERT INTO `uczniowie` (`imie`, `nazwisko`, `wiek`) VALUES
('Kamil', 'Ryba', 11),
('Karolina', 'Witecka', 8),
('Karol', 'Rybacki', 9),
('Marina', 'Damiencka', 9);

-- --------------------------------------------------------

--
-- Struktura tabeli dla tabeli `uzytkownik`
--

CREATE TABLE `uzytkownik` (
  `id` int(10) UNSIGNED NOT NULL,
  `imie` text DEFAULT NULL,
  `nazwisko` text DEFAULT NULL,
  `telefon` text DEFAULT NULL,
  `email` text DEFAULT NULL
) ENGINE=InnoDB DEFAULT CHARSET=latin1;

--
-- Zrzut danych tabeli `uzytkownik`
--

INSERT INTO `uzytkownik` (`id`, `imie`, `nazwisko`, `telefon`, `email`) VALUES
(1, 'Anna', 'Kowalska', '601601601', 'anna@poczta.pl'),
(2, 'Jan', 'Nowak', '608608608', 'jan@poczta.pl'),
(3, 'Jolanta', 'Jasny', '606606606', 'jolanta@poczta.pl'),
(4, 'qqq', 'www', '345', 'dsfsdklfs@daskl');

-- --------------------------------------------------------

--
-- Struktura tabeli dla tabeli `wyniki`
--

CREATE TABLE `wyniki` (
  `id` int(10) UNSIGNED NOT NULL,
  `dyscyplina_id` int(10) UNSIGNED NOT NULL,
  `sportowiec_id` int(10) UNSIGNED NOT NULL,
  `wynik` decimal(5,2) DEFAULT NULL,
  `dataUstanowienia` date DEFAULT NULL
) ENGINE=InnoDB DEFAULT CHARSET=latin1;

--
-- Zrzut danych tabeli `wyniki`
--

INSERT INTO `wyniki` (`id`, `dyscyplina_id`, `sportowiec_id`, `wynik`, `dataUstanowienia`) VALUES
(1, 1, 1, '12.40', '2015-10-14'),
(2, 1, 1, '12.00', '2015-10-06'),
(3, 1, 2, '11.80', '2015-10-14'),
(4, 1, 2, '11.90', '2015-10-06'),
(5, 1, 3, '11.50', '2015-10-14'),
(6, 1, 3, '11.56', '2015-10-06'),
(7, 1, 4, '11.70', '2015-10-14'),
(8, 1, 4, '11.67', '2015-10-06'),
(9, 1, 5, '11.30', '2015-10-14'),
(10, 1, 5, '11.52', '2015-10-06'),
(11, 1, 6, '12.10', '2015-10-14'),
(12, 1, 6, '12.00', '2015-10-06'),
(13, 3, 1, '63.00', '2015-11-11'),
(14, 3, 1, '63.60', '2015-10-13'),
(15, 3, 2, '64.00', '2015-11-11'),
(16, 3, 2, '63.60', '2015-10-13'),
(17, 3, 3, '60.00', '2015-11-11'),
(18, 3, 3, '61.60', '2015-10-13'),
(19, 3, 4, '63.50', '2015-11-11'),
(20, 3, 4, '63.60', '2015-10-13'),
(21, 3, 5, '70.00', '2015-10-07'),
(22, 3, 6, '68.00', '2015-10-07');

-- --------------------------------------------------------

--
-- Struktura tabeli dla tabeli `zamowienia`
--

CREATE TABLE `zamowienia` (
  `id` int(10) UNSIGNED NOT NULL,
  `Samochody_id` int(10) UNSIGNED NOT NULL,
  `Klient` text DEFAULT NULL,
  `telefon` text DEFAULT NULL,
  `dataZam` date DEFAULT NULL
) ENGINE=InnoDB DEFAULT CHARSET=latin1;

--
-- Zrzut danych tabeli `zamowienia`
--

INSERT INTO `zamowienia` (`id`, `Samochody_id`, `Klient`, `telefon`, `dataZam`) VALUES
(1, 3, 'Anna Kowalska', '111222333', '2016-02-15'),
(2, 6, 'Jan Nowakowski', '222111333', '2016-02-15'),
(3, 8, 'Marcin Kolwal', '333111222', '2016-02-15');

--
-- Indeksy dla zrzutów tabel
--

--
-- Indeksy dla tabeli `dania`
--
ALTER TABLE `dania`
  ADD PRIMARY KEY (`id`);

--
-- Indeksy dla tabeli `ogloszenie`
--
ALTER TABLE `ogloszenie`
  ADD PRIMARY KEY (`id`);

--
-- Indeksy dla tabeli `podzespoly`
--
ALTER TABLE `podzespoly`
  ADD PRIMARY KEY (`id`);

--
-- Indeksy dla tabeli `pracownicy`
--
ALTER TABLE `pracownicy`
  ADD PRIMARY KEY (`id`);

--
-- Indeksy dla tabeli `producenci`
--
ALTER TABLE `producenci`
  ADD PRIMARY KEY (`id`);

--
-- Indeksy dla tabeli `samochody`
--
ALTER TABLE `samochody`
  ADD PRIMARY KEY (`id`);

--
-- Indeksy dla tabeli `typy`
--
ALTER TABLE `typy`
  ADD PRIMARY KEY (`id`);

--
-- Indeksy dla tabeli `uzytkownik`
--
ALTER TABLE `uzytkownik`
  ADD PRIMARY KEY (`id`);

--
-- Indeksy dla tabeli `wyniki`
--
ALTER TABLE `wyniki`
  ADD PRIMARY KEY (`id`);

--
-- Indeksy dla tabeli `zamowienia`
--
ALTER TABLE `zamowienia`
  ADD PRIMARY KEY (`id`);

--
-- AUTO_INCREMENT dla zrzuconych tabel
--

--
-- AUTO_INCREMENT dla tabeli `dania`
--
ALTER TABLE `dania`
  MODIFY `id` int(10) UNSIGNED NOT NULL AUTO_INCREMENT, AUTO_INCREMENT=17;

--
-- AUTO_INCREMENT dla tabeli `ogloszenie`
--
ALTER TABLE `ogloszenie`
  MODIFY `id` int(10) UNSIGNED NOT NULL AUTO_INCREMENT, AUTO_INCREMENT=6;

--
-- AUTO_INCREMENT dla tabeli `podzespoly`
--
ALTER TABLE `podzespoly`
  MODIFY `id` int(10) UNSIGNED NOT NULL AUTO_INCREMENT, AUTO_INCREMENT=13;

--
-- AUTO_INCREMENT dla tabeli `pracownicy`
--
ALTER TABLE `pracownicy`
  MODIFY `id` int(10) UNSIGNED NOT NULL AUTO_INCREMENT, AUTO_INCREMENT=9;

--
-- AUTO_INCREMENT dla tabeli `producenci`
--
ALTER TABLE `producenci`
  MODIFY `id` int(10) UNSIGNED NOT NULL AUTO_INCREMENT, AUTO_INCREMENT=10;

--
-- AUTO_INCREMENT dla tabeli `samochody`
--
ALTER TABLE `samochody`
  MODIFY `id` int(10) UNSIGNED NOT NULL AUTO_INCREMENT, AUTO_INCREMENT=9;

--
-- AUTO_INCREMENT dla tabeli `typy`
--
ALTER TABLE `typy`
  MODIFY `id` int(10) UNSIGNED NOT NULL AUTO_INCREMENT, AUTO_INCREMENT=7;

--
-- AUTO_INCREMENT dla tabeli `uzytkownik`
--
ALTER TABLE `uzytkownik`
  MODIFY `id` int(10) UNSIGNED NOT NULL AUTO_INCREMENT, AUTO_INCREMENT=5;

--
-- AUTO_INCREMENT dla tabeli `wyniki`
--
ALTER TABLE `wyniki`
  MODIFY `id` int(10) UNSIGNED NOT NULL AUTO_INCREMENT, AUTO_INCREMENT=23;

--
-- AUTO_INCREMENT dla tabeli `zamowienia`
--
ALTER TABLE `zamowienia`
  MODIFY `id` int(10) UNSIGNED NOT NULL AUTO_INCREMENT, AUTO_INCREMENT=4;
--
-- Baza danych: `szkola`
--
CREATE DATABASE IF NOT EXISTS `szkola` DEFAULT CHARACTER SET utf8 COLLATE utf8_polish_ci;
USE `szkola`;

-- --------------------------------------------------------

--
-- Struktura tabeli dla tabeli `klasa`
--

CREATE TABLE `klasa` (
  `id` int(11) NOT NULL DEFAULT 0,
  `nazwa` varchar(2) CHARACTER SET utf8 NOT NULL
) ENGINE=InnoDB DEFAULT CHARSET=latin1;

--
-- Zrzut danych tabeli `klasa`
--

INSERT INTO `klasa` (`id`, `nazwa`) VALUES
(1, '1a'),
(2, '1b'),
(3, '2a'),
(4, '2b');

-- --------------------------------------------------------

--
-- Struktura tabeli dla tabeli `uczen`
--

CREATE TABLE `uczen` (
  `id` int(2) NOT NULL DEFAULT 0,
  `nazwisko` varchar(11) DEFAULT NULL,
  `imie` varchar(11) DEFAULT NULL,
  `id_klasy` int(11) NOT NULL
) ENGINE=InnoDB DEFAULT CHARSET=utf8;

--
-- Zrzut danych tabeli `uczen`
--

INSERT INTO `uczen` (`id`, `nazwisko`, `imie`, `id_klasy`) VALUES
(1, 'Kluska', 'Zenon', 1),
(2, 'Zawada', 'Zbigniew', 1),
(3, 'Cap', 'Antoni', 2),
(4, 'Kowalski', 'Sebastian', 3),
(5, 'Dawid', 'Andrzej', 2),
(6, 'Kaczmarek', 'Marta', 4),
(7, 'Kowalski', 'Jan', 4),
(8, 'Polak', 'Maria', 2),
(9, 'Michalak', 'Paweł', 3),
(10, 'Góral', 'Łukasz', 4),
(11, 'Nowak', 'Jan', 4),
(12, 'Kowalski', 'Łukasz', 1),
(13, 'Markiewicz', 'Damian', 3),
(14, 'Baryła', 'Zenon', 2),
(15, 'Gota', 'Anna', 4),
(16, 'Małek', 'Justyna', 1),
(17, 'Rysik', 'Magda', 3),
(18, 'Szary', 'Tomasz', 1),
(19, 'Bury', 'Łukasz', 3),
(20, 'Rudy', 'Wojciech', 2),
(21, 'Kowalska', 'Janina', 2),
(22, 'Nowak', 'Jan', 1),
(23, 'Kowalik', 'Stanisława', 3),
(24, 'Nowakowski', 'Grzegorz', 1),
(25, 'Kwiatkowska', 'Jolanta', 2),
(26, 'Konarski', 'Krzysztof', 3),
(27, 'Wiktoria', 'Jasny', 1);

-- --------------------------------------------------------

--
-- Struktura tabeli dla tabeli `wychowawca`
--

CREATE TABLE `wychowawca` (
  `id` int(11) NOT NULL DEFAULT 0,
  `imie` varchar(20) CHARACTER SET utf8 NOT NULL,
  `nazwisko` varchar(30) CHARACTER SET utf8 NOT NULL,
  `id_klasy` int(11) NOT NULL
) ENGINE=InnoDB DEFAULT CHARSET=latin1;

--
-- Zrzut danych tabeli `wychowawca`
--

INSERT INTO `wychowawca` (`id`, `imie`, `nazwisko`, `id_klasy`) VALUES
(1, 'Jan', 'Bogucki', 1),
(2, 'Michał', 'Więcek', 2),
(3, 'Bożena', 'Michalska', 3),
(4, 'Krystyna', 'Piętkiewicz', 4);

--
-- Indeksy dla zrzutów tabel
--

--
-- Indeksy dla tabeli `klasa`
--
ALTER TABLE `klasa`
  ADD PRIMARY KEY (`id`);

--
-- Indeksy dla tabeli `uczen`
--
ALTER TABLE `uczen`
  ADD PRIMARY KEY (`id`);

--
-- Indeksy dla tabeli `wychowawca`
--
ALTER TABLE `wychowawca`
  ADD PRIMARY KEY (`id`);
--
-- Baza danych: `test`
--
CREATE DATABASE IF NOT EXISTS `test` DEFAULT CHARACTER SET latin1 COLLATE latin1_swedish_ci;
USE `test`;
--
-- Baza danych: `wedkarstwo`
--
CREATE DATABASE IF NOT EXISTS `wedkarstwo` DEFAULT CHARACTER SET utf8 COLLATE utf8_polish_ci;
USE `wedkarstwo`;

-- --------------------------------------------------------

--
-- Struktura tabeli dla tabeli `karty_wedkarskie`
--

CREATE TABLE `karty_wedkarskie` (
  `id` int(10) UNSIGNED NOT NULL,
  `imie` text DEFAULT NULL,
  `nazwisko` text DEFAULT NULL,
  `adres` text DEFAULT NULL,
  `data_zezwolenia` date DEFAULT NULL,
  `punkty` int(10) UNSIGNED DEFAULT NULL
) ENGINE=InnoDB DEFAULT CHARSET=latin1;

--
-- Zrzut danych tabeli `karty_wedkarskie`
--

INSERT INTO `karty_wedkarskie` (`id`, `imie`, `nazwisko`, `adres`, `data_zezwolenia`, `punkty`) VALUES
(1, 'Jan', 'Kowalski', 'Warszawa, Aleje Jerozolimskie 65/4', '2018-02-15', 23),
(2, 'Andrzej', 'Nowak', 'Poznan, Dabowskiego 16/4', '2018-03-12', 10);

-- --------------------------------------------------------

--
-- Struktura tabeli dla tabeli `lowisko`
--

CREATE TABLE `lowisko` (
  `id` int(10) UNSIGNED NOT NULL,
  `Ryby_id` int(10) UNSIGNED NOT NULL,
  `akwen` text DEFAULT NULL,
  `wojewodztwo` text DEFAULT NULL,
  `rodzaj` int(10) UNSIGNED DEFAULT NULL
) ENGINE=InnoDB DEFAULT CHARSET=latin1;

--
-- Zrzut danych tabeli `lowisko`
--

INSERT INTO `lowisko` (`id`, `Ryby_id`, `akwen`, `wojewodztwo`, `rodzaj`) VALUES
(1, 2, 'Zalew Wegrowski', 'Mazowieckie', 4),
(2, 3, 'Zbiornik Bukowka', 'Dolnoslaskie', 2),
(3, 2, 'Jeziorko Bartbetowskie', 'Warminsko-Mazurskie', 2),
(4, 1, 'Warta-Obrzycko', 'Wielkopolskie', 3),
(5, 2, 'Stawy Milkow', 'Podkarpackie', 5),
(6, 7, 'Przemsza k. Okradzinowa', 'Slaskie', 3);

-- --------------------------------------------------------

--
-- Struktura tabeli dla tabeli `okres_ochronny`
--

CREATE TABLE `okres_ochronny` (
  `id` int(10) UNSIGNED NOT NULL,
  `Ryby_id` int(10) UNSIGNED NOT NULL,
  `od_miesiaca` int(10) UNSIGNED DEFAULT NULL,
  `do_miesiaca` int(10) UNSIGNED DEFAULT NULL,
  `wymiar_ochronny` int(10) UNSIGNED DEFAULT NULL
) ENGINE=InnoDB DEFAULT CHARSET=latin1;

--
-- Zrzut danych tabeli `okres_ochronny`
--

INSERT INTO `okres_ochronny` (`id`, `Ryby_id`, `od_miesiaca`, `do_miesiaca`, `wymiar_ochronny`) VALUES
(1, 1, 1, 4, 50),
(2, 2, 0, 0, 30),
(3, 3, 1, 5, 50),
(4, 4, 0, 0, 15),
(5, 5, 11, 6, 70),
(6, 6, 0, 0, 0),
(7, 7, 0, 0, 0),
(8, 8, 0, 0, 25);

-- --------------------------------------------------------

--
-- Struktura tabeli dla tabeli `ryby`
--

CREATE TABLE `ryby` (
  `id` int(10) UNSIGNED NOT NULL,
  `nazwa` text DEFAULT NULL,
  `wystepowanie` text DEFAULT NULL,
  `styl_zycia` int(11) DEFAULT NULL
) ENGINE=InnoDB DEFAULT CHARSET=latin1;

--
-- Zrzut danych tabeli `ryby`
--

INSERT INTO `ryby` (`id`, `nazwa`, `wystepowanie`, `styl_zycia`) VALUES
(1, 'Szczupak', 'stawy, rzeki', 1),
(2, 'Karp', 'stawy, jeziora', 2),
(3, 'Sandacz', 'stawy, jeziora, rzeki', 1),
(4, 'Okon', 'rzeki', 1),
(5, 'Sum', 'jeziora, rzeki', 1),
(6, 'Dorsz', 'morza, oceany', 1),
(7, 'Leszcz', 'jeziora', 2),
(8, 'Lin', 'jeziora', 2);

-- --------------------------------------------------------

--
-- Struktura tabeli dla tabeli `samochody`
--

CREATE TABLE `samochody` (
  `id` int(10) UNSIGNED NOT NULL,
  `marka` text DEFAULT NULL,
  `model` text DEFAULT NULL,
  `rocznik` year(4) DEFAULT NULL,
  `kolor` text DEFAULT NULL,
  `stan` text DEFAULT NULL
) ENGINE=InnoDB DEFAULT CHARSET=latin1;

--
-- Zrzut danych tabeli `samochody`
--

INSERT INTO `samochody` (`id`, `marka`, `model`, `rocznik`, `kolor`, `stan`) VALUES
(1, 'Fiat', 'Punto', 2016, 'czerwony', 'bardzo dobry'),
(2, 'Fiat', 'Punto', 2002, 'czerwony', 'dobry'),
(3, 'Fiat', 'Punto', 2007, 'niebieski', 'bardzo bobry'),
(4, 'Opel', 'Corsa', 2016, 'grafitowy', 'bardzo dobry'),
(5, 'Opel', 'Astra', 2003, 'niebieski', 'porysowany lakier'),
(6, 'Toyota', 'Corolla', 2016, 'czerwony', 'bardzo dobry'),
(7, 'Toyota', 'Corolla', 2014, 'szary', 'dobry'),
(8, 'Toyota', 'Yaris', 2004, 'granatowy', 'dobry');

-- --------------------------------------------------------

--
-- Struktura tabeli dla tabeli `typy`
--

CREATE TABLE `typy` (
  `id` int(10) UNSIGNED NOT NULL,
  `kategoria` text DEFAULT NULL
) ENGINE=InnoDB DEFAULT CHARSET=latin1;

--
-- Zrzut danych tabeli `typy`
--

INSERT INTO `typy` (`id`, `kategoria`) VALUES
(1, 'Procesor'),
(2, 'RAM'),
(5, 'karta graficzna'),
(6, 'HDD');

-- --------------------------------------------------------

--
-- Struktura tabeli dla tabeli `uczniowie`
--

CREATE TABLE `uczniowie` (
  `imie` text DEFAULT NULL,
  `nazwisko` text DEFAULT NULL,
  `wiek` int(11) DEFAULT NULL
) ENGINE=InnoDB DEFAULT CHARSET=latin1;

--
-- Zrzut danych tabeli `uczniowie`
--

INSERT INTO `uczniowie` (`imie`, `nazwisko`, `wiek`) VALUES
('Kamil', 'Ryba', 11),
('Karolina', 'Witecka', 8),
('Karol', 'Rybacki', 9),
('Marina', 'Damiencka', 9);

-- --------------------------------------------------------

--
-- Struktura tabeli dla tabeli `uzytkownik`
--

CREATE TABLE `uzytkownik` (
  `id` int(10) UNSIGNED NOT NULL,
  `imie` text DEFAULT NULL,
  `nazwisko` text DEFAULT NULL,
  `telefon` text DEFAULT NULL,
  `email` text DEFAULT NULL
) ENGINE=InnoDB DEFAULT CHARSET=latin1;

--
-- Zrzut danych tabeli `uzytkownik`
--

INSERT INTO `uzytkownik` (`id`, `imie`, `nazwisko`, `telefon`, `email`) VALUES
(1, 'Anna', 'Kowalska', '601601601', 'anna@poczta.pl'),
(2, 'Jan', 'Nowak', '608608608', 'jan@poczta.pl'),
(3, 'Jolanta', 'Jasny', '606606606', 'jolanta@poczta.pl'),
(4, 'qqq', 'www', '345', 'dsfsdklfs@daskl');

-- --------------------------------------------------------

--
-- Struktura tabeli dla tabeli `wyniki`
--

CREATE TABLE `wyniki` (
  `id` int(10) UNSIGNED NOT NULL,
  `dyscyplina_id` int(10) UNSIGNED NOT NULL,
  `sportowiec_id` int(10) UNSIGNED NOT NULL,
  `wynik` decimal(5,2) DEFAULT NULL,
  `dataUstanowienia` date DEFAULT NULL
) ENGINE=InnoDB DEFAULT CHARSET=latin1;

--
-- Zrzut danych tabeli `wyniki`
--

INSERT INTO `wyniki` (`id`, `dyscyplina_id`, `sportowiec_id`, `wynik`, `dataUstanowienia`) VALUES
(1, 1, 1, '12.40', '2015-10-14'),
(2, 1, 1, '12.00', '2015-10-06'),
(3, 1, 2, '11.80', '2015-10-14'),
(4, 1, 2, '11.90', '2015-10-06'),
(5, 1, 3, '11.50', '2015-10-14'),
(6, 1, 3, '11.56', '2015-10-06'),
(7, 1, 4, '11.70', '2015-10-14'),
(8, 1, 4, '11.67', '2015-10-06'),
(9, 1, 5, '11.30', '2015-10-14'),
(10, 1, 5, '11.52', '2015-10-06'),
(11, 1, 6, '12.10', '2015-10-14'),
(12, 1, 6, '12.00', '2015-10-06'),
(13, 3, 1, '63.00', '2015-11-11'),
(14, 3, 1, '63.60', '2015-10-13'),
(15, 3, 2, '64.00', '2015-11-11'),
(16, 3, 2, '63.60', '2015-10-13'),
(17, 3, 3, '60.00', '2015-11-11'),
(18, 3, 3, '61.60', '2015-10-13'),
(19, 3, 4, '63.50', '2015-11-11'),
(20, 3, 4, '63.60', '2015-10-13'),
(21, 3, 5, '70.00', '2015-10-07'),
(22, 3, 6, '68.00', '2015-10-07');

-- --------------------------------------------------------

--
-- Struktura tabeli dla tabeli `zamowienia`
--

CREATE TABLE `zamowienia` (
  `id` int(10) UNSIGNED NOT NULL,
  `Samochody_id` int(10) UNSIGNED NOT NULL,
  `Klient` text DEFAULT NULL,
  `telefon` text DEFAULT NULL,
  `dataZam` date DEFAULT NULL
) ENGINE=InnoDB DEFAULT CHARSET=latin1;

--
-- Zrzut danych tabeli `zamowienia`
--

INSERT INTO `zamowienia` (`id`, `Samochody_id`, `Klient`, `telefon`, `dataZam`) VALUES
(1, 3, 'Anna Kowalska', '111222333', '2016-02-15'),
(2, 6, 'Jan Nowakowski', '222111333', '2016-02-15'),
(3, 8, 'Marcin Kolwal', '333111222', '2016-02-15');

-- --------------------------------------------------------

--
-- Struktura tabeli dla tabeli `zawody_wedkarskie`
--

CREATE TABLE `zawody_wedkarskie` (
  `id` int(10) UNSIGNED NOT NULL,
  `Karty_wedkarskie_id` int(10) UNSIGNED NOT NULL,
  `Lowisko_id` int(10) UNSIGNED NOT NULL,
  `data_zawodow` date DEFAULT NULL,
  `sedzia` text DEFAULT NULL
) ENGINE=InnoDB DEFAULT CHARSET=latin1;

--
-- Zrzut danych tabeli `zawody_wedkarskie`
--

INSERT INTO `zawody_wedkarskie` (`id`, `Karty_wedkarskie_id`, `Lowisko_id`, `data_zawodow`, `sedzia`) VALUES
(1, 1, 3, '2018-04-12', 'Jan Kowalewski'),
(2, 1, 5, '2018-05-01', 'Jan Kowalewski'),
(3, 1, 2, '2018-06-01', 'Jan Kowalewski'),
(4, 2, 1, '2018-06-21', 'Krzysztof Dobrowolski'),
(5, 2, 4, '2018-09-28', 'Tomasz Kowal'),
(6, 0, 10, '2021-03-30', 'PafcioXD');

--
-- Indeksy dla zrzutów tabel
--

--
-- Indeksy dla tabeli `karty_wedkarskie`
--
ALTER TABLE `karty_wedkarskie`
  ADD PRIMARY KEY (`id`);

--
-- Indeksy dla tabeli `lowisko`
--
ALTER TABLE `lowisko`
  ADD PRIMARY KEY (`id`);

--
-- Indeksy dla tabeli `okres_ochronny`
--
ALTER TABLE `okres_ochronny`
  ADD PRIMARY KEY (`id`);

--
-- Indeksy dla tabeli `ryby`
--
ALTER TABLE `ryby`
  ADD PRIMARY KEY (`id`);

--
-- Indeksy dla tabeli `samochody`
--
ALTER TABLE `samochody`
  ADD PRIMARY KEY (`id`);

--
-- Indeksy dla tabeli `typy`
--
ALTER TABLE `typy`
  ADD PRIMARY KEY (`id`);

--
-- Indeksy dla tabeli `uzytkownik`
--
ALTER TABLE `uzytkownik`
  ADD PRIMARY KEY (`id`);

--
-- Indeksy dla tabeli `wyniki`
--
ALTER TABLE `wyniki`
  ADD PRIMARY KEY (`id`);

--
-- Indeksy dla tabeli `zamowienia`
--
ALTER TABLE `zamowienia`
  ADD PRIMARY KEY (`id`);

--
-- Indeksy dla tabeli `zawody_wedkarskie`
--
ALTER TABLE `zawody_wedkarskie`
  ADD PRIMARY KEY (`id`);

--
-- AUTO_INCREMENT dla zrzuconych tabel
--

--
-- AUTO_INCREMENT dla tabeli `karty_wedkarskie`
--
ALTER TABLE `karty_wedkarskie`
  MODIFY `id` int(10) UNSIGNED NOT NULL AUTO_INCREMENT, AUTO_INCREMENT=3;

--
-- AUTO_INCREMENT dla tabeli `lowisko`
--
ALTER TABLE `lowisko`
  MODIFY `id` int(10) UNSIGNED NOT NULL AUTO_INCREMENT, AUTO_INCREMENT=7;

--
-- AUTO_INCREMENT dla tabeli `okres_ochronny`
--
ALTER TABLE `okres_ochronny`
  MODIFY `id` int(10) UNSIGNED NOT NULL AUTO_INCREMENT, AUTO_INCREMENT=9;

--
-- AUTO_INCREMENT dla tabeli `ryby`
--
ALTER TABLE `ryby`
  MODIFY `id` int(10) UNSIGNED NOT NULL AUTO_INCREMENT, AUTO_INCREMENT=9;

--
-- AUTO_INCREMENT dla tabeli `samochody`
--
ALTER TABLE `samochody`
  MODIFY `id` int(10) UNSIGNED NOT NULL AUTO_INCREMENT, AUTO_INCREMENT=9;

--
-- AUTO_INCREMENT dla tabeli `typy`
--
ALTER TABLE `typy`
  MODIFY `id` int(10) UNSIGNED NOT NULL AUTO_INCREMENT, AUTO_INCREMENT=7;

--
-- AUTO_INCREMENT dla tabeli `uzytkownik`
--
ALTER TABLE `uzytkownik`
  MODIFY `id` int(10) UNSIGNED NOT NULL AUTO_INCREMENT, AUTO_INCREMENT=5;

--
-- AUTO_INCREMENT dla tabeli `wyniki`
--
ALTER TABLE `wyniki`
  MODIFY `id` int(10) UNSIGNED NOT NULL AUTO_INCREMENT, AUTO_INCREMENT=23;

--
-- AUTO_INCREMENT dla tabeli `zamowienia`
--
ALTER TABLE `zamowienia`
  MODIFY `id` int(10) UNSIGNED NOT NULL AUTO_INCREMENT, AUTO_INCREMENT=4;

--
-- AUTO_INCREMENT dla tabeli `zawody_wedkarskie`
--
ALTER TABLE `zawody_wedkarskie`
  MODIFY `id` int(10) UNSIGNED NOT NULL AUTO_INCREMENT, AUTO_INCREMENT=7;
--
-- Baza danych: `wedkowanie`
--
CREATE DATABASE IF NOT EXISTS `wedkowanie` DEFAULT CHARACTER SET utf8 COLLATE utf8_polish_ci;
USE `wedkowanie`;

-- --------------------------------------------------------

--
-- Struktura tabeli dla tabeli `lowisko`
--

CREATE TABLE `lowisko` (
  `id` int(10) UNSIGNED NOT NULL,
  `Ryby_id` int(10) UNSIGNED NOT NULL,
  `akwen` text DEFAULT NULL,
  `wojewodztwo` text DEFAULT NULL,
  `rodzaj` int(10) UNSIGNED DEFAULT NULL
) ENGINE=InnoDB DEFAULT CHARSET=latin1;

--
-- Zrzut danych tabeli `lowisko`
--

INSERT INTO `lowisko` (`id`, `Ryby_id`, `akwen`, `wojewodztwo`, `rodzaj`) VALUES
(1, 2, 'Zalew Wegrowski', 'Mazowieckie', 4),
(2, 3, 'Zbiornik Bukowka', 'Dolnoslaskie', 2),
(3, 2, 'Jeziorko Bartbetowskie', 'Warminsko-Mazurskie', 2),
(4, 1, 'Warta-Obrzycko', 'Wielkopolskie', 3),
(5, 2, 'Stawy Milkow', 'Podkarpackie', 5),
(6, 7, 'Przemsza k. Okradzinowa', 'Slaskie', 3);

-- --------------------------------------------------------

--
-- Struktura tabeli dla tabeli `okres_ochronny`
--

CREATE TABLE `okres_ochronny` (
  `id` int(10) UNSIGNED NOT NULL,
  `Ryby_id` int(10) UNSIGNED NOT NULL,
  `od_miesiaca` int(10) UNSIGNED DEFAULT NULL,
  `do_miesiaca` int(10) UNSIGNED DEFAULT NULL,
  `wymiar_ochronny` int(10) UNSIGNED DEFAULT NULL
) ENGINE=InnoDB DEFAULT CHARSET=latin1;

--
-- Zrzut danych tabeli `okres_ochronny`
--

INSERT INTO `okres_ochronny` (`id`, `Ryby_id`, `od_miesiaca`, `do_miesiaca`, `wymiar_ochronny`) VALUES
(1, 1, 1, 4, 50),
(2, 2, 0, 0, 30),
(3, 3, 1, 5, 50),
(4, 4, 0, 0, 15),
(5, 5, 11, 6, 70),
(6, 6, 0, 0, 0),
(7, 7, 0, 0, 0),
(8, 8, 0, 0, 25);

-- --------------------------------------------------------

--
-- Struktura tabeli dla tabeli `ryby`
--

CREATE TABLE `ryby` (
  `id` int(10) UNSIGNED NOT NULL,
  `nazwa` text DEFAULT NULL,
  `wystepowanie` text DEFAULT NULL,
  `styl_zycia` int(11) DEFAULT NULL,
  `dobowy_limit` int(11) DEFAULT NULL
) ENGINE=InnoDB DEFAULT CHARSET=latin1;

--
-- Zrzut danych tabeli `ryby`
--

INSERT INTO `ryby` (`id`, `nazwa`, `wystepowanie`, `styl_zycia`, `dobowy_limit`) VALUES
(1, 'Szczupak', 'stawy, rzeki', 1, NULL),
(2, 'Karp', 'stawy, jeziora', 2, NULL),
(3, 'Sandacz', 'stawy, jeziora, rzeki', 1, NULL),
(4, 'Okon', 'rzeki', 1, NULL),
(5, 'Sum', 'jeziora, rzeki', 1, NULL),
(6, 'Dorsz', 'morza, oceany', 1, NULL),
(7, 'Leszcz', 'jeziora', 2, NULL),
(8, 'Lin', 'jeziora', 2, NULL);

-- --------------------------------------------------------

--
-- Struktura tabeli dla tabeli `samochody`
--

CREATE TABLE `samochody` (
  `id` int(10) UNSIGNED NOT NULL,
  `marka` text DEFAULT NULL,
  `model` text DEFAULT NULL,
  `rocznik` year(4) DEFAULT NULL,
  `kolor` text DEFAULT NULL,
  `stan` text DEFAULT NULL
) ENGINE=InnoDB DEFAULT CHARSET=latin1;

--
-- Zrzut danych tabeli `samochody`
--

INSERT INTO `samochody` (`id`, `marka`, `model`, `rocznik`, `kolor`, `stan`) VALUES
(1, 'Fiat', 'Punto', 2016, 'czerwony', 'bardzo dobry'),
(2, 'Fiat', 'Punto', 2002, 'czerwony', 'dobry'),
(3, 'Fiat', 'Punto', 2007, 'niebieski', 'bardzo bobry'),
(4, 'Opel', 'Corsa', 2016, 'grafitowy', 'bardzo dobry'),
(5, 'Opel', 'Astra', 2003, 'niebieski', 'porysowany lakier'),
(6, 'Toyota', 'Corolla', 2016, 'czerwony', 'bardzo dobry'),
(7, 'Toyota', 'Corolla', 2014, 'szary', 'dobry'),
(8, 'Toyota', 'Yaris', 2004, 'granatowy', 'dobry');

-- --------------------------------------------------------

--
-- Struktura tabeli dla tabeli `typy`
--

CREATE TABLE `typy` (
  `id` int(10) UNSIGNED NOT NULL,
  `kategoria` text DEFAULT NULL
) ENGINE=InnoDB DEFAULT CHARSET=latin1;

--
-- Zrzut danych tabeli `typy`
--

INSERT INTO `typy` (`id`, `kategoria`) VALUES
(1, 'Procesor'),
(2, 'RAM'),
(5, 'karta graficzna'),
(6, 'HDD');

-- --------------------------------------------------------

--
-- Struktura tabeli dla tabeli `uczniowie`
--

CREATE TABLE `uczniowie` (
  `imie` text DEFAULT NULL,
  `nazwisko` text DEFAULT NULL,
  `wiek` int(11) DEFAULT NULL
) ENGINE=InnoDB DEFAULT CHARSET=latin1;

--
-- Zrzut danych tabeli `uczniowie`
--

INSERT INTO `uczniowie` (`imie`, `nazwisko`, `wiek`) VALUES
('Kamil', 'Ryba', 11),
('Karolina', 'Witecka', 8),
('Karol', 'Rybacki', 9),
('Marina', 'Damiencka', 9);

-- --------------------------------------------------------

--
-- Struktura tabeli dla tabeli `uzytkownik`
--

CREATE TABLE `uzytkownik` (
  `id` int(10) UNSIGNED NOT NULL,
  `imie` text DEFAULT NULL,
  `nazwisko` text DEFAULT NULL,
  `telefon` text DEFAULT NULL,
  `email` text DEFAULT NULL
) ENGINE=InnoDB DEFAULT CHARSET=latin1;

--
-- Zrzut danych tabeli `uzytkownik`
--

INSERT INTO `uzytkownik` (`id`, `imie`, `nazwisko`, `telefon`, `email`) VALUES
(1, 'Anna', 'Kowalska', '601601601', 'anna@poczta.pl'),
(2, 'Jan', 'Nowak', '608608608', 'jan@poczta.pl'),
(3, 'Jolanta', 'Jasny', '606606606', 'jolanta@poczta.pl'),
(4, 'qqq', 'www', '345', 'dsfsdklfs@daskl');

-- --------------------------------------------------------

--
-- Struktura tabeli dla tabeli `wyniki`
--

CREATE TABLE `wyniki` (
  `id` int(10) UNSIGNED NOT NULL,
  `dyscyplina_id` int(10) UNSIGNED NOT NULL,
  `sportowiec_id` int(10) UNSIGNED NOT NULL,
  `wynik` decimal(5,2) DEFAULT NULL,
  `dataUstanowienia` date DEFAULT NULL
) ENGINE=InnoDB DEFAULT CHARSET=latin1;

--
-- Zrzut danych tabeli `wyniki`
--

INSERT INTO `wyniki` (`id`, `dyscyplina_id`, `sportowiec_id`, `wynik`, `dataUstanowienia`) VALUES
(1, 1, 1, '12.40', '2015-10-14'),
(2, 1, 1, '12.00', '2015-10-06'),
(3, 1, 2, '11.80', '2015-10-14'),
(4, 1, 2, '11.90', '2015-10-06'),
(5, 1, 3, '11.50', '2015-10-14'),
(6, 1, 3, '11.56', '2015-10-06'),
(7, 1, 4, '11.70', '2015-10-14'),
(8, 1, 4, '11.67', '2015-10-06'),
(9, 1, 5, '11.30', '2015-10-14'),
(10, 1, 5, '11.52', '2015-10-06'),
(11, 1, 6, '12.10', '2015-10-14'),
(12, 1, 6, '12.00', '2015-10-06'),
(13, 3, 1, '63.00', '2015-11-11'),
(14, 3, 1, '63.60', '2015-10-13'),
(15, 3, 2, '64.00', '2015-11-11'),
(16, 3, 2, '63.60', '2015-10-13'),
(17, 3, 3, '60.00', '2015-11-11'),
(18, 3, 3, '61.60', '2015-10-13'),
(19, 3, 4, '63.50', '2015-11-11'),
(20, 3, 4, '63.60', '2015-10-13'),
(21, 3, 5, '70.00', '2015-10-07'),
(22, 3, 6, '68.00', '2015-10-07');

-- --------------------------------------------------------

--
-- Struktura tabeli dla tabeli `zamowienia`
--

CREATE TABLE `zamowienia` (
  `id` int(10) UNSIGNED NOT NULL,
  `Samochody_id` int(10) UNSIGNED NOT NULL,
  `Klient` text DEFAULT NULL,
  `telefon` text DEFAULT NULL,
  `dataZam` date DEFAULT NULL
) ENGINE=InnoDB DEFAULT CHARSET=latin1;

--
-- Zrzut danych tabeli `zamowienia`
--

INSERT INTO `zamowienia` (`id`, `Samochody_id`, `Klient`, `telefon`, `dataZam`) VALUES
(1, 3, 'Anna Kowalska', '111222333', '2016-02-15'),
(2, 6, 'Jan Nowakowski', '222111333', '2016-02-15'),
(3, 8, 'Marcin Kolwal', '333111222', '2016-02-15');

--
-- Indeksy dla zrzutów tabel
--

--
-- Indeksy dla tabeli `lowisko`
--
ALTER TABLE `lowisko`
  ADD PRIMARY KEY (`id`);

--
-- Indeksy dla tabeli `okres_ochronny`
--
ALTER TABLE `okres_ochronny`
  ADD PRIMARY KEY (`id`);

--
-- Indeksy dla tabeli `ryby`
--
ALTER TABLE `ryby`
  ADD PRIMARY KEY (`id`);

--
-- Indeksy dla tabeli `samochody`
--
ALTER TABLE `samochody`
  ADD PRIMARY KEY (`id`);

--
-- Indeksy dla tabeli `typy`
--
ALTER TABLE `typy`
  ADD PRIMARY KEY (`id`);

--
-- Indeksy dla tabeli `uzytkownik`
--
ALTER TABLE `uzytkownik`
  ADD PRIMARY KEY (`id`);

--
-- Indeksy dla tabeli `wyniki`
--
ALTER TABLE `wyniki`
  ADD PRIMARY KEY (`id`);

--
-- Indeksy dla tabeli `zamowienia`
--
ALTER TABLE `zamowienia`
  ADD PRIMARY KEY (`id`);

--
-- AUTO_INCREMENT dla zrzuconych tabel
--

--
-- AUTO_INCREMENT dla tabeli `lowisko`
--
ALTER TABLE `lowisko`
  MODIFY `id` int(10) UNSIGNED NOT NULL AUTO_INCREMENT, AUTO_INCREMENT=7;

--
-- AUTO_INCREMENT dla tabeli `okres_ochronny`
--
ALTER TABLE `okres_ochronny`
  MODIFY `id` int(10) UNSIGNED NOT NULL AUTO_INCREMENT, AUTO_INCREMENT=9;

--
-- AUTO_INCREMENT dla tabeli `ryby`
--
ALTER TABLE `ryby`
  MODIFY `id` int(10) UNSIGNED NOT NULL AUTO_INCREMENT, AUTO_INCREMENT=9;

--
-- AUTO_INCREMENT dla tabeli `samochody`
--
ALTER TABLE `samochody`
  MODIFY `id` int(10) UNSIGNED NOT NULL AUTO_INCREMENT, AUTO_INCREMENT=9;

--
-- AUTO_INCREMENT dla tabeli `typy`
--
ALTER TABLE `typy`
  MODIFY `id` int(10) UNSIGNED NOT NULL AUTO_INCREMENT, AUTO_INCREMENT=7;

--
-- AUTO_INCREMENT dla tabeli `uzytkownik`
--
ALTER TABLE `uzytkownik`
  MODIFY `id` int(10) UNSIGNED NOT NULL AUTO_INCREMENT, AUTO_INCREMENT=5;

--
-- AUTO_INCREMENT dla tabeli `wyniki`
--
ALTER TABLE `wyniki`
  MODIFY `id` int(10) UNSIGNED NOT NULL AUTO_INCREMENT, AUTO_INCREMENT=23;

--
-- AUTO_INCREMENT dla tabeli `zamowienia`
--
ALTER TABLE `zamowienia`
  MODIFY `id` int(10) UNSIGNED NOT NULL AUTO_INCREMENT, AUTO_INCREMENT=4;
COMMIT;

/*!40101 SET CHARACTER_SET_CLIENT=@OLD_CHARACTER_SET_CLIENT */;
/*!40101 SET CHARACTER_SET_RESULTS=@OLD_CHARACTER_SET_RESULTS */;
/*!40101 SET COLLATION_CONNECTION=@OLD_COLLATION_CONNECTION */;
